,date,open,high,low,close,volume,turnover
1746,2021-07-05,35225.48,35239.23,33187.09,33704.41,13.578128,465619.06171732
1745,2021-07-06,33704.41,35098.33,33578.49,34224.45,3.802583,130161.32053056
1744,2021-07-07,34224.45,35008.17,33800.68,33865.3,4.92434,169941.81730696
1743,2021-07-08,33865.3,33921.53,32235.82,32892.17,18.33107,599444.01601145
1742,2021-07-09,32892.17,34077.01,32307.11,33815.88,9.554352,316174.10759636
1741,2021-07-10,33815.88,34233.49,33055.38,33509.32,4.168134,140604.53685983
1740,2021-07-11,33509.32,34586.63,33326.11,34246.51,13.776442,467099.43531046
1739,2021-07-12,34246.51,34650.0,32665.68,33109.63,13.101666,435280.19288345
1738,2021-07-13,33109.63,33324.49,32206.81,32715.61,12.811375,421642.3920268
1737,2021-07-14,32715.61,33074.3,31605.25,32823.9,11.78523,380449.31344244
1736,2021-07-15,32823.9,33167.42,31150.0,31861.82,49.931742,1587363.04941004
1735,2021-07-16,31861.82,32235.05,31042.08,31390.98,49.591002,1572089.6654981
1734,2021-07-17,31390.98,31970.57,31170.0,31512.99,16.499096,519700.36284282
1733,2021-07-18,31512.99,32416.17,31150.0,31778.75,51.190212,1624703.8292661
1732,2021-07-19,31778.75,31891.94,30469.5,30819.86,45.645321,1415999.76335522
1731,2021-07-20,30819.86,31050.0,29314.77,29782.8,115.334421,3439814.62220021
1730,2021-07-21,29782.8,32817.63,29513.9,32137.21,103.9724,3275633.37623013
1729,2021-07-22,32137.21,32496.63,31728.28,32310.43,49.528767,1591089.67464281
1728,2021-07-23,32310.43,33631.55,32013.22,33631.55,67.196901,2197272.83064912
1727,2021-07-24,33631.55,34467.08,33409.59,34270.0,62.298059,2105199.4953865
1726,2021-07-25,34270.0,35386.12,33864.49,35348.21,87.532324,3014452.84640137
1725,2021-07-26,35348.21,40564.19,35242.89,37252.28,284.339773,10873765.55771645
1724,2021-07-27,37252.28,39500.0,36410.5,39500.0,152.052798,5739165.48887707
1723,2021-07-28,39500.0,40889.15,38800.01,39987.87,181.90394,7251512.06385664
1722,2021-07-29,39987.87,40612.3,39292.52,40015.2,97.664092,3896644.98251359
1721,2021-07-30,40015.2,42290.0,38328.58,42195.18,193.017448,7673764.55381353
1720,2021-07-31,42195.18,42359.76,41040.89,41447.67,97.528106,4063997.09578545
1719,2021-08-01,41447.67,42566.0,39462.33,39851.08,140.451913,5778125.20601077
1718,2021-08-02,39851.08,40452.47,38691.0,39144.91,143.550949,5674236.08870132
1717,2021-08-03,39144.91,39771.94,37661.2,38210.87,120.750935,4637803.2755102
1716,2021-08-04,38210.87,39955.86,37551.94,39738.46,126.630748,4928081.86087145
1715,2021-08-05,39738.46,41353.0,37348.85,40864.26,215.362454,8463112.18035584
1714,2021-08-06,40864.26,43367.66,39900.01,42831.88,158.525493,6571388.5241617
1713,2021-08-07,42831.88,44705.58,42500.0,44578.65,237.590431,10342098.62137394
1712,2021-08-08,44578.65,45281.85,43296.16,43807.74,191.475897,8483736.98381498
1711,2021-08-09,43807.74,46466.92,42820.94,46285.33,240.183492,10812087.82376971
1710,2021-08-10,46285.33,46750.0,44650.0,45585.67,176.307778,8023459.75021313
1709,2021-08-11,45585.67,46595.92,45349.31,45543.0,136.428802,6275952.02923862
1708,2021-08-12,45543.0,46207.82,43790.8,44412.0,170.489342,7632164.89591317
1707,2021-08-13,44412.0,47865.28,44243.99,47807.6,158.11131,7331247.26143713
1706,2021-08-14,47807.6,48107.0,46029.73,47037.53,192.779991,9064660.63032565
1705,2021-08-15,47037.53,47336.25,45507.0,46979.44,139.139401,6442524.47533528
1704,2021-08-16,46979.44,48016.54,45657.69,45913.29,207.229123,9726139.79178982
1703,2021-08-17,45913.29,47138.09,44412.0,44676.76,211.227177,9670474.89028014
1702,2021-08-18,44676.76,45930.0,44218.24,44635.35,227.924747,10286706.07391948
1701,2021-08-19,44635.35,47001.35,43950.0,46753.83,230.822202,10455959.04117811
1700,2021-08-20,46753.83,49338.0,46629.54,49301.43,260.425931,12462812.49267966
1699,2021-08-21,49301.43,49731.15,48171.57,48772.59,132.869856,6500925.85457926
1698,2021-08-22,48772.59,49506.7,48074.56,49223.35,132.608239,6471911.77505594
1697,2021-08-23,49223.35,50424.0,49022.0,49519.22,229.063926,11427242.01553351
1696,2021-08-24,49519.22,49790.14,47525.41,47671.53,215.420646,10504541.36930596
1695,2021-08-25,47671.53,49245.14,47120.0,48996.42,205.688869,9907061.04466961
1694,2021-08-26,48996.42,49344.29,46323.43,46822.44,176.035044,8317426.60545521
1693,2021-08-27,46822.44,49089.0,46338.71,49037.99,179.847809,8625626.58502545
1692,2021-08-28,49037.99,49257.4,48352.9,48884.84,147.818635,7224965.03654858
1691,2021-08-29,48884.84,49614.36,47800.0,48756.58,125.332522,6092212.65307796
1690,2021-08-30,48756.58,48873.18,46864.01,46986.26,177.492634,8500998.74091836
1689,2021-08-31,46986.26,48200.0,46700.0,47103.33,274.37544,12979845.30892639
1688,2021-09-01,47103.33,49059.99,46500.0,48783.19,179.998962,8590117.82829317
1687,2021-09-02,48783.19,50326.95,48558.75,49231.18,292.562294,14530831.04387024
1686,2021-09-03,49231.18,50987.0,48358.37,49973.87,313.834521,15695363.8110566
1685,2021-09-04,49973.87,50550.0,49400.0,49919.82,186.580609,9335957.17190948
1684,2021-09-05,49919.82,51836.71,49485.03,51726.73,231.26447,11723610.61404824
1683,2021-09-06,51726.73,52662.73,50963.72,52586.77,257.346181,13308232.98782187
1682,2021-09-07,52586.77,52818.37,43000.0,46729.2,645.126118,31138071.46454897
1681,2021-09-08,46729.2,47299.87,44436.94,46014.25,407.756328,18811726.02696816
1680,2021-09-09,46014.25,47338.87,45508.88,46358.44,288.664531,13394202.18936894
1679,2021-09-10,46358.44,46998.0,44150.0,44830.7,369.397501,16907345.44531995
1678,2021-09-11,44830.7,45943.71,44727.84,45131.32,289.418999,13110344.44153312
1677,2021-09-12,45131.32,46377.51,44713.09,45986.0,254.371103,11592128.05251026
1676,2021-09-13,45986.0,46782.0,43381.99,44910.13,476.493014,21310166.29822948
1675,2021-09-14,44910.13,47233.76,44590.01,47100.0,340.498618,15738681.80302288
1674,2021-09-15,47100.0,48444.0,46686.86,48128.25,302.601632,14401236.09838217
1673,2021-09-16,48128.25,48470.0,47020.51,47729.93,262.464978,12555346.71381928
1672,2021-09-17,47729.93,48142.22,46750.01,47290.58,227.556339,10809013.21506057
1671,2021-09-18,47290.58,48773.78,47058.1,48272.38,185.709749,8954097.94449346
1670,2021-09-19,48272.38,48328.8,46864.83,47252.31,180.834669,8624101.79933573
1669,2021-09-20,47252.31,47338.82,42523.37,43049.82,531.465973,23509851.54162845
1668,2021-09-21,43049.82,43600.3,39632.1,40717.22,768.442768,32206714.10602254
1667,2021-09-22,40717.22,43989.99,40572.28,43514.57,368.823524,15688067.7918568
1666,2021-09-23,43514.57,44931.18,43043.57,44811.07,294.205773,12951288.85474374
1665,2021-09-24,44811.07,45100.99,40735.01,42804.98,472.905144,20147802.28927743
1664,2021-09-25,42804.98,42950.69,41642.65,42665.0,191.811663,8146644.43298754
1663,2021-09-26,42665.0,43876.81,40767.63,43127.93,324.542433,13757681.29490271
1662,2021-09-27,43127.93,44285.56,42112.08,42149.18,244.021722,10595937.34575875
1661,2021-09-28,42149.18,42753.37,40884.38,41028.29,254.164305,10639244.62827894
1660,2021-09-29,41028.29,42577.27,40769.0,41512.51,301.226587,12602054.3594842
1659,2021-09-30,41512.51,44067.0,41402.52,43801.54,335.265109,14500035.16712148
1658,2021-10-01,43801.54,48420.0,43283.41,48114.61,525.125568,24328537.7088469
1657,2021-10-02,48114.61,48252.31,47394.19,47641.01,263.122172,12573858.02218561
1656,2021-10-03,47641.01,49240.0,47099.99,48200.0,257.724141,12406515.32824863
1655,2021-10-04,48200.0,49490.0,46930.65,49245.76,913.675792,44237913.49162313
1654,2021-10-05,49245.76,51870.0,49043.88,51473.85,1028.261671,51456882.41851219
1653,2021-10-06,51473.85,55750.0,50400.0,55300.01,1100.045644,58396463.78027931
1652,2021-10-07,55300.01,55313.68,53422.04,53801.17,774.557183,42074706.80156227
1651,2021-10-08,53801.17,56102.37,53660.0,53949.01,825.077233,44960162.38760311
1650,2021-10-09,53949.01,55470.0,53680.01,54934.91,782.695321,42876048.69606606
1649,2021-10-10,54934.91,56550.0,54024.15,54668.53,1019.131803,56200331.72744811
1648,2021-10-11,54668.53,57800.0,54450.0,57506.97,737.101737,41745855.83922055
1647,2021-10-12,57506.97,57631.0,53950.83,55999.63,851.978777,48067401.86884786
1646,2021-10-13,55999.63,57733.52,54253.37,57364.71,908.039309,50856520.73959879
1645,2021-10-14,57364.71,58500.0,56803.97,57343.15,691.736737,39863911.57968805
1644,2021-10-15,57343.15,62790.0,56850.01,61585.55,1006.980643,60597986.93936423
1643,2021-10-16,61585.55,62300.39,60135.0,60863.16,555.703159,34019895.51639679
1642,2021-10-17,60863.16,61700.37,59000.0,61541.87,724.426375,43944996.00969674
1641,2021-10-18,61541.87,62600.0,59830.3,62022.11,795.161235,49023322.2078602
1640,2021-10-19,62022.11,64450.0,61244.06,64224.62,679.630752,42656058.98315605
1639,2021-10-20,64224.62,66934.88,63502.65,65998.65,610.317625,39802635.48075854
1638,2021-10-21,65998.65,66645.39,62077.0,62228.43,1019.22596,65467914.5689014
1637,2021-10-22,62228.43,63702.34,60011.11,60719.0,924.757517,57282170.50976101
1636,2021-10-23,60719.0,61704.21,59700.0,61314.15,553.820131,33792747.13300072
1635,2021-10-24,61314.15,61490.02,59508.0,60873.54,575.617262,34882486.28298428
1634,2021-10-25,60873.54,63709.8,60668.56,63078.41,527.905248,33075306.98773933
1633,2021-10-26,63078.41,63300.0,59900.0,60292.0,541.859274,33512089.14844482
1632,2021-10-27,60292.0,61434.44,58051.0,58485.76,896.591871,53143194.67985605
1631,2021-10-28,58485.76,62500.0,57948.02,60566.68,684.597324,41019988.13583334
1630,2021-10-29,60566.68,62935.25,60200.0,62250.71,380.384472,23406239.7782845
1629,2021-10-30,62250.71,62340.07,60686.29,61793.47,215.66573,13266069.29615523
1628,2021-10-31,61793.47,62352.92,60000.0,61241.16,261.088116,15877274.9245469
1627,2021-11-01,61241.16,62378.38,59439.77,60839.3,281.500271,17204897.79633461
1626,2021-11-02,60839.3,64270.92,60577.52,63182.5,416.920817,26140889.99658407
1625,2021-11-03,63182.5,63483.12,60373.11,62899.86,413.924393,25863040.86745793
1624,2021-11-04,62899.86,63088.61,60676.02,61382.1,291.231769,17980443.26206697
1623,2021-11-05,61382.1,62566.94,60681.51,60947.75,336.575891,20680636.45807605
1622,2021-11-06,60947.75,61550.78,60007.19,61428.16,348.747602,21219540.15757751
1621,2021-11-07,61428.16,63254.16,61300.03,63239.98,274.893108,17073520.65892806
1620,2021-11-08,63239.98,67728.2,63239.98,67465.37,629.783858,41403260.27978387
1619,2021-11-09,67465.37,68469.98,66150.0,66893.63,643.383138,43389169.50859973
1618,2021-11-10,66893.63,68967.21,62870.02,64892.02,906.447101,60230473.97503463
1617,2021-11-11,64892.02,65549.99,64100.0,64719.44,501.693509,32528059.07728015
1616,2021-11-12,64719.44,65367.6,62304.06,64114.27,633.572225,40495554.97664203
1615,2021-11-13,64114.27,64916.63,63333.93,64365.7,308.202522,19765010.13003838
1614,2021-11-14,64365.7,65498.64,63594.01,65475.82,415.204178,26769777.71206014
1613,2021-11-15,65475.82,66293.41,63381.57,63569.18,569.737008,36991772.02079136
1612,2021-11-16,63569.18,63569.18,58568.65,60104.47,1359.14985,82543345.68929812
1611,2021-11-17,60104.47,60757.07,58352.31,60300.53,869.979815,52014108.32184872
1610,2021-11-18,60300.53,60876.3,56505.0,56930.86,1102.925096,64734491.32475118
1609,2021-11-19,56930.86,58345.34,55637.6,58081.7,835.92898,47665564.02906613
1608,2021-11-20,58081.7,59844.27,57399.0,59696.54,485.840542,28503521.00921019
1607,2021-11-21,59696.54,60000.0,58544.02,58658.24,537.007897,31753947.95661847
1606,2021-11-22,58658.24,59398.99,55625.01,56274.98,822.965638,47160320.1342294
1605,2021-11-23,56274.98,57980.0,55378.73,57571.52,729.474983,41536584.82554047
1604,2021-11-24,57571.52,57742.92,55904.28,57165.63,504.890531,28691724.32565612
1603,2021-11-25,57165.63,59378.73,57000.0,58874.68,562.190894,32713167.35879766
1602,2021-11-26,58874.68,59124.89,53500.0,53730.45,1353.858025,74686195.54616766
1601,2021-11-27,53730.45,55279.63,53636.89,54748.69,480.90183,26273441.9920241
1600,2021-11-28,54748.69,57419.85,53272.61,57276.97,719.464883,39494638.96876913
1599,2021-11-29,57276.97,58818.26,56681.05,57749.68,697.040074,40169506.34988747
1598,2021-11-30,57749.68,59160.16,55898.52,56891.82,993.599752,56960429.11568562
1597,2021-12-01,56891.82,58937.15,56435.68,57171.49,1024.10945,58792024.31200574
1596,2021-12-02,57171.49,57338.94,55755.58,56452.9,806.223388,45622874.30123917
1595,2021-12-03,56452.9,57550.0,51662.51,53650.0,1416.324819,78028569.85021253
1594,2021-12-04,53650.0,53850.19,42356.01,49202.39,2571.266073,124091197.70328894
1593,2021-12-05,49202.39,49719.62,47750.0,49371.16,1229.22718,60247136.18012369
1592,2021-12-06,49371.16,50848.55,47070.0,50446.86,1412.518501,68758148.15029867
1591,2021-12-07,50446.86,51899.24,50017.12,50573.81,1123.498982,57250590.33483848
1590,2021-12-08,50573.81,51195.24,48600.0,50438.98,881.633075,44173388.51257148
1589,2021-12-09,50438.98,50765.97,47340.74,47578.87,975.901343,47698584.38993156
1588,2021-12-10,47578.87,50069.0,46904.44,47185.58,1261.645624,60897860.46539657
1587,2021-12-11,47185.58,49486.18,46780.0,49363.33,638.07832,30855362.32270889
1586,2021-12-12,49363.33,50778.0,48664.25,50068.01,633.368056,31448686.45818328
1585,2021-12-13,50068.01,50175.57,45782.44,46692.89,1400.571395,66909898.43989851
1584,2021-12-14,46692.89,48646.96,46294.56,48361.9,1008.947665,47662281.75404538
1583,2021-12-15,48361.9,49473.92,46553.63,48864.41,1412.838744,68039836.70606302
1582,2021-12-16,48864.41,49432.45,47536.12,47635.25,678.538399,33011076.46679433
1581,2021-12-17,47635.25,48003.49,45486.65,46176.1,885.152664,41445348.04766058
1580,2021-12-18,46176.1,47340.29,45510.91,46849.19,580.816332,26996917.39485565
1579,2021-12-19,46849.19,48304.83,46437.15,46681.75,858.51694,40602096.2726759
1578,2021-12-20,46681.75,47500.0,45566.01,46910.34,744.947008,34532473.73189597
1577,2021-12-21,46910.34,49318.01,46651.17,48901.71,1072.469813,52069891.33963858
1576,2021-12-22,48901.71,49554.0,48421.5,48596.73,811.536777,39736884.42858973
1575,2021-12-23,48596.73,51345.67,48031.06,50787.05,1452.390729,72312448.3111394
1574,2021-12-24,50787.05,51822.46,50415.59,50811.54,1522.955519,77765913.49406594
1573,2021-12-25,50811.54,51127.04,50189.0,50404.25,1447.0968,73505007.14199477
1572,2021-12-26,50404.25,51266.53,49420.41,50771.79,1207.320243,60641508.15712903
1571,2021-12-27,50771.79,52072.17,50469.73,50674.5,1881.51612,96194921.7811316
1570,2021-12-28,50674.5,50697.77,47325.65,47540.0,3957.093337,193203909.44213548
1569,2021-12-29,47540.0,48152.43,46086.15,46479.27,2829.059053,134369060.15207016
1568,2021-12-30,46479.27,47907.73,45959.84,47117.73,1495.990106,70350602.59472182
1567,2021-12-31,47117.73,48587.71,45668.58,46198.56,1960.62086,92756288.08027163
1566,2022-01-01,46198.56,47949.99,46198.56,47729.81,1267.849837,59738290.91041904
1565,2022-01-02,47729.81,47974.43,46666.0,47286.53,1167.114272,55173758.32842734
1564,2022-01-03,47286.53,47569.18,45727.44,46450.57,1331.044018,62310932.94558309
1563,2022-01-04,46450.57,47517.97,45572.35,45828.49,1160.030517,53831757.41580269
1562,2022-01-05,45828.49,47045.55,42518.73,43419.31,1682.634323,76547644.28127772
1561,2022-01-06,43419.31,43782.71,42434.63,43097.54,1747.791241,75338115.1902179
1560,2022-01-07,43097.54,43140.22,40625.0,41550.0,1900.137277,79634073.73838672
1559,2022-01-08,41550.0,42300.0,40521.62,41676.13,731.92936,30435577.57875195
1558,2022-01-09,41676.13,42775.7,41215.49,41855.61,653.508305,27408551.19581773
1557,2022-01-10,41855.61,42239.21,39655.01,41819.2,1389.32042,57138002.41666268
1556,2022-01-11,41819.2,43107.79,41261.08,42725.58,1249.436355,52852192.42164392
1555,2022-01-12,42725.58,44291.32,42450.0,43907.95,1226.75935,53258998.87005179
1554,2022-01-13,43907.95,44414.76,42312.4,42570.32,1009.413836,43736547.23530836
1553,2022-01-14,42570.32,43443.07,41761.01,43067.32,1120.230974,47752146.59272768
1552,2022-01-15,43067.32,43791.34,42550.01,43070.0,673.455636,29015557.50486147
1551,2022-01-16,43070.0,43477.37,42600.0,43080.24,567.618805,24447939.25044372
1550,2022-01-17,43080.24,43177.52,41545.35,42203.61,836.904092,35432277.10953009
1549,2022-01-18,42203.61,42666.35,41287.08,42361.25,1107.802138,46383632.71707074
1548,2022-01-19,42361.25,42550.44,41139.25,41650.45,1275.558558,53407469.69646323
1547,2022-01-20,41650.45,43499.98,40580.0,40700.0,1344.186273,56713939.11341153
1546,2022-01-21,40700.0,41104.67,35457.0,36443.48,2916.074421,111522431.7055012
1545,2022-01-22,36443.48,36831.94,34021.01,35047.73,2151.268584,76259517.6003379
1544,2022-01-23,35047.73,36499.0,34629.61,36266.26,786.486142,27858194.22654388
1543,2022-01-24,36266.26,37540.2,32961.52,36667.55,2523.80255,87539239.56414592
1542,2022-01-25,36667.55,37529.98,35715.71,36953.45,1121.807029,41000557.43346237
1541,2022-01-26,36953.45,38903.48,36256.91,36817.96,1467.601021,55069471.70489362
1540,2022-01-27,36817.96,37213.11,35513.34,37200.09,1301.609684,47330975.99604484
1539,2022-01-28,37200.09,37990.0,36163.56,37711.78,1308.561533,48484152.06695431
1538,2022-01-29,37711.78,38749.93,37310.0,38148.85,835.429182,31638244.43567931
1537,2022-01-30,38148.85,38377.14,37360.14,37944.21,652.494489,24732486.1882344
1536,2022-01-31,37944.21,38768.13,36655.0,38454.49,1422.541491,53584122.43914894
1535,2022-02-01,38454.49,39274.99,37978.46,38697.45,1304.355036,50292714.7448373
1534,2022-02-02,38697.45,38858.16,36606.09,36898.91,1242.965677,47047085.23457377
1533,2022-02-03,36898.91,37421.07,36244.75,37306.64,993.738339,36499217.07078183
1532,2022-02-04,37306.64,41703.3,37032.29,41549.33,1715.620839,66958872.96685218
1531,2022-02-05,41549.33,41900.0,40933.97,41369.52,1092.79674,45329836.71458931
1530,2022-02-06,41369.52,42669.98,41124.86,42377.65,696.826581,29046574.26531767
1529,2022-02-07,42377.65,44480.0,41653.86,43823.01,1820.65264,78645671.04185732
1528,2022-02-08,43823.01,45470.0,42666.0,44027.52,2091.155938,91645266.06842743
1527,2022-02-09,44027.52,44799.1,43117.81,44374.57,1849.159864,81229185.61920486
1526,2022-02-10,44374.57,45799.0,43200.0,43486.15,2615.52904,116265786.02026366
1525,2022-02-11,43486.15,43913.02,41962.86,42373.25,2183.277402,94182665.06280562
1524,2022-02-12,42373.25,42990.12,41737.59,42208.29,702.23933,29704306.92872618
1523,2022-02-13,42208.29,42750.0,41871.01,42051.54,739.292748,31301785.23712191
1522,2022-02-14,42051.54,42842.48,41560.66,42532.78,1529.84663,64656108.82870223
1521,2022-02-15,42532.78,44747.61,42415.05,44537.97,1535.568549,67490635.9846849
1520,2022-02-16,44537.97,44545.13,43279.2,43852.75,1082.940949,47577159.32694583
1519,2022-02-17,43852.75,44157.06,40050.0,40538.28,1896.762825,80022513.67295288
1518,2022-02-18,40538.28,40950.03,39437.16,39969.71,1500.174704,60382219.55402693
1517,2022-02-19,39969.71,40447.35,39642.04,40091.28,571.37656,22852653.055124
1516,2022-02-20,40091.28,40112.35,38000.0,38379.6,922.334473,35576007.80469044
1515,2022-02-21,38379.6,39478.12,36788.93,37001.54,2358.966791,90070714.11650956
1514,2022-02-22,37001.54,38419.12,36334.18,38242.38,1837.647049,68851986.47149149
1513,2022-02-23,38242.38,39250.0,37033.48,37222.66,1422.586624,54390704.7706251
1512,2022-02-24,37222.66,39790.0,34311.12,38320.27,3447.056833,124154974.31591804
1511,2022-02-25,38320.27,39682.36,38027.31,39199.35,1619.855918,62955351.82457906
1510,2022-02-26,39199.35,40315.83,38581.0,39104.76,768.381481,30181026.55514739
1509,2022-02-27,39104.76,39858.29,37000.0,37662.03,1313.542721,50600866.46231978
1508,2022-02-28,37662.03,44225.71,37436.93,43178.53,2420.552195,96735477.51250885
1507,2022-03-01,43178.53,44978.55,42834.83,44409.75,1932.448519,84742328.06677172
1506,2022-03-02,44409.75,45338.18,43324.95,43900.44,1591.960403,70265172.25551774
1505,2022-03-03,43900.44,44083.33,41843.94,42467.63,1968.83472,84462862.41716963
1504,2022-03-04,42467.63,42517.19,38522.16,39147.92,4275.329252,174228262.36760247
1503,2022-03-05,39147.92,39601.47,38583.33,39394.11,1587.088609,61990863.69121229
1502,2022-03-06,39394.11,39676.68,38100.0,38387.97,1866.601568,72587044.68346208
1501,2022-03-07,38387.97,39542.38,37155.76,38005.14,3747.458097,143537957.58268753
1500,2022-03-08,38005.14,39368.73,37875.76,38725.35,4207.607882,162690331.92504084
1499,2022-03-09,38725.35,42582.09,38659.83,41941.57,5195.569327,216271547.09961703
1498,2022-03-10,41941.57,42038.48,38529.8,39415.0,6351.181082,251192222.14037764
1497,2022-03-11,39415.0,40232.46,38232.65,38727.01,6369.021624,248694514.0062266
1496,2022-03-12,38727.01,39542.69,38664.14,38795.01,1564.304705,61160805.7510565
1495,2022-03-13,38795.01,39310.76,37580.92,37773.52,1921.267244,74328491.74303623
1494,2022-03-14,37773.52,39930.82,37565.23,39667.58,3231.016435,125206610.34018728
1493,2022-03-15,39667.58,39895.0,38125.01,39275.96,3961.579503,154613641.53590104
1492,2022-03-16,39275.96,41709.99,38825.0,41107.77,7634.908714,307234707.4648737
1491,2022-03-17,41107.77,41460.51,40504.02,40912.43,3865.493959,158090381.45812947
1490,2022-03-18,40912.43,42320.0,40139.64,41751.44,4819.982049,197424730.75326547
1489,2022-03-19,41751.44,42395.24,41500.01,42194.5,4224.352244,176838657.77823296
1488,2022-03-20,42194.5,42283.45,40913.58,41256.06,4742.313777,197067746.70361865
1487,2022-03-21,41256.06,41544.49,40500.0,41000.0,6019.878851,247325243.77729717
1486,2022-03-22,41000.0,43381.59,40870.2,42357.83,6023.188605,255411590.97193694
1485,2022-03-23,42357.83,43025.01,41754.82,42891.39,5052.833905,213673778.14542705
1484,2022-03-24,42891.39,44221.99,42611.0,43991.52,5874.522961,254526181.08930498
1483,2022-03-25,43991.52,45110.0,43566.97,44306.33,4156.157818,184160851.9621007
1482,2022-03-26,44306.33,44796.58,44070.01,44514.73,1638.552355,72742879.23518492
1481,2022-03-27,44514.73,47000.0,44427.28,46841.13,2750.776459,124642662.60178402
1480,2022-03-28,46841.13,48187.75,46651.05,47127.99,2660.701221,125867752.82363492
1479,2022-03-29,47127.99,48100.0,46929.53,47433.63,2492.874291,118547970.91773708
1478,2022-03-30,47433.63,47696.43,46494.49,47057.17,1768.404498,83434015.98175922
1477,2022-03-31,47057.17,47607.91,45201.34,45513.51,2145.493353,99753580.96655267
1476,2022-04-01,45513.51,46700.0,44214.81,46279.92,3274.689283,149005964.68454504
1475,2022-04-02,46279.92,47197.96,45610.0,45806.21,2310.471212,107278440.51498263
1474,2022-04-03,45806.21,47435.89,45529.0,46418.31,1728.474965,80273273.59371468
1473,2022-04-04,46418.31,46884.61,45096.75,46590.38,2421.453932,111397451.49291229
1472,2022-04-05,46590.38,47195.58,45337.27,45488.93,4180.822815,192990147.33843228
1471,2022-04-06,45488.93,45508.0,43114.09,43175.09,5004.900674,222261265.08610028
1470,2022-04-07,43175.09,43898.97,42740.02,43447.67,3904.959633,169601036.75754935
1469,2022-04-08,43447.67,43971.91,42100.0,42276.04,4031.901687,173959296.37419933
1468,2022-04-09,42276.04,42800.68,42117.01,42746.05,1906.673752,80894784.41468167
1467,2022-04-10,42746.05,43413.6,41880.0,42151.82,2338.760482,99761499.39493215
1466,2022-04-11,42151.82,42409.85,39180.89,39524.11,7883.472062,321072985.98437285
1465,2022-04-12,39524.11,40699.99,39254.47,40067.1,5197.294158,207245754.01894864
1464,2022-04-13,40067.1,41544.57,39580.7,41138.2,2367.863126,96225388.73613241
1463,2022-04-14,41138.2,41490.73,39557.21,39953.53,1398.007652,56750670.53563382
1462,2022-04-15,39953.53,40861.03,39770.86,40554.93,1120.824172,45123720.25716769
1461,2022-04-16,40554.93,40700.0,39997.37,40375.27,852.607043,34423305.5310305
1460,2022-04-17,40375.27,40595.68,39545.46,39686.18,1083.408195,43538653.42647931
1459,2022-04-18,39686.18,41099.8,38539.14,40797.06,2537.006852,100941199.4346155
1458,2022-04-19,40797.06,41764.88,40569.1,41495.27,1866.683213,76770601.07944138
1457,2022-04-20,41495.27,42200.0,40828.57,41356.04,2470.742783,102642995.30234723
1456,2022-04-21,41356.04,42972.47,39750.0,40484.32,6185.689675,258091194.23812878
1455,2022-04-22,40484.32,40798.43,39180.01,39707.22,6811.386482,272970667.92302775
1454,2022-04-23,39707.22,39973.36,39284.77,39437.61,1708.01893,67715856.23565067
1453,2022-04-24,39437.61,39935.02,38936.48,39456.9,2177.7658,86171273.54740764
1452,2022-04-25,39456.9,40612.23,38170.08,40421.83,3931.544588,154255713.52548403
1451,2022-04-26,40421.83,40787.31,37700.0,38121.28,3692.110369,144303576.48624018
1450,2022-04-27,38121.28,39473.0,37882.28,39229.08,3118.480004,121249051.38954917
1449,2022-04-28,39229.08,40377.66,38882.55,39746.88,3908.02964,154936126.55290675
1448,2022-04-29,39746.88,39921.54,38170.01,38595.03,3547.86361,138167001.67019036
1447,2022-04-30,38595.03,38791.11,37564.58,37626.05,1811.462904,69416687.83500503
1446,2022-05-01,37626.05,38669.99,37380.0,38471.49,2345.71255,89384930.50610973
1445,2022-05-02,38471.49,39169.0,38052.17,38523.67,3732.689841,144322324.11426565
1444,2022-05-03,38523.67,38763.79,37521.0,37730.95,3148.108898,120041667.36481272
1443,2022-05-04,37730.95,40032.79,37665.29,39695.33,4581.912607,178775440.55956873
1442,2022-05-05,39695.33,39845.4,35555.0,36554.26,6317.969126,236189956.4506059
1441,2022-05-06,36554.26,36669.99,35250.0,36018.37,5322.39094,191757862.67737535
1440,2022-05-07,36018.37,36139.47,34776.02,35468.77,2483.667472,88493299.06951626
1439,2022-05-08,35468.77,35515.96,33701.01,34046.76,5493.031855,189335470.74653736
1438,2022-05-09,34046.76,34256.4,30039.1,30089.17,11160.06441,359482680.02029467
1437,2022-05-10,30089.17,32649.95,29715.0,31018.89,17749.795868,556131723.5869939
1436,2022-05-11,31018.89,32171.0,27788.23,29128.67,27073.998443,821111357.640838
1435,2022-05-12,29128.67,30227.63,26782.62,29028.65,15939.769669,454410673.36483485
1434,2022-05-13,29028.65,31068.85,28767.0,29274.21,13941.603105,420978248.88687724
1433,2022-05-14,29274.21,30337.04,28633.86,30082.12,6374.426643,187449664.66023225
1432,2022-05-15,30082.12,31455.81,29478.31,31330.65,3639.209214,110125748.44554038
1431,2022-05-16,31330.65,31330.65,29099.39,29867.1,4410.288309,132049453.62266147
1430,2022-05-17,29867.1,30790.41,29445.13,30442.84,3824.546615,115586094.05116935
1429,2022-05-18,30442.84,30715.0,28647.25,28705.6,4927.373222,144994671.92531252
1428,2022-05-19,28705.6,30541.94,28690.76,30316.49,4791.165154,142070182.9009516
1427,2022-05-20,30316.49,30776.48,28724.0,29205.79,4957.85513,147168674.3619761
1426,2022-05-21,29205.79,29655.16,28944.48,29446.83,2145.712133,62985863.72315503
1425,2022-05-22,29446.83,30487.79,29256.53,30288.62,2656.815386,79626196.43631884
1424,2022-05-23,30288.62,30665.34,28867.03,29112.15,3554.517291,106536360.74214914
1423,2022-05-24,29112.15,29885.57,28660.01,29658.72,3531.407874,103401374.10728665
1422,2022-05-25,29658.72,30224.13,29335.22,29545.39,3822.92207,113745732.77050807
1421,2022-05-26,29545.39,29883.01,28003.34,29194.55,5434.694468,158703894.974579
1420,2022-05-27,29194.55,29393.92,28283.52,28625.97,5165.858865,149188847.6996758
1419,2022-05-28,28625.97,29257.6,28523.28,29028.45,1854.96237,53551249.09977568
1418,2022-05-29,29028.45,29595.99,28843.73,29467.99,1518.044894,44333787.20104669
1417,2022-05-30,29467.99,32228.0,29309.47,31730.87,5648.767868,174047783.95897633
1416,2022-05-31,31730.87,32397.99,31225.04,31801.46,4328.982311,137421010.42861137
1415,2022-06-01,31801.46,31981.63,29327.9,29809.48,5878.726513,180721219.7082082
1414,2022-06-02,29809.48,30700.0,29592.63,30458.67,5089.941368,152828504.49772227
1413,2022-06-03,30458.67,30694.28,29270.31,29704.54,4900.604434,146031794.12824035
1412,2022-06-04,29704.54,29982.9,29487.74,29870.86,1730.122207,51406985.44765281
1411,2022-06-05,29870.86,30236.63,29536.68,29920.8,1896.65778,56697516.65303103
1410,2022-06-06,29920.8,31758.79,29888.88,31371.82,5637.268622,175963003.66890073
1409,2022-06-07,31371.82,31581.05,29215.38,31123.41,5147.798745,155958818.59784395
1408,2022-06-08,31123.41,31320.36,29845.96,30202.58,4243.88759,129315460.42967683
1407,2022-06-09,30202.58,30699.99,29946.99,30102.09,2757.744506,83384420.17298812
1406,2022-06-10,30102.09,30364.1,28855.01,29088.69,4727.357949,139724001.2245495
1405,2022-06-11,29088.69,29437.91,28101.02,28422.39,2510.072893,72115386.31700006
1404,2022-06-12,28422.39,28545.35,26559.85,26578.02,4344.944837,119624907.0473557
1403,2022-06-13,26578.02,26886.83,21937.0,22485.59,15390.382143,373268481.9665571
1402,2022-06-14,22485.59,23369.09,20866.01,22150.09,11397.304219,253269812.70900834
1401,2022-06-15,22150.09,22804.62,20104.5,22582.72,15644.531862,331735076.95904183
1400,2022-06-16,22582.72,23000.0,20232.0,20401.2,6345.42068,135394814.29480925
1399,2022-06-17,20401.2,21370.59,20241.09,20464.85,4804.557857,99577401.98879915
1398,2022-06-18,20464.85,20777.27,17625.01,18980.4,8872.652904,167980451.93496174
1397,2022-06-19,18980.4,20810.93,17954.64,20574.08,9324.588665,180742017.95624554
1396,2022-06-20,20574.08,21074.19,19641.65,20576.55,6298.740617,128058741.21786459
1395,2022-06-21,20576.55,21716.66,20345.35,20725.4,5093.787906,107223611.89541934
1394,2022-06-22,20725.4,20894.99,19767.27,19991.52,5426.243686,110160379.25406508
1393,2022-06-23,19991.52,21238.41,19886.33,21110.97,6015.907672,124066526.2041628
1392,2022-06-24,21110.97,21559.28,20739.57,21238.42,5205.770651,109904514.23881567
1391,2022-06-25,21238.42,21607.65,20907.81,21491.37,2895.776098,61603353.13356612
1390,2022-06-26,21491.37,21882.23,20971.28,21038.91,2253.067899,48155094.75418133
1389,2022-06-27,21038.91,21546.11,20518.04,20739.51,3322.170719,69753993.56586556
1388,2022-06-28,20739.51,21212.5,20203.59,20280.4,4104.845203,84984357.60208917
1387,2022-06-29,20280.4,20433.99,19851.4,20126.0,4940.97315,99425320.11654371
1386,2022-06-30,20126.0,20171.76,18625.0,19947.96,9464.0304,182191729.53307992
1385,2022-07-01,19947.96,20926.71,18966.84,19281.8,9540.546032,187735798.70641056
1384,2022-07-02,19281.8,19447.74,18981.0,19251.74,2966.433388,57064970.10494817
1383,2022-07-03,19251.74,19648.13,18780.37,19315.27,2883.062387,55302089.90032602
1382,2022-07-04,19315.27,20359.68,19053.02,20237.99,5016.41958,98843497.94328657
1381,2022-07-05,20237.99,20747.06,19300.0,20174.35,6946.697845,138759962.0259942
1380,2022-07-06,20174.35,20670.93,19765.75,20564.05,5210.425243,105208204.56342997
1379,2022-07-07,20564.05,21836.89,20250.0,21618.7,5862.289343,122738399.74577886
1378,2022-07-08,21618.7,22526.36,21183.18,21593.13,6770.345943,147217403.41701773
1377,2022-07-09,21593.13,21994.72,21323.05,21590.24,2508.779821,54248651.9140727
1376,2022-07-10,21590.24,21606.48,20639.57,20861.22,2728.357746,57586653.33895962
1375,2022-07-11,20861.22,20861.48,19880.0,19962.69,3387.391808,69243039.96756339
1374,2022-07-12,19962.69,20058.76,19249.3,19332.71,4684.517703,92415204.37166977
1373,2022-07-13,19332.71,20359.99,18911.04,20239.13,7839.893743,153370490.91165063
1372,2022-07-14,20239.13,20895.32,19625.76,20591.15,5756.575476,116120699.74182457
1371,2022-07-15,20591.15,21200.0,20383.34,20832.45,4373.489352,91085541.33451582
1370,2022-07-16,20832.45,21582.47,20473.64,21196.23,3138.949522,66019592.5588587
1369,2022-07-17,21196.23,21674.99,20755.72,20801.77,3033.067026,64449653.49828345
1368,2022-07-18,20801.77,22768.06,20764.1,22440.0,5617.596898,123301023.66946656
1367,2022-07-19,22440.0,23797.85,21581.99,23398.06,6696.447694,151677754.0510854
1366,2022-07-20,23398.06,24265.89,22919.4,23219.63,7007.354487,165328001.61353657
1365,2022-07-21,23219.63,23427.84,22345.85,23147.78,4741.754297,108630909.89841788
1364,2022-07-22,23147.78,23747.99,22506.0,22687.01,3585.480719,83133077.01079015
1363,2022-07-23,22687.01,22997.15,21945.31,22452.4,2405.627435,53967370.19931365
1362,2022-07-24,22452.4,23007.64,22262.75,22581.53,2032.943388,46120549.04240996
1361,2022-07-25,22581.53,22663.05,21254.9,21312.66,3573.508141,78321336.7114414
1360,2022-07-26,21312.66,21342.32,20710.36,21248.22,3067.313524,64482452.85653179
1359,2022-07-27,21248.22,23100.0,21042.46,22950.43,4708.315569,103404053.90880358
1358,2022-07-28,22950.43,24192.14,22577.19,23845.75,4912.810414,114822770.04842807
1357,2022-07-29,23845.75,24439.72,23427.6,23775.76,4283.444472,102219025.86912338
1356,2022-07-30,23775.76,24668.16,23512.92,23638.03,3430.733782,82677102.29262167
1355,2022-07-31,23638.03,24190.45,23233.94,23305.12,2132.808173,50525916.54751516
1354,2022-08-01,23305.12,23499.48,22852.3,23265.44,2259.666522,52398867.9066898
1353,2022-08-02,23265.44,23450.0,22657.2,22978.1,2698.984857,61934853.91396941
1352,2022-08-03,22978.1,23638.46,22685.78,22819.37,2076.332526,48155032.31408761
1351,2022-08-04,22819.37,23217.02,22404.72,22617.74,2278.79047,52007363.04489766
1350,2022-08-05,22617.74,23475.53,22591.61,23308.31,2485.564815,57433053.94522387
1349,2022-08-06,23308.31,23346.86,22910.01,22951.2,985.864994,22844582.06640862
1348,2022-08-07,22951.2,23396.97,22850.0,23177.58,890.846902,20568347.42965646
1347,2022-08-08,23177.58,24240.6,23159.87,23815.45,2284.475576,54603454.43379235
1346,2022-08-09,23815.45,23926.69,22875.0,23150.39,1956.630895,45701347.71678901
1345,2022-08-10,23150.39,24221.92,22664.06,23952.14,3440.139455,81198209.54968429
1344,2022-08-11,23952.14,24920.0,23857.13,23935.04,3553.309597,86821433.13395216
1343,2022-08-12,23935.04,24449.69,23589.76,24395.19,1689.441486,40489908.20050583
1342,2022-08-13,24395.19,24880.13,24299.94,24437.66,1464.78086,35961849.37020538
1341,2022-08-14,24437.66,25040.0,24150.0,24303.56,1550.748524,38014597.07320905
1340,2022-08-15,24303.56,25204.62,23772.42,24095.41,2639.302276,64160429.24457477
1339,2022-08-16,24095.41,24241.85,23678.49,23859.05,1700.267786,40724297.10815924
1338,2022-08-17,23859.05,24440.71,23187.51,23335.92,2494.748623,59116549.06695606
1337,2022-08-18,23335.92,23594.7,23097.68,23187.3,1689.865001,39488996.89275478
1336,2022-08-19,23187.3,23199.37,20785.07,20827.96,5178.872814,112271641.39531614
1335,2022-08-20,20827.96,21370.11,20768.12,21137.82,2911.976528,61565607.9900923
1334,2022-08-21,21137.82,21783.45,21068.22,21516.52,1931.580462,41348581.56993781
1333,2022-08-22,21516.52,21540.0,20899.33,21399.3,2556.736212,54257577.07631783
1332,2022-08-23,21399.3,21678.55,20895.01,21519.02,2314.974876,49566364.91159027
1331,2022-08-24,21519.02,21897.64,21154.25,21366.01,1822.516966,39155784.7142699
1330,2022-08-25,21366.01,21811.0,21312.51,21563.81,1602.992599,34625794.37526525
1329,2022-08-26,21563.81,21868.78,20115.0,20244.11,4770.011922,100582698.91854416
1328,2022-08-27,20244.11,20371.8,19799.0,20043.3,2887.359237,58011366.07790807
1327,2022-08-28,20043.3,20158.75,19526.89,19555.66,1754.10149,34983449.66917417
1326,2022-08-29,19555.66,20427.41,19553.08,20293.48,2705.206325,54142095.40426399
1325,2022-08-30,20293.48,20574.55,19541.52,19811.52,2888.176734,57900334.98029962
1324,2022-08-31,19811.52,20494.03,19801.94,20051.21,2059.097645,41575064.42466039
1323,2022-09-01,20051.21,20203.29,19568.0,20133.28,2278.576658,45415454.0025662
1322,2022-09-02,20133.28,20434.07,19760.0,19955.34,2980.69022,59895374.78721071
1321,2022-09-03,19955.34,20049.0,19657.01,19833.16,934.81972,18543801.9773885
1320,2022-09-04,19833.16,20023.7,19591.01,20001.27,1272.552372,25207644.71975551
1319,2022-09-05,20001.27,20057.44,19640.66,19794.78,1486.096903,29416182.79027478
1318,2022-09-06,19794.78,20178.84,18650.96,18789.67,9917.199961,192531007.41100517
1317,2022-09-07,18789.67,19462.01,18525.51,19291.68,10226.076906,193625846.93475
1316,2022-09-08,19291.68,19458.29,19015.1,19317.14,9319.062746,179304607.87035912
1315,2022-09-09,19317.14,21629.15,19291.51,21364.44,15658.380313,325578723.1344287
1314,2022-09-10,21364.44,21806.64,21116.39,21645.83,10141.894331,217193006.717648
1313,2022-09-11,21645.83,21865.56,21344.7,21823.17,10159.162556,219451317.13982394
1312,2022-09-12,21823.17,22484.14,21545.45,22394.49,12758.906423,281796084.2529051
1311,2022-09-13,22394.49,22800.35,19872.68,20172.78,17393.000722,372727434.74764115
1310,2022-09-14,20172.78,20533.32,19623.37,20224.55,10286.717736,207383497.05552006
1309,2022-09-15,20224.55,20328.84,19500.0,19700.98,15309.748898,305701271.98538166
1308,2022-09-16,19700.98,19890.0,19335.0,19807.09,10869.969724,213664329.16433847
1307,2022-09-17,19807.09,20186.41,19745.41,20112.0,7160.104206,142953582.54507408
1306,2022-09-18,20112.0,20117.19,19335.26,19416.95,10339.976038,204291709.23722842
1305,2022-09-19,19416.95,19685.0,18252.0,19535.58,19308.471492,365941068.85366774
1304,2022-09-20,19535.58,19634.8,18725.0,18875.72,14739.245334,282452091.07582444
1303,2022-09-21,18875.72,19973.62,18137.44,18459.81,25010.862661,477000932.7535474
1302,2022-09-22,18459.81,19528.59,18359.11,19397.79,31107.745864,591830076.4550322
1301,2022-09-23,19397.79,19500.0,18533.32,19287.95,25769.583002,489208842.0167052
1300,2022-09-24,19287.95,19312.49,18806.0,18918.62,12318.194941,234620445.23901486
1299,2022-09-25,18918.62,19185.45,18631.69,18806.85,10335.961544,195839937.61557317
1298,2022-09-26,18806.85,19317.06,18681.23,19225.7,21738.984522,413809955.1902237
1297,2022-09-27,19225.7,20383.48,18812.6,19076.02,38366.885709,753270975.1071018
1296,2022-09-28,19076.02,19776.68,18468.11,19413.5,33819.821532,646980169.6562564
1295,2022-09-29,19413.5,19643.92,18842.36,19591.57,18815.481989,363913885.79092854
1294,2022-09-30,19591.57,20181.4,19154.67,19421.9,15431.264253,302079173.22650695
1293,2022-10-01,19421.9,19483.3,19161.74,19311.15,6395.494739,123505259.35530128
1292,2022-10-02,19311.15,19395.76,18921.46,19058.81,8467.058583,162532703.92951623
1291,2022-10-03,19058.81,19714.24,18962.08,19628.05,13583.105197,262804710.57685956
1290,2022-10-04,19628.05,20460.0,19493.08,20337.71,15544.788295,310824082.45915556
1289,2022-10-05,20337.71,20361.59,19736.83,20161.1,15353.507211,308623545.8880037
1288,2022-10-06,20161.1,20455.04,19852.61,19961.77,25944.180175,521977825.1087405
1287,2022-10-07,19961.77,20065.44,19321.58,19527.0,25607.60881,505251857.5594559
1286,2022-10-08,19527.0,19626.0,19241.0,19414.41,7997.482918,155731501.19114313
1285,2022-10-09,19414.41,19555.2,19317.13,19438.5,5824.71266,113266816.29124513
1284,2022-10-10,19438.5,19526.01,19022.0,19130.45,11979.126899,231063437.06254107
1283,2022-10-11,19130.45,19267.33,18857.12,19058.0,10645.539935,202981138.2906338
1282,2022-10-12,19058.0,19240.0,18960.68,19154.93,9170.645859,175219244.87109146
1281,2022-10-13,19154.93,19507.0,18160.47,19374.98,26318.981601,496542592.90255296
1280,2022-10-14,19374.98,19950.57,19074.3,19175.68,19061.936727,372933494.8446575
1279,2022-10-15,19175.68,19226.0,18980.0,19071.34,4578.572454,87574977.04300044
1278,2022-10-16,19071.34,19424.73,19066.01,19264.83,5464.351201,104913735.12666956
1277,2022-10-17,19264.83,19677.4,19155.58,19550.15,13401.406119,260567073.2451831
1276,2022-10-18,19550.15,19704.7,19093.64,19328.0,19851.650147,386117777.7777454
1275,2022-10-19,19328.0,19359.37,19074.6,19123.0,11681.708963,224243564.86834994
1274,2022-10-20,19123.0,19343.0,18905.83,19043.65,14041.432194,268615994.4036031
1273,2022-10-21,19043.65,19249.92,18662.0,19163.1,14718.208714,279920192.7156873
1272,2022-10-22,19163.1,19261.01,19112.9,19202.45,2702.929723,51849023.35663652
1271,2022-10-23,19202.45,19695.0,19069.51,19569.0,8009.080534,155413235.0998294
1270,2022-10-24,19569.0,19600.5,19156.01,19331.0,13895.97603,268756712.5688472
1269,2022-10-25,19331.0,20419.12,19238.66,20081.22,24286.253374,482452956.7583977
1268,2022-10-26,20081.22,21018.0,20048.64,20769.66,31839.081583,655607352.7217911
1267,2022-10-27,20769.66,20873.28,20200.0,20295.32,24295.889726,500360550.05278444
1266,2022-10-28,20295.32,20750.0,20000.0,20591.65,23718.493897,483495697.23654544
1265,2022-10-29,20591.65,21082.91,20553.23,20808.44,11562.027673,240654063.6368376
1264,2022-10-30,20808.44,20932.0,20514.0,20627.18,7798.174637,161486334.14713088
1263,2022-10-31,20627.18,20841.61,20237.18,20491.17,15871.511441,325541686.26084113
1262,2022-11-01,20491.17,20695.0,20330.35,20483.43,13586.383872,278610804.6335264
1261,2022-11-02,20483.43,20799.0,20058.97,20151.84,16151.3772,330138474.43145186
1260,2022-11-03,20151.84,20393.52,20029.42,20209.59,8708.091138,176285047.433312
1259,2022-11-04,20209.59,21300.0,20182.04,21143.84,22757.053147,473376456.39251214
1258,2022-11-05,21143.84,21480.0,21080.27,21298.28,10124.972758,216001385.81390607
1257,2022-11-06,21298.28,21366.0,20887.3,20908.35,9006.331751,190661617.0029218
1256,2022-11-07,20908.35,21070.71,20384.44,20589.55,18547.591297,385045828.7344111
1255,2022-11-08,20589.55,20679.66,17531.0,18545.0,49190.843966,953688423.7501292
1254,2022-11-09,18545.0,18587.78,15530.0,15910.69,48135.871722,833427406.2618732
1253,2022-11-10,15910.69,18150.0,15736.68,17600.05,29581.719845,501616426.21347094
1252,2022-11-11,17600.05,17692.14,16364.0,17058.81,31012.732996,527987723.059208
1251,2022-11-12,17058.81,17110.0,16636.1,16814.0,7572.216075,127542433.09543793
1250,2022-11-13,16814.0,16951.5,16235.01,16340.57,6378.291943,106039146.53237008
1249,2022-11-14,16340.57,17188.88,15825.88,16620.26,17927.973339,296573670.1984838
1248,2022-11-15,16620.26,17123.0,16527.0,16894.5,12374.208004,208753295.00258014
1247,2022-11-16,16894.5,17016.66,16380.0,16658.23,8494.660744,141532084.2294821
1246,2022-11-17,16658.23,16747.96,16415.56,16692.1,4668.039281,77485838.24113666
1245,2022-11-18,16692.1,16991.0,16542.42,16696.97,4773.828947,79996260.46789321
1244,2022-11-19,16696.97,16817.48,16552.99,16695.81,2030.627192,33828905.33184596
1243,2022-11-20,16695.81,16749.18,16183.73,16278.35,3915.650168,64622091.61636897
1242,2022-11-21,16278.35,16318.32,15484.34,15782.91,6534.772374,104496098.18433307
1241,2022-11-22,15782.91,16302.26,15622.5,16222.53,9184.816177,146657644.65300438
1240,2022-11-23,16222.53,16700.0,16159.01,16603.73,8032.858835,132444911.374603
1239,2022-11-24,16603.73,16808.9,16457.92,16598.08,5154.478213,85657591.79324095
1238,2022-11-25,16598.08,16623.79,16343.4,16522.0,5110.683685,84293008.41997848
1237,2022-11-26,16522.0,16696.22,16387.15,16462.86,3498.455043,57944950.68503272
1236,2022-11-27,16462.86,16597.25,16403.53,16429.75,2944.144089,48674142.78133542
1235,2022-11-28,16429.75,16488.7,16000.0,16217.36,6637.168156,107616102.86283045
1234,2022-11-29,16217.36,16546.56,16101.0,16442.15,4903.028171,80463891.34127699
1233,2022-11-30,16442.15,17250.0,16428.42,17163.07,8424.56736,142415424.81879362
1232,2022-12-01,17163.07,17317.71,16863.5,16978.95,5679.99979,96937408.82099947
1231,2022-12-02,16978.95,17102.0,16780.39,17088.59,3675.066924,62308745.77428944
1230,2022-12-03,17088.59,17152.9,16861.54,16885.56,1908.132235,32373588.07923883
1229,2022-12-04,16885.56,17200.0,16884.65,17105.45,2839.832396,48389519.34104049
1228,2022-12-05,17105.45,17415.91,16867.67,16963.99,4887.118772,83962928.17381497
1227,2022-12-06,16963.99,17104.08,16904.6,17084.99,3221.637902,54750493.67874591
1226,2022-12-07,17084.99,17138.0,16689.0,16836.0,2849.864052,48064245.89152457
1225,2022-12-08,16836.0,17295.05,16730.0,17224.74,3867.291389,65819863.90005246
1224,2022-12-09,17224.74,17343.65,17058.58,17127.74,3186.18431,54758850.19284078
1223,2022-12-10,17127.74,17224.04,17091.32,17125.6,1651.503318,28335602.10369769
1222,2022-12-11,17125.6,17267.99,17059.92,17089.8,2009.59148,34471189.11901187
1221,2022-12-12,17089.8,17239.24,16870.8,17207.18,3831.887075,65190636.05860842
1220,2022-12-13,17207.18,17977.0,17079.31,17778.49,6979.827724,122752391.95918284
1219,2022-12-14,17778.49,18378.5,17658.0,17804.08,8759.110759,157241900.71807173
1218,2022-12-15,17804.08,17852.3,17270.0,17358.15,5543.619824,97255118.9611279
1217,2022-12-16,17358.15,17522.98,16531.21,16634.6,7691.687467,130800108.92440969
1216,2022-12-17,16634.6,16796.63,16580.63,16778.09,3232.398773,53965069.70858691
1215,2022-12-18,16778.09,16863.0,16663.11,16738.48,2251.370623,37690466.70275067
1214,2022-12-19,16738.48,16815.09,16267.82,16440.6,4315.124157,71803678.6442243
1213,2022-12-20,16440.6,17054.5,16398.04,16897.99,6468.452822,108725489.17746145
1212,2022-12-21,16897.99,16924.08,16730.25,16825.64,3529.107655,59384475.24460745
1211,2022-12-22,16825.64,16867.64,16563.68,16821.46,4284.281781,71727616.62202226
1210,2022-12-23,16821.46,16940.0,16703.43,16782.72,4628.548899,77905831.44197251
1209,2022-12-24,16782.72,16862.07,16778.8,16833.79,1804.624735,30370445.60289333
1208,2022-12-25,16833.79,16853.88,16720.0,16829.75,2354.123749,39571007.67232648
1207,2022-12-26,16829.75,16940.0,16789.99,16916.41,2836.653945,47807193.9931797
1206,2022-12-27,16916.41,16969.33,16599.0,16707.98,4764.614448,79983273.59037812
1205,2022-12-28,16707.98,16783.35,16468.45,16547.24,5177.611496,86083315.44288287
1204,2022-12-29,16547.24,16661.47,16490.66,16634.29,3522.499059,58433077.45006516
1203,2022-12-30,16634.29,16670.0,16336.03,16606.25,4792.841204,79188667.1989447
1202,2022-12-31,16606.25,16643.6,16471.44,16541.8,1859.060895,30801226.34050078
1201,2023-01-01,16541.8,16626.55,16498.43,16616.03,1481.32342,24532785.65269576
1200,2023-01-02,16616.03,16795.0,16545.47,16675.59,3465.593566,57872161.33259387
1199,2023-01-03,16675.59,16774.22,16605.73,16674.31,3557.621077,59366725.32780135
1198,2023-01-04,16674.31,16986.63,16654.86,16852.43,4274.157691,71980048.39218454
1197,2023-01-05,16852.43,16876.37,16760.0,16830.32,2488.247085,41867557.72573804
1196,2023-01-06,16830.32,17033.14,16683.55,16949.37,3327.187042,55991969.88464607
1195,2023-01-07,16949.37,16976.92,16912.08,16942.93,929.97139,15750273.04437264
1194,2023-01-08,16942.93,17173.0,16914.31,17126.05,1968.039652,33409594.29145478
1193,2023-01-09,17126.05,17393.08,17105.3,17180.77,4866.737009,83916192.33069488
1192,2023-01-10,17180.77,17490.92,17150.0,17441.13,3673.951425,63580636.33534877
1191,2023-01-11,17441.13,17988.62,17320.0,17936.61,4888.795582,85665985.91079858
1190,2023-01-12,17936.61,19100.0,17903.89,18845.82,11200.271936,205951743.29951236
1189,2023-01-13,18845.82,19999.0,18715.01,19927.28,8363.766683,160669834.03296033
1188,2023-01-14,19927.28,21255.78,19890.99,20949.31,12131.395421,251995476.57049868
1187,2023-01-15,20949.31,21050.0,20562.5,20873.6,5879.361496,122211878.13875046
1186,2023-01-16,20873.6,21450.0,20626.21,21184.2,8677.962555,182626247.76255524
1185,2023-01-17,21184.2,21601.6,20860.0,21127.5,6546.836512,138842451.86028165
1184,2023-01-18,21127.5,21643.82,20406.25,20674.41,9341.58071,196699546.45266154
1183,2023-01-19,20674.41,21182.15,20660.01,21074.05,4266.045182,88995657.56754383
1182,2023-01-20,21074.05,22744.0,20868.77,22667.13,7426.610371,160483207.52562246
1181,2023-01-21,22667.13,23350.0,22426.09,22773.93,9038.153344,207127581.7980319
1180,2023-01-22,22773.93,23083.95,22301.76,22706.88,6607.703483,150537945.6802807
1179,2023-01-23,22706.88,23179.0,22354.67,22914.38,6295.663836,143882329.58840418
1178,2023-01-24,22914.38,23166.88,22464.39,22629.99,5957.426384,136556050.6916572
1177,2023-01-25,22629.99,23799.84,22331.01,23050.0,6896.379635,157551114.00952983
1176,2023-01-26,23050.0,23278.79,22856.62,23004.5,4922.427157,113499529.71691744
1175,2023-01-27,23004.5,23499.65,22534.53,23070.7,5212.601539,119942646.15470845
1174,2023-01-28,23070.7,23185.1,22874.11,23023.66,2672.041517,61459914.63289803
1173,2023-01-29,23023.66,23957.85,22970.05,23746.27,5180.495966,121669107.13986261
1172,2023-01-30,23746.27,23795.54,22500.0,22825.57,6152.387285,142440927.90069926
1171,2023-01-31,22825.57,23320.0,22718.52,23127.02,4291.96611,98637268.01068082
1170,2023-02-01,23127.02,23800.0,22765.88,23730.52,5584.611397,129735423.07586545
1169,2023-02-02,23730.52,24250.36,23371.96,23491.44,7024.089901,167411080.93671173
1168,2023-02-03,23491.44,23711.0,23213.0,23436.46,4919.044055,115452948.56541167
1167,2023-02-04,23436.46,23582.53,23257.25,23325.07,2082.076923,48710312.55915812
1166,2023-02-05,23325.07,23426.32,22757.44,22932.42,3278.734785,75708967.40687612
1165,2023-02-06,22932.42,23160.2,22630.58,22761.7,3838.491101,87888995.5133163
1164,2023-02-07,22761.7,23348.22,22750.45,23243.02,4375.896777,100754695.02295952
1163,2023-02-08,23243.02,23448.0,22680.11,22958.41,3919.233981,90323845.25266345
1162,2023-02-09,22958.41,23005.09,21700.0,21796.73,7373.291964,165004977.60055783
1161,2023-02-10,21796.73,21934.41,21480.0,21631.49,4124.474714,89752355.49032155
1160,2023-02-11,21631.49,21899.6,21607.94,21863.97,1343.038651,29151736.92647548
1159,2023-02-12,21863.97,22084.19,21637.6,21780.45,1985.985647,43429406.01587741
1158,2023-02-13,21780.45,21888.6,21360.0,21774.06,3767.184413,81550914.79884537
1157,2023-02-14,21774.06,22311.67,21533.86,22199.85,4427.940576,97089210.69566996
1156,2023-02-15,22199.85,24373.65,22051.01,24325.3,8840.632638,205418555.70764145
1155,2023-02-16,24325.3,25251.19,23509.09,23511.17,10206.221583,250914442.96881267
1154,2023-02-17,23511.17,25022.54,23349.3,24573.61,8469.7561,204335781.48122627
1153,2023-02-18,24573.61,24868.26,24438.03,24633.23,2440.862726,60095330.55624556
1152,2023-02-19,24633.23,25183.29,24200.0,24272.0,4032.604591,99539522.30973244
1151,2023-02-20,24272.0,25116.51,23839.62,24841.01,4776.406495,117857712.13699204
1150,2023-02-21,24841.01,25285.6,24153.84,24448.43,4835.522539,119409236.2557986
1149,2023-02-22,24448.43,24470.29,23579.98,24184.01,4944.258348,118541947.23892799
1148,2023-02-23,24184.01,24593.16,23610.0,23936.0,4259.021337,102508758.35819426
1147,2023-02-24,23936.0,24125.49,22842.11,23188.41,4529.800321,106236730.76055452
1146,2023-02-25,23188.41,23216.27,22750.0,23160.28,1860.562919,42813603.1630666
1145,2023-02-26,23160.28,23685.38,23066.0,23556.01,2455.628786,57229817.80988305
1144,2023-02-27,23556.01,23888.0,23114.95,23489.79,4125.419734,96761896.47697534
1143,2023-02-28,23489.79,23593.63,23028.7,23139.62,2638.878832,61619347.1514453
1142,2023-03-01,23139.62,24000.0,23025.61,23640.0,3782.424477,89351037.4708446
1141,2023-03-02,23640.0,23792.38,23200.49,23463.99,2078.435297,48655710.15840086
1140,2023-03-03,23463.99,23471.83,21971.09,22352.0,6067.476034,135929694.02178538
1139,2023-03-04,22352.0,22404.71,22164.0,22347.46,1330.933178,29710099.29206042
1138,2023-03-05,22347.46,22652.14,22198.06,22425.8,1523.83034,34184764.49117028
1137,2023-03-06,22425.8,22596.96,22266.86,22410.95,2122.949922,47603415.80066771
1136,2023-03-07,22410.95,22552.81,21935.3,22199.99,3734.621784,83174822.80744629
1135,2023-03-08,22199.99,22281.52,21580.01,21706.57,3945.598885,86780908.97248562
1134,2023-03-09,21706.57,21834.0,20049.05,20365.8,7793.09165,164218612.00308278
1133,2023-03-10,20365.8,20365.81,19555.0,20150.39,11758.18701,234709746.4067538
1132,2023-03-11,20150.39,20679.56,19771.66,20457.85,9611.016884,194355241.6437579
1131,2023-03-12,20457.85,22109.37,20273.23,21994.24,7621.007453,159660117.93840596
1130,2023-03-13,21994.24,24482.93,21815.25,24104.02,14317.305025,332915357.0643235
1129,2023-03-14,24104.02,26393.33,23982.43,24674.98,17653.497335,441258920.31789297
1128,2023-03-15,24674.98,25177.13,23890.95,24276.58,14952.24118,366861013.1030308
1127,2023-03-16,24276.58,25167.46,24123.19,24997.48,10427.313945,257547784.07725793
1126,2023-03-17,24997.48,27755.5,24893.14,27387.69,16172.018179,427627551.56535786
1125,2023-03-18,27387.69,27720.95,26559.81,26902.45,9358.067824,255401665.044086
1124,2023-03-19,26902.45,28385.81,26826.9,27964.68,10115.582332,279700204.80580723
1123,2023-03-20,27964.68,28467.0,27135.83,27720.49,11856.865778,330371835.79373693
1122,2023-03-21,27720.49,28435.18,27308.76,28104.57,7782.731577,217583022.18877456
1121,2023-03-22,28104.57,28868.0,26602.9,27247.89,16540.362092,462758670.16934514
1120,2023-03-23,27247.89,28755.8,27115.91,28293.9,11911.119418,332892108.16271853
1119,2023-03-24,28293.9,28368.08,27000.0,27453.55,9993.017946,278381808.4609258
1118,2023-03-25,27453.55,27787.18,27158.45,27459.9,3316.390471,91153510.41700916
1117,2023-03-26,27459.9,28200.75,27417.73,27970.73,3628.632175,100852769.16123535
1116,2023-03-27,27970.73,28022.49,26505.0,27123.67,7298.921914,199238442.31697714
1115,2023-03-28,27123.67,27510.99,26632.75,27262.0,6727.398097,181866569.87879163
1114,2023-03-29,27262.0,28641.86,27242.79,28349.07,9773.376897,275200633.7415063
1113,2023-03-30,28349.07,29180.0,27685.04,28028.47,10551.501819,299412329.04509914
1112,2023-03-31,28028.47,28652.11,27509.29,28466.64,7412.270937,209045266.42737088
1111,2023-04-01,28466.64,28820.0,28230.0,28455.06,2370.593503,67500111.11870965
1110,2023-04-02,28455.06,28525.57,27855.8,28170.11,3105.016214,87489249.2703735
1109,2023-04-03,28170.11,28520.0,27217.0,27805.45,8365.915454,234387966.34367904
1108,2023-04-04,27805.45,28446.03,27666.74,28165.08,5750.781633,161600070.1866119
1107,2023-04-05,28165.08,28779.7,27809.96,28171.82,6012.467133,170403348.88086453
1106,2023-04-06,28171.82,28182.16,27700.0,28035.31,3351.897281,93771500.94132572
1105,2023-04-07,28035.31,28103.69,27770.46,27903.08,1748.63307,48815389.49228523
1104,2023-04-08,27903.08,28152.05,27862.78,27943.39,1052.201573,29468761.72301289
1103,2023-04-09,27943.39,28526.16,27800.52,28320.0,2004.141351,56321981.39878352
1102,2023-04-10,28320.0,29783.39,28163.59,29639.2,6280.126642,181738038.43879429
1101,2023-04-11,29639.2,30558.0,29594.01,30201.23,6080.401,183014828.81350324
1100,2023-04-12,30201.23,30483.05,29650.0,29883.65,4722.994727,141924286.68750384
1099,2023-04-13,29883.65,30580.56,29854.58,30374.7,3436.316231,104008848.03563058
1098,2023-04-14,30374.7,31019.6,29979.39,30459.0,5784.024824,176772391.46748278
1097,2023-04-15,30459.0,30600.0,30207.0,30293.71,1426.512507,43313883.80681746
1096,2023-04-16,30293.71,30549.04,30122.74,30309.89,1923.533,58327345.96402101
1095,2023-04-17,30309.89,30315.82,29238.51,29430.0,4120.957998,122221837.35332537
1094,2023-04-18,29430.0,30480.0,29101.0,30380.3,5081.880679,152659505.17141142
1093,2023-04-19,30380.3,30411.85,28575.0,28800.0,7726.23048,226406805.41595662
1092,2023-04-20,28800.0,29084.69,28004.85,28240.0,6669.074372,190716322.9431655
1091,2023-04-21,28240.0,28367.55,27132.84,27260.0,7324.643024,204078116.47286487
1090,2023-04-22,27260.0,27876.71,27142.23,27814.31,4382.630394,120508947.20326018
1089,2023-04-23,27814.31,27815.45,27325.72,27589.68,3136.779501,86422078.75807321
1088,2023-04-24,27589.68,27993.93,26963.11,27510.0,5306.634471,145624123.4141002
1087,2023-04-25,27510.0,28386.91,27195.0,28296.63,6344.582444,175228025.6404814
1086,2023-04-26,28296.63,30030.0,27218.41,28417.26,15804.986006,455257101.45353484
1085,2023-04-27,28417.26,29893.44,28385.39,29475.17,9991.089901,291709112.9819438
1084,2023-04-28,29475.17,29593.74,28891.27,29313.53,6725.764806,197041028.64552408
1083,2023-04-29,29313.53,29437.51,29025.92,29227.24,2650.509175,77627715.41221216
1082,2023-04-30,29227.24,29968.49,29095.46,29233.2,4428.168909,130510301.7047577
1081,2023-05-01,29233.2,29331.49,27663.93,28071.98,7958.1908,225707793.8039529
1080,2023-05-02,28071.98,28886.28,27876.74,28664.0,5722.630429,162282812.2148152
1079,2023-05-03,28664.0,29261.48,28111.93,29026.18,8008.970002,228825931.70600674
1078,2023-05-04,29026.18,29379.11,28666.65,28831.85,5570.07762,161343905.12091357
1077,2023-05-05,28831.85,29679.09,28795.41,29506.94,6847.421142,200555232.8355332
1076,2023-05-06,29506.94,29827.37,28356.0,28846.07,6017.979226,174767901.66642132
1075,2023-05-07,28846.07,29138.0,28390.77,28434.04,4414.93089,127374268.89326793
1074,2023-05-08,28434.04,28695.28,27269.53,27668.48,9280.253573,258700983.38203317
1073,2023-05-09,27668.48,27815.89,27351.49,27631.21,4995.956625,137863525.28586373
1072,2023-05-10,27631.21,28319.18,26765.0,27594.7,9882.756023,273801717.74498427
1071,2023-05-11,27594.7,27626.29,26700.0,26971.09,7450.505823,202537736.3893047
1070,2023-05-12,26971.09,27087.99,25811.56,26791.53,8996.018382,237877209.95773938
1069,2023-05-13,26791.53,27042.18,26690.32,26770.21,3629.552942,97364351.11928481
1068,2023-05-14,26770.21,27199.0,26576.08,26915.95,3074.98561,82649570.4222878
1067,2023-05-15,26915.95,27656.91,26734.01,27158.95,6216.462988,169750826.37332356
1066,2023-05-16,27158.95,27295.58,26850.01,27029.06,4060.450823,109876697.82290867
1065,2023-05-17,27029.06,27512.5,26535.0,27400.82,5253.655175,141809080.75404048
1064,2023-05-18,27400.82,27480.0,26362.93,26821.21,6860.195939,185631267.4525887
1063,2023-05-19,26821.21,27199.99,26632.01,26885.02,4080.414847,109674448.5327861
1062,2023-05-20,26885.02,27148.72,26830.45,27105.97,1407.721392,37969289.27463085
1061,2023-05-21,27105.97,27279.77,26663.53,26746.01,2705.825157,72889087.88145046
1060,2023-05-22,26746.01,27101.63,26540.0,26848.1,4834.047473,129670976.84082474
1059,2023-05-23,26848.1,27499.99,26801.06,27220.05,6050.595436,164843039.90295818
1058,2023-05-24,27220.05,27220.06,26090.85,26328.6,7455.672868,197872499.1949378
1057,2023-05-25,26328.6,26640.19,25877.31,26474.63,5948.195061,156373715.80295047
1056,2023-05-26,26474.63,26944.29,26326.36,26709.43,4103.817804,109152219.21455432
1055,2023-05-27,26709.43,26895.82,26554.61,26855.74,1623.047978,43375013.07024769
1054,2023-05-28,26855.74,28280.0,26770.17,28064.09,4976.487961,136733738.30448273
1053,2023-05-29,28064.09,28442.0,27525.01,27737.11,5868.61412,163731564.98873338
1052,2023-05-30,27737.11,28039.76,27556.32,27694.38,5695.328347,158304903.0711017
1051,2023-05-31,27694.38,27830.5,26833.99,27211.51,7046.211834,191465717.53961387
1050,2023-06-01,27211.51,27352.39,26609.31,26815.44,6035.760826,162416542.59728917
1049,2023-06-02,26815.44,27292.98,26507.88,27241.45,6454.217121,174462466.55524403
1048,2023-06-03,27241.45,27325.45,26921.46,27072.14,2556.212168,69374936.31414609
1047,2023-06-04,27072.14,27457.1,26953.84,27117.45,2915.2484,79280189.90897904
1046,2023-06-05,27117.45,27129.44,25396.08,25727.27,11373.596451,297821733.95040226
1045,2023-06-06,25727.27,27351.21,25351.1,27230.2,10324.624533,271308193.0771175
1044,2023-06-07,27230.2,27388.0,26131.0,26343.37,9580.115948,255241776.0589883
1043,2023-06-08,26343.37,26815.58,26213.47,26501.57,5631.249805,149149269.672626
1042,2023-06-09,26501.57,26778.33,26275.01,26478.64,4649.188268,123351532.89688134
1041,2023-06-10,26478.64,26531.99,25361.76,25841.03,8603.752727,221766836.76776958
1040,2023-06-11,25841.03,26200.0,25634.73,25924.31,3982.409641,103104234.24812652
1039,2023-06-12,25924.31,26102.19,25617.0,25907.57,5359.366135,138639050.7299819
1038,2023-06-13,25907.57,26428.56,25721.76,25935.73,5834.399113,151959981.42121634
1037,2023-06-14,25935.73,26111.65,24821.91,25130.23,6086.45754,155487397.51910275
1036,2023-06-15,25130.23,25756.08,24776.56,25596.64,5290.007872,133159947.08383062
1035,2023-06-16,25596.64,26500.0,25169.84,26345.9,6650.332957,172135897.57312077
1034,2023-06-17,26345.9,26838.9,26182.15,26518.93,4217.36376,111901481.91598713
1033,2023-06-18,26518.93,26701.35,26254.01,26342.67,2856.064486,75698976.7146083
1032,2023-06-19,26342.67,27070.99,26260.71,26845.78,5545.941015,147555965.61814407
1031,2023-06-20,26845.78,28400.0,26652.99,28303.87,9626.825647,264204485.7973999
1030,2023-06-21,28303.87,30800.0,28261.01,29995.09,14854.096218,437875321.5460537
1029,2023-06-22,29995.09,30505.03,29529.0,29887.38,8261.912519,248313195.95080596
1028,2023-06-23,29887.38,31433.17,29796.96,30686.59,10682.930018,327286902.6068303
1027,2023-06-24,30686.59,30799.69,30260.11,30530.63,4127.91806,126240607.92983502
1026,2023-06-25,30530.63,31040.0,30280.4,30469.09,4942.740735,151389000.12622967
1025,2023-06-26,30469.09,30664.0,29930.0,30269.76,6553.740012,198303392.7437512
1024,2023-06-27,30269.76,31000.56,30229.72,30690.49,6100.607277,186613732.5630945
1023,2023-06-28,30690.49,30706.0,29845.0,30078.3,7350.785026,222453498.48116964
1022,2023-06-29,30078.3,30836.8,30050.12,30450.49,6825.06682,208137239.5770527
1021,2023-06-30,30450.49,31280.7,29461.67,30477.09,15366.323425,468203414.4247787
1020,2023-07-01,30477.09,30657.88,30326.01,30587.66,2169.480142,66175842.32243174
1019,2023-07-02,30587.66,30794.0,30165.09,30616.02,4112.506108,125540613.48107626
1018,2023-07-03,30616.02,31382.58,30569.99,31157.42,6540.978549,202265376.46325958
1017,2023-07-04,31157.42,31321.99,30613.63,30765.99,4798.895546,148643620.79254687
1016,2023-07-05,30765.99,30874.45,30193.86,30502.53,4981.307615,151930332.00323662
1015,2023-07-06,30502.53,31520.04,29855.0,29892.52,11091.011189,339159305.53438896
1014,2023-07-07,29892.52,30451.74,29674.61,30343.15,6680.031832,201440726.8560328
1013,2023-07-08,30343.15,30389.68,30050.0,30288.01,2487.25674,75154324.25943364
1012,2023-07-09,30288.01,30449.0,30068.33,30164.01,2699.747437,81710211.02881476
1011,2023-07-10,30164.01,31042.15,29952.39,30414.69,6407.703667,194614760.59220296
1010,2023-07-11,30414.69,30817.5,30300.0,30621.99,4398.010776,134199951.36914936
1009,2023-07-12,30621.99,30974.51,30213.23,30384.0,5203.647746,159403672.49000162
1008,2023-07-13,30384.0,31847.69,30249.69,31452.96,10770.493022,334318857.52096784
1007,2023-07-14,31452.96,31629.22,29898.77,30312.98,9931.56904,305566286.57030606
1006,2023-07-15,30312.98,30392.37,30238.35,30285.99,1584.163867,48015675.68449049
1005,2023-07-16,30285.99,30441.66,30066.2,30232.5,2868.978295,86837474.12922364
1004,2023-07-17,30232.5,30331.99,29654.63,30138.0,5365.028571,161384614.24595574
1003,2023-07-18,30138.0,30239.42,29500.0,29862.15,5557.269733,166088939.8043782
1002,2023-07-19,29862.15,30192.26,29760.0,29907.11,5298.460429,158844646.45909196
1001,2023-07-20,29907.11,30416.0,29551.4,29807.13,7030.721913,210782153.2478563
1000,2023-07-21,29807.13,30060.74,29732.57,29900.01,3745.114242,111828250.34226775
999,2023-07-22,29900.01,29995.99,29629.98,29786.08,1655.889266,49437372.53319653
998,2023-07-23,29786.08,30344.78,29733.99,30086.01,2820.364327,84657161.44831035
997,2023-07-24,30086.01,30094.52,28855.16,29180.0,6176.398932,181123097.685165
996,2023-07-25,29180.0,29372.79,29053.16,29232.0,2848.521683,83163672.76842958
995,2023-07-26,29232.0,29676.44,29100.1,29350.0,6051.277857,177565321.6598648
994,2023-07-27,29350.0,29569.93,29085.99,29223.3,2830.964379,83063789.96411309
993,2023-07-28,29223.3,29545.63,29130.77,29320.01,3059.711285,89685663.21341643
992,2023-07-29,29320.01,29407.07,29261.07,29356.38,1054.286652,30915726.46952792
991,2023-07-30,29356.38,29449.49,29027.51,29281.98,2577.240299,75397316.58646259
990,2023-07-31,29281.98,29530.37,29115.46,29234.04,3942.494885,115622889.45070459
989,2023-08-01,29234.04,29732.99,28555.0,29706.0,8188.992092,237912649.406292
988,2023-08-02,29706.0,30037.5,28926.54,29178.74,8488.864789,249953203.9667252
987,2023-08-03,29178.74,29429.98,28968.01,29194.0,4547.948602,132841413.736057
986,2023-08-04,29194.0,29329.31,28800.0,29114.01,4680.836674,136367507.17396748
985,2023-08-05,29114.01,29154.04,28985.62,29074.89,1369.485183,39799078.87857458
984,2023-08-06,29074.89,29199.98,28989.75,29091.99,1754.906843,51043251.69924554
983,2023-08-07,29091.99,29275.31,28703.1,29214.08,4850.113255,140803012.7167067
982,2023-08-08,29214.08,30214.75,29146.77,29769.28,9016.054264,267060152.84145945
981,2023-08-09,29769.28,30136.73,29374.05,29579.99,6501.83446,193310391.928704
980,2023-08-10,29579.99,29737.98,29310.0,29456.77,4401.706562,129971676.21890219
979,2023-08-11,29456.77,29564.46,29249.99,29430.13,2304.071544,67790270.48119073
978,2023-08-12,29430.13,29478.25,29382.0,29428.94,946.786217,27855128.38259177
977,2023-08-13,29428.94,29467.7,29276.0,29304.7,1126.682339,33104530.87984004
976,2023-08-14,29304.7,29691.0,29102.74,29434.0,4574.465295,134576839.2200419
975,2023-08-15,29434.0,29499.9,29074.0,29202.0,3603.094927,105552976.04385433
974,2023-08-16,29202.0,29260.0,28728.47,28734.01,5411.612103,157245014.82933986
973,2023-08-17,28734.01,28782.0,24394.74,26622.0,19809.230843,538916263.9822003
972,2023-08-18,26622.0,26826.77,25607.13,26051.97,14285.630359,374545574.3442308
971,2023-08-19,26051.97,26276.96,25802.88,26099.99,4046.484738,105303517.42540567
970,2023-08-20,26099.99,26297.7,25971.97,26189.99,3213.888434,83975031.62002304
969,2023-08-21,26189.99,26250.0,25810.0,26125.14,5358.604161,139504910.96975482
968,2023-08-22,26125.14,26137.97,25329.88,26055.96,7351.628763,190167944.8947335
967,2023-08-23,26055.96,26828.97,25815.02,26434.1,9231.841678,242606836.3510965
966,2023-08-24,26434.1,26581.96,25861.66,26179.04,5670.414738,148770066.12487194
965,2023-08-25,26179.04,26308.0,25780.01,26057.97,7330.623157,190802348.69902462
964,2023-08-26,26057.97,26125.0,25986.86,26022.55,1510.386762,39329818.11324434
963,2023-08-27,26022.55,26180.0,25975.97,26102.0,1549.593018,40425215.41580064
962,2023-08-28,26102.0,26249.82,25865.0,26120.01,5500.45893,143258124.93791932
961,2023-08-29,26120.01,28139.45,25927.45,27719.97,18896.52923,514192325.26824164
960,2023-08-30,27719.97,27765.97,27009.26,27297.97,8193.605825,223886115.82093847
959,2023-08-31,27297.97,27572.64,25659.86,25938.0,12686.122428,337355658.5647142
958,2023-09-01,25938.0,26158.19,25329.01,25806.01,8437.905792,217652233.46991023
957,2023-09-02,25806.01,25982.19,25756.05,25867.89,2389.351715,61745910.87116651
956,2023-09-03,25867.89,26137.31,25797.1,25971.97,3322.59175,86179005.46974948
955,2023-09-04,25971.97,26097.54,25634.0,25823.97,4311.241353,111507834.8954268
954,2023-09-05,25823.97,25906.82,25560.1,25793.11,4475.856559,115194770.77318059
953,2023-09-06,25793.11,26049.11,25372.77,25759.97,5720.939417,147043397.9643257
952,2023-09-07,25759.97,26449.4,25617.44,26253.97,5639.999579,146554752.62922484
951,2023-09-08,26253.97,26443.86,25650.0,25909.69,6639.956775,172698399.7421814
950,2023-09-09,25909.69,25948.55,25798.01,25899.97,1705.038172,44121229.64742254
949,2023-09-10,25899.97,26040.0,25570.01,25845.02,4935.832373,127355969.14012563
948,2023-09-11,25845.02,25899.99,24899.97,25166.2,11871.00632,300920329.761154
947,2023-09-12,25166.2,26577.52,25136.39,25837.97,18304.737927,474543001.7893912
946,2023-09-13,25837.97,26407.38,25762.17,26220.63,9658.379402,252205251.40079978
945,2023-09-14,26220.63,26877.97,26126.12,26524.75,9762.287861,258669302.89281344
944,2023-09-15,26524.75,26886.59,26225.74,26602.75,5479.545904,145314187.80751583
943,2023-09-16,26602.75,26772.04,26450.0,26561.99,2778.163604,73812538.25305691
942,2023-09-17,26561.99,26619.97,26398.0,26525.99,2146.406128,56912957.81841997
941,2023-09-18,26525.99,27425.91,26376.0,26764.81,10614.16231,285750319.40257573
940,2023-09-19,26764.81,27482.99,26670.55,27206.21,9127.181065,247819137.18229744
939,2023-09-20,27206.21,27388.6,26798.39,27122.01,11251.370304,304895448.77584124
938,2023-09-21,27122.01,27161.1,26377.21,26568.0,8423.36401,224890882.84807935
937,2023-09-22,26568.0,26882.69,26455.42,26579.93,5600.893969,149093474.36772126
936,2023-09-23,26579.93,26635.96,26512.62,26577.99,1443.944683,38374343.06791187
935,2023-09-24,26577.99,26734.68,26120.0,26246.86,4122.626432,109066757.84467138
934,2023-09-25,26246.86,26447.37,25990.39,26302.1,9800.05764,256710059.5483534
933,2023-09-26,26302.1,26396.25,26094.16,26219.98,5003.480275,131206741.58394618
932,2023-09-27,26219.98,26850.0,26110.75,26373.97,10582.395348,279900161.4887932
931,2023-09-28,26373.97,27313.93,26346.1,27024.0,12829.411772,344126105.5933666
930,2023-09-29,27024.0,27248.35,26669.51,26910.0,9381.220373,252845397.51155752
929,2023-09-30,26910.0,27094.72,26892.0,26965.24,1770.824973,47779262.45154221
928,2023-10-01,26965.24,28190.0,26957.42,27993.52,7228.033774,199166723.19481438
927,2023-10-02,27993.52,28584.91,27285.6,27499.97,19163.339483,537651501.0185084
926,2023-10-03,27499.97,27679.66,27169.98,27426.77,7938.512786,217830291.5255683
925,2023-10-04,27426.77,27839.27,27210.79,27782.0,7719.610238,212480463.618912
924,2023-10-05,27782.0,28120.0,27355.98,27411.99,9079.651563,251465621.300211
923,2023-10-06,27411.99,28282.0,27166.29,27929.99,10625.93372,294595870.15675473
922,2023-10-07,27929.99,28027.16,27842.86,27957.1,2505.195806,69953291.45463687
921,2023-10-08,27957.1,28089.98,27685.64,27916.02,3583.647291,99975521.35764588
920,2023-10-09,27916.02,27986.07,27262.68,27591.27,8990.624446,247858193.16353554
919,2023-10-10,27591.27,27733.59,27297.24,27392.83,5882.811708,161638396.4287195
918,2023-10-11,27392.83,27474.6,26532.59,26875.96,9379.855105,252999893.92576385
917,2023-10-12,26875.96,26940.74,26554.0,26761.11,4782.282679,127911358.42694548
916,2023-10-13,26761.11,27129.99,26685.96,26865.33,5627.412493,151181065.02645183
915,2023-10-14,26865.33,26987.81,26792.91,26854.05,1867.651637,50216068.03279678
914,2023-10-15,26854.05,27296.0,26810.27,27156.64,3778.738782,102186107.68407148
913,2023-10-16,27156.64,30350.0,27112.09,28503.02,26515.683372,749084603.3181117
912,2023-10-17,28503.02,28630.72,28068.11,28397.83,12413.93963,352206627.193127
911,2023-10-18,28397.83,28990.89,28140.88,28321.34,10710.106185,305028605.88371915
910,2023-10-19,28321.34,28922.3,28110.01,28715.89,9161.208979,261515215.83449802
909,2023-10-20,28715.89,30239.32,28575.6,29666.73,17524.490016,516912201.75158566
908,2023-10-21,29666.73,30374.86,29454.66,29909.99,6351.97825,190030218.01568642
907,2023-10-22,29909.99,30259.14,29640.01,29991.44,5245.027201,156961148.1477499
906,2023-10-23,29991.44,35333.0,29885.65,33065.47,26475.215336,835395477.0083812
905,2023-10-24,33065.47,35250.0,32834.33,33923.33,24370.427496,830625280.5469877
904,2023-10-25,33923.33,35131.24,33678.4,34495.11,14369.152994,494078234.6396499
903,2023-10-26,34495.11,34825.89,33748.59,34150.02,9295.504045,318838223.9310762
902,2023-10-27,34150.02,34246.0,33392.33,33893.87,8171.50689,277150102.42788184
901,2023-10-28,33893.87,34500.0,33864.21,34082.21,3174.394654,108267572.14910994
900,2023-10-29,34082.21,34749.99,33933.33,34524.84,4958.607178,170615802.26507956
899,2023-10-30,34524.84,34853.68,34050.0,34478.45,8086.674552,278519332.302854
898,2023-10-31,34478.45,34724.0,34029.55,34641.07,7121.180509,244812930.14306736
897,2023-11-01,34641.07,35618.19,34070.82,35420.03,12813.670215,445441548.6458528
896,2023-11-02,35420.03,35987.19,34288.57,34940.76,15436.162527,542280487.9637512
895,2023-11-03,34940.76,34942.34,34118.49,34714.4,12839.87328,442844046.2024469
894,2023-11-04,34714.4,35256.0,34587.72,35062.33,4199.89976,146318485.49679646
893,2023-11-05,35062.33,35388.73,34450.0,35014.18,6085.706775,213031039.6783892
892,2023-11-06,35014.18,35273.1,34728.35,35045.92,5257.085389,184065228.00328255
891,2023-11-07,35045.92,35886.0,34514.58,35400.0,9056.997619,318124257.23851836
890,2023-11-08,35400.0,36115.0,35100.0,35622.02,8715.373228,309643030.7532279
889,2023-11-09,35622.02,38040.84,35539.96,36708.0,22504.72203,827124313.8492368
888,2023-11-10,36708.0,37533.32,36322.54,37299.37,9007.051742,333182307.8685227
887,2023-11-11,37299.37,37397.21,36631.39,37130.01,3865.261038,143206428.73546183
886,2023-11-12,37130.01,37218.0,36726.24,37064.0,3032.24273,112390731.5529132
885,2023-11-13,37064.0,37419.0,36331.86,36463.4,6993.415483,257461821.15450245
884,2023-11-14,36463.4,36745.0,34601.0,35547.36,12130.22779,436180760.8457234
883,2023-11-15,35547.36,37960.09,35361.32,37859.99,14955.531861,548385663.1269372
882,2023-11-16,37859.99,37930.16,35489.97,36164.76,12648.410666,464195859.7298169
881,2023-11-17,36164.76,36856.96,35846.6,36608.91,10454.853909,379967973.77114785
880,2023-11-18,36608.91,36850.0,36183.61,36571.95,3778.319838,137981193.68485752
879,2023-11-19,36571.95,37509.36,36374.98,37364.0,5043.747501,185651168.3076244
878,2023-11-20,37364.0,37779.82,36622.48,37450.67,10565.507161,394062212.4347915
877,2023-11-21,37450.67,37657.85,35725.46,35747.03,14858.369595,546889205.5457723
876,2023-11-22,35747.03,37864.94,35617.0,37409.39,11894.888176,438180312.91428965
875,2023-11-23,37409.39,37645.61,36865.19,37295.61,5709.874181,212896790.2742546
874,2023-11-24,37295.61,38413.0,37253.62,37713.79,13408.707305,507099590.29691994
873,2023-11-25,37713.79,37887.49,37585.0,37784.01,2544.13158,96043043.09755258
872,2023-11-26,37784.01,37814.65,37129.67,37442.0,5109.69626,191499412.79204094
871,2023-11-27,37442.0,37560.28,36704.02,37243.8,7226.27738,267858641.67678514
870,2023-11-28,37243.8,38384.19,36876.11,37817.48,10551.98942,397991279.13291556
869,2023-11-29,37817.48,38470.71,37568.1,37853.47,7907.81732,300291443.0705107
868,2023-11-30,37853.47,38142.75,37464.95,37725.18,5493.930368,207416555.15681395
867,2023-12-01,37725.18,38985.54,37615.35,38685.0,9982.622441,384161856.1804985
866,2023-12-02,38685.0,39778.07,38644.34,39450.32,6266.563235,245388129.8487989
865,2023-12-03,39450.32,40287.09,39278.0,39969.61,5609.215096,222585016.8137265
864,2023-12-04,39969.61,42418.42,39969.61,41985.41,17506.645624,725479245.2978845
863,2023-12-05,41985.41,44496.99,41388.0,44073.67,20570.159041,884552237.094
862,2023-12-06,44073.67,44290.0,43361.31,43761.75,12477.042568,547525952.2816976
861,2023-12-07,43761.75,44048.35,42832.49,43272.71,13132.332546,569975393.9933912
860,2023-12-08,43272.71,44717.63,43083.55,44170.71,9475.379776,414444143.9494018
859,2023-12-09,44170.71,44357.39,43509.32,43711.98,5245.37498,230639940.81265292
858,2023-12-10,43711.98,44047.3,43560.76,43790.53,3552.163633,155620954.5921005
857,2023-12-11,43790.53,43805.29,40226.56,41252.56,23178.722388,967462149.865342
856,2023-12-12,41252.56,42116.58,40678.89,41489.47,11627.584303,482426141.92151016
855,2023-12-13,41489.47,43500.0,40563.6,42867.51,12900.554791,540570525.1239
854,2023-12-14,42867.51,43432.94,41317.58,43020.44,11088.378856,473506403.4619644
853,2023-12-15,43020.44,43082.04,41658.26,41941.98,7673.364488,325263508.8430524
852,2023-12-16,41941.98,42715.0,41611.0,42276.0,3815.760986,161361525.4300498
851,2023-12-17,42276.0,42423.6,41243.14,41378.83,7687.697846,322157040.64846116
850,2023-12-18,41378.83,42757.04,40545.43,42658.51,14360.108629,595955551.1717753
849,2023-12-19,42658.51,43493.79,41806.91,42275.62,11897.237594,507797991.9375235
848,2023-12-20,42275.62,44295.93,42204.01,43666.91,11610.035301,504473808.46690464
847,2023-12-21,43666.91,44241.16,43293.75,43862.01,7961.891752,348146398.5970192
846,2023-12-22,43862.01,44403.0,43410.0,43969.91,7616.573114,334113154.89015937
845,2023-12-23,43969.91,43990.71,43257.1,43704.06,2743.69554,119733229.1752417
844,2023-12-24,43704.06,43945.91,42557.0,42997.91,4583.52926,198657653.95822746
843,2023-12-25,42997.91,43811.15,42697.03,43572.0,4411.945097,191567348.68024907
842,2023-12-26,43572.0,43591.9,41601.34,42512.18,9191.386382,390432109.9377243
841,2023-12-27,42512.18,43667.5,42113.96,43433.25,7902.878983,339435715.2385864
840,2023-12-28,43433.25,43791.99,42266.63,42565.01,8200.502993,351632017.72471535
839,2023-12-29,42565.01,43113.22,41275.51,42064.0,10858.457979,458948377.1152261
838,2023-12-30,42064.0,42613.65,41526.0,42145.17,5337.652962,224884662.4891783
837,2023-12-31,42145.17,42890.99,41968.04,42284.0,4389.904453,186283055.8290543
836,2024-01-01,42284.0,44195.8,42183.84,44175.0,5582.393588,240657414.04983622
835,2024-01-02,44175.0,45886.7,44147.29,44950.95,15797.345713,713409963.5312722
834,2024-01-03,44950.95,45507.99,40222.1,42842.0,27469.436229,1179071162.0077996
833,2024-01-04,42842.0,44791.89,42622.37,44151.2,11226.164488,490919905.98401654
832,2024-01-05,44151.2,44369.19,42267.44,44147.05,14167.406794,618434358.3180583
831,2024-01-06,44147.05,44208.95,43397.02,43970.0,4453.125413,195047229.1396947
830,2024-01-07,43970.0,44478.24,43599.0,43930.0,4472.3062,197013648.73649335
829,2024-01-08,43930.0,47249.4,43180.0,46949.87,15137.438092,683723622.9902703
828,2024-01-09,46949.87,48000.0,44631.9,46110.77,18425.819719,855617744.8075925
827,2024-01-10,46110.77,47689.52,44291.67,46650.28,26598.310039,1218244916.2118335
826,2024-01-11,46650.28,48975.0,45563.54,46342.0,20489.30878,961030340.0179971
825,2024-01-12,46342.0,46513.68,41389.14,42784.0,21517.607708,951564651.6263726
824,2024-01-13,42784.0,43254.7,42438.2,42842.34,8774.633499,375940549.2765652
823,2024-01-14,42842.34,43076.16,41721.94,41732.0,7359.211204,312980836.8444979
822,2024-01-15,41732.0,43380.0,41715.75,42516.28,10082.8385,429746267.7487457
821,2024-01-16,42516.28,43575.03,42041.28,43140.0,11626.165189,499071287.31913275
820,2024-01-17,43140.0,43194.18,42206.64,42774.0,9037.3724,385711831.81140804
819,2024-01-18,42774.0,42925.74,40682.94,41323.16,12998.212595,543658929.4962028
818,2024-01-19,41323.16,42192.64,40279.07,41659.89,13455.989308,554796750.8809522
817,2024-01-20,41659.89,41877.08,41455.76,41694.9,3428.945129,142698072.78437316
816,2024-01-21,41694.9,41878.0,41500.82,41583.54,3462.926258,144403241.31729683
815,2024-01-22,41583.54,41685.95,39416.66,39566.0,18793.226709,761062058.0755385
814,2024-01-23,39566.0,40185.38,38552.63,39902.59,15972.588961,627483684.1426033
813,2024-01-24,39902.59,40564.64,39487.85,40084.52,8838.303112,353088203.8322159
812,2024-01-25,40084.52,40304.85,39547.57,39959.93,6076.05681,242594643.50836116
811,2024-01-26,39959.93,42250.0,39826.69,41821.38,11341.077584,467314396.58633536
810,2024-01-27,41821.38,42192.0,41392.01,42123.01,2706.22477,113139005.57428248
809,2024-01-28,42123.01,42840.44,41614.74,42031.21,5850.795293,247346079.66111368
808,2024-01-29,42031.21,43321.9,41796.89,43303.37,6968.034102,296658770.7855917
807,2024-01-30,43303.37,43870.66,42684.0,42944.82,7266.843699,315459145.4336221
806,2024-01-31,42944.82,43744.95,42287.38,42583.02,7484.986952,321477455.4718578
805,2024-02-01,42583.02,43295.93,41876.96,43083.28,8350.198557,355310442.3347833
804,2024-02-02,43083.28,43487.48,42551.61,43199.99,7190.927441,309537376.9739556
803,2024-02-03,43199.99,43384.78,42880.89,43016.9,2194.065341,94596023.60708387
802,2024-02-04,43016.9,43124.1,42209.45,42585.72,2991.635522,128067712.99694762
801,2024-02-05,42585.72,43568.85,42253.99,42710.9,6689.318778,286556535.0917819
800,2024-02-06,42710.9,43388.03,42573.97,43099.92,6863.360603,295069458.7752784
799,2024-02-07,43099.92,44393.36,42790.0,44350.19,9997.387723,435183303.5582625
798,2024-02-08,44350.19,45615.0,44328.0,45289.99,13581.610053,610969781.7523221
797,2024-02-09,45289.99,48213.0,45245.42,47134.25,32971.508647,1548973760.5161748
796,2024-02-10,47134.25,48183.92,46845.02,47748.19,7001.160011,331863656.6295625
795,2024-02-11,47748.19,48593.45,47565.64,48304.25,7881.070868,379750907.1081709
794,2024-02-12,48304.25,50355.99,47710.71,49922.01,18304.96952,900382675.3940109
793,2024-02-13,49922.01,50375.26,48302.0,49701.86,16883.800205,833035555.8051819
792,2024-02-14,49701.86,52050.0,49222.54,51794.47,21095.211089,1078493308.3728845
791,2024-02-15,51794.47,52813.99,51300.01,51878.01,19158.832033,997560420.9351443
790,2024-02-16,51878.01,52569.52,51556.27,52124.0,12490.750842,649718551.7846129
789,2024-02-17,52124.0,52164.64,50619.39,51647.99,9217.13376,473619090.1626191
788,2024-02-18,51647.99,52387.56,51157.01,52137.0,5987.689191,310084332.98249185
787,2024-02-19,52137.0,52489.52,51686.95,51777.05,7972.10762,415509266.4588935
786,2024-02-20,51777.05,53002.58,50750.01,52261.25,16770.199623,870155566.8841431
785,2024-02-21,52261.25,52366.23,50535.62,51841.68,14153.570223,725690580.0520908
784,2024-02-22,51841.68,52078.55,50936.01,51291.09,10743.332405,553907182.3339112
783,2024-02-23,51291.09,51545.94,50530.06,50745.44,9185.690886,468718849.53876626
782,2024-02-24,50745.44,51697.3,50581.33,51565.5,4204.674497,215307456.781179
781,2024-02-25,51565.5,51977.22,51281.69,51729.49,4889.34939,252532152.52903524
780,2024-02-26,51729.49,54909.99,50898.37,54478.0,19735.61423,1046680562.9797388
779,2024-02-27,54478.0,57611.93,54445.52,57038.45,26333.028888,1488021974.5275996
778,2024-02-28,57038.45,64171.64,56696.3,62424.12,41567.570919,2509693545.8274426
777,2024-02-29,62424.12,63705.0,60382.16,61132.0,37783.712318,2345835908.9074287
776,2024-03-01,61132.0,63113.59,60686.76,62380.26,16832.281891,1041516588.0846957
775,2024-03-02,62380.26,62439.47,61526.31,61997.15,9356.79791,580101502.7980202
774,2024-03-03,61997.15,63245.79,61307.46,63112.77,12476.199541,776180333.1503236
773,2024-03-04,63112.77,68500.0,62205.94,68245.29,34244.974575,2237076327.1830053
772,2024-03-05,68245.29,69138.0,59085.56,63723.09,49940.937932,3277731327.615736
771,2024-03-06,63723.09,67663.16,62785.64,66066.49,37966.118079,2499843343.59991
770,2024-03-07,66066.49,67999.0,65540.47,66818.02,17522.973526,1171289583.1471229
769,2024-03-08,66818.02,70000.0,66064.19,68108.02,17498.19875,1188859585.2257838
768,2024-03-09,68108.02,68532.67,67852.91,68316.0,4067.642428,277525181.6159837
767,2024-03-10,68316.0,69885.0,68071.08,68944.01,8524.324838,590131550.5210812
766,2024-03-11,68944.01,72797.0,66917.82,72076.0,21475.708333,1521936856.949152
765,2024-03-12,72076.0,73130.5,68626.9,71447.64,21806.549398,1555575213.437573
764,2024-03-13,71447.64,73656.0,71317.22,73079.4,12271.073037,892094262.4590673
763,2024-03-14,73079.4,73800.0,68578.85,71399.1,17223.581456,1229207251.990973
762,2024-03-15,71399.1,72424.72,65600.0,69503.0,33292.507682,2270837086.5373354
761,2024-03-16,69503.0,70051.25,64752.6,65304.54,19614.032803,1329744088.9950006
760,2024-03-17,65304.54,68910.0,64530.02,68395.39,16745.445397,1117658720.2182646
759,2024-03-18,68395.39,68983.17,66530.0,67616.0,19121.201409,1294768038.021093
758,2024-03-19,67616.0,68128.0,61544.78,61936.89,27200.9375,1752514746.1022022
757,2024-03-20,61936.89,68110.27,60760.82,67837.63,26254.377223,1679011913.4363267
756,2024-03-21,67837.63,68244.89,64519.94,65503.52,20706.743505,1381320940.0191016
755,2024-03-22,65503.52,66650.0,62270.04,63806.57,17141.242835,1103359300.7794971
754,2024-03-23,63806.57,66012.39,63000.0,63990.83,7161.032285,462790034.70968044
753,2024-03-24,63990.83,67639.99,63800.01,67212.25,9629.9919,631600762.5744005
752,2024-03-25,67212.25,71153.75,66375.89,69859.1,20453.511092,1393937218.038331
751,2024-03-26,69859.1,71560.0,69276.3,69997.04,18184.0999,1281507551.8447428
750,2024-03-27,69997.04,71795.69,68342.72,69470.79,13973.289727,973391727.3276715
749,2024-03-28,69470.79,71533.12,68901.22,70793.65,9217.055282,650013606.3534062
748,2024-03-29,70793.65,70930.72,69000.0,69855.27,7338.772207,513469037.54012245
747,2024-03-30,69855.27,70325.0,69535.05,69588.47,3217.048594,225019414.67941242
746,2024-03-31,69588.47,71388.44,69555.01,71294.77,4217.149479,297546871.9899318
745,2024-04-01,71294.77,71304.81,68050.0,69650.61,11272.390191,782856683.2846497
744,2024-04-02,69650.61,69684.7,64577.93,65469.99,19454.432159,1287091289.942708
743,2024-04-03,65469.99,66913.44,64434.42,65963.09,12424.225232,819871765.0017357
742,2024-04-04,65963.09,69324.99,65061.3,68494.29,12205.465318,821348613.841698
741,2024-04-05,68494.29,68756.34,65955.0,67825.07,12936.110816,872084160.9697635
740,2024-04-06,67825.07,69683.09,67454.28,68894.75,5287.961355,360490336.25487334
739,2024-04-07,68894.75,70334.3,68812.49,69352.38,7151.265243,496682087.24560755
738,2024-04-08,69352.38,72784.7,69040.0,71630.31,12436.984031,887652672.3640707
737,2024-04-09,71630.31,71766.96,68180.01,69140.58,11900.281176,832573350.702973
736,2024-04-10,69140.58,71189.61,67500.0,70629.34,12522.115466,864662866.6878705
735,2024-04-11,70629.34,71308.61,69555.0,70006.3,11097.648846,781091170.7051078
734,2024-04-12,70006.3,71249.99,65000.0,67112.38,15447.281832,1059471407.3419417
733,2024-04-13,67112.38,67944.98,60000.01,63928.07,26580.026547,1725730528.3011293
732,2024-04-14,63928.07,65859.56,62119.08,65663.91,20823.608774,1334549019.8865962
731,2024-04-15,65663.91,66866.04,62256.13,63430.69,25052.53106,1623606573.095079
730,2024-04-16,63430.69,64419.77,61575.76,63795.53,23640.388453,1485100208.7183282
729,2024-04-17,63795.53,64518.5,59652.26,61278.19,23855.356161,1480851817.2569158
728,2024-04-18,61278.19,64136.23,60793.57,63471.0,22674.894688,1416391925.8805208
727,2024-04-19,63471.0,65453.07,59580.0,63812.9,27931.173515,1772112483.0488403
726,2024-04-20,63812.9,65429.99,63083.01,64939.0,8439.459572,541777548.1171645
725,2024-04-21,64939.0,65704.84,64231.29,64943.17,7046.427166,457590820.4837997
724,2024-04-22,64943.17,67240.79,64504.0,66811.56,14312.135788,944839171.5152992
723,2024-04-23,66811.56,67181.6,65790.31,66417.53,12381.038037,822873224.4623822
722,2024-04-24,66417.53,67088.8,63602.0,64286.9,16171.480986,1061570880.7319236
721,2024-04-25,64286.9,65303.0,62777.36,64495.92,17461.266457,1120150989.1745183
720,2024-04-26,64495.92,64822.78,63313.7,63777.35,17141.815069,1099942738.660377
719,2024-04-27,63777.35,63929.01,62395.8,63455.86,11511.057753,725960056.8973598
718,2024-04-28,63455.86,64374.92,62759.0,63121.38,11025.671094,701895770.0734016
717,2024-04-29,63121.38,64218.75,61774.09,63867.84,16453.0282,1031259458.6099849
716,2024-04-30,63867.84,64735.32,59180.12,60681.36,20140.608003,1238288612.4380515
715,2024-05-01,60681.36,60856.77,56542.32,58341.1,23911.377215,1388484690.4976344
714,2024-05-02,58341.1,59633.32,56937.51,59063.6,16190.803101,946449419.4920014
713,2024-05-03,59063.6,63343.66,58807.61,62877.97,17674.383863,1075658586.3197963
712,2024-05-04,62877.97,64539.04,62542.46,63894.37,10197.767219,647352535.8967108
711,2024-05-05,63894.37,64661.14,62880.0,64020.72,9632.016632,614431523.4612353
710,2024-05-06,64020.72,65513.99,62685.0,63166.31,14010.714862,896083209.3006538
709,2024-05-07,63166.31,64419.12,62251.4,62326.12,13047.809379,828237061.7800785
708,2024-05-08,62326.12,63029.99,60881.0,61198.46,13187.540178,820596063.544357
707,2024-05-09,61198.46,63436.46,60611.03,63072.51,11851.63103,732170363.8968523
706,2024-05-10,63072.51,63465.0,60180.0,60803.75,15491.635371,957066183.22502
705,2024-05-11,60803.75,61520.0,60480.01,60834.11,6478.588009,394791301.9932453
704,2024-05-12,60834.11,61891.49,60603.69,61478.29,6539.214135,400403516.2399281
703,2024-05-13,61478.29,63468.56,60750.0,62932.71,17247.863118,1075109216.4938717
702,2024-05-14,62932.71,63113.25,61101.0,61574.29,14601.271824,904101899.7574145
701,2024-05-15,61574.29,66458.49,61337.16,66211.22,18387.694884,1176892600.332389
700,2024-05-16,66211.22,66769.85,64600.0,65242.59,15990.04851,1051914751.8717827
699,2024-05-17,65242.59,67458.04,65102.17,67007.99,13668.525782,907346145.8835275
698,2024-05-18,67007.99,67379.43,66567.4,66909.33,7394.443314,494991418.71254516
697,2024-05-19,66909.33,67730.88,65869.44,66267.58,8902.925101,595244065.635312
696,2024-05-20,66267.58,71556.13,66058.89,71432.8,20557.01204,1400701793.6271722
695,2024-05-21,71432.8,71981.11,69153.24,70153.0,16546.611129,1168884485.4367218
694,2024-05-22,70153.0,70677.47,68896.2,69163.1,15990.402173,1116375412.855423
693,2024-05-23,69163.1,70096.43,66299.22,67971.36,19022.936648,1304771626.6586578
692,2024-05-24,67971.36,69257.66,66611.44,68563.06,12600.48499,855258143.4771129
691,2024-05-25,68563.06,69625.0,68502.0,69292.07,5310.57936,366419550.46514267
690,2024-05-26,69292.07,69558.4,68160.0,68510.0,6485.364258,447135400.16276383
689,2024-05-27,68510.0,70696.14,68257.01,69431.61,16441.96352,1135774603.7493458
688,2024-05-28,69431.61,69593.09,67264.6,68406.58,15524.263762,1058392659.1405004
687,2024-05-29,68406.58,68936.84,67133.91,67648.85,15926.62647,1081718834.8802164
686,2024-05-30,67648.85,69520.23,67128.74,68356.69,18075.029869,1232794441.157374
685,2024-05-31,68356.69,69053.77,66649.0,67541.3,9210.838185,625330166.2230333
684,2024-06-01,67541.3,67894.64,67435.0,67763.27,3225.202275,218338325.62389466
683,2024-06-02,67763.27,68472.24,67290.07,67765.5,6140.09845,416763755.2162739
682,2024-06-03,67765.5,70298.0,67605.0,68808.04,14339.197907,990631878.3001834
681,2024-06-04,68808.04,71081.56,68567.79,70535.9,14561.702063,1015869257.4602783
680,2024-06-05,70535.9,71772.99,70379.81,71113.08,12916.721058,918100831.3866907
679,2024-06-06,71113.08,71662.99,70101.96,70799.8,12156.486739,863484876.4648262
678,2024-06-07,70799.8,72000.0,68369.24,69354.07,16532.354939,1165069790.0609803
677,2024-06-08,69354.07,69588.48,69167.54,69301.94,5774.59592,400732164.8993426
676,2024-06-09,69301.94,69853.68,69133.84,69643.54,4967.488751,345272550.1414263
675,2024-06-10,69643.54,70232.13,69166.85,69528.41,10936.022114,761230625.0511401
674,2024-06-11,69528.41,69581.02,66019.01,67313.8,23686.897516,1596497930.1414592
673,2024-06-12,67313.8,70025.73,66894.79,68264.02,20264.13826,1387749609.5649815
672,2024-06-13,68264.02,68472.61,66259.68,66775.46,18548.629659,1249791607.7112367
671,2024-06-14,66775.46,67368.34,65057.23,66047.32,17740.729591,1177320861.2624621
670,2024-06-15,66047.32,66479.99,65843.41,66222.31,6522.871127,431885901.262875
669,2024-06-16,66222.31,66980.19,66037.23,66673.72,7667.543741,510039048.4736625
668,2024-06-17,66673.72,67305.58,65120.3,66485.46,20212.270742,1336135682.207244
667,2024-06-18,66485.46,66589.1,64044.12,65178.29,26600.760875,1731877322.6847565
666,2024-06-19,65178.29,65733.44,64670.0,64964.02,14175.184918,923745260.0028536
665,2024-06-20,64964.02,66487.0,64550.0,64876.83,17730.894769,1157916197.4769647
664,2024-06-21,64876.83,65079.75,63368.63,64142.67,18999.233571,1217639453.2932851
663,2024-06-22,64142.67,64532.36,63937.5,64259.11,5025.851422,323157080.14842343
662,2024-06-23,64259.11,64519.68,63163.63,63209.63,6867.007231,439727012.3739095
661,2024-06-24,63209.63,63370.16,58382.94,60297.29,34352.129649,2103525236.7909408
660,2024-06-25,60297.29,62427.41,60256.49,61804.29,19623.101274,1202641309.2194366
659,2024-06-26,61804.29,62493.01,60704.75,60857.49,15660.472163,961866539.5405109
658,2024-06-27,60857.49,62398.87,60607.7,61695.87,16742.737307,1027753398.336473
657,2024-06-28,61695.87,62233.23,60038.29,60433.19,20671.496475,1265748094.3817992
656,2024-06-29,60433.19,61239.61,60400.0,60979.9,7932.12952,483248688.6461754
655,2024-06-30,60979.9,63068.91,60707.31,62772.83,9159.040658,565136702.9873848
654,2024-07-01,62772.83,63863.88,62527.77,62893.02,17146.216819,1082659903.1514397
653,2024-07-02,62893.02,63295.86,61810.5,62131.02,12553.43583,784268143.5301111
652,2024-07-03,62131.02,62286.36,59387.59,60211.1,19925.700455,1206263679.8404517
651,2024-07-04,60211.1,60503.22,56752.13,57056.28,25290.405451,1470777653.4515896
650,2024-07-05,57056.28,57555.0,53345.94,56631.52,23088.571336,1282878717.2157083
649,2024-07-06,56631.52,58485.47,56018.21,58239.99,9940.385056,567901563.724745
648,2024-07-07,58239.99,58445.8,55718.61,55864.83,10727.975865,614742797.2961593
647,2024-07-08,55864.83,58220.0,54277.81,56711.66,17367.690054,977413163.0465367
646,2024-07-09,56711.66,58312.0,56291.83,58048.52,13123.359683,753640656.1968397
645,2024-07-10,58048.52,59482.0,57149.27,57733.33,16643.830341,968048405.3024538
644,2024-07-11,57733.33,59559.73,57049.96,57343.88,15993.704904,928676592.9613605
643,2024-07-12,57343.88,58536.45,56538.8,57891.49,14623.710134,840594481.3592277
642,2024-07-13,57891.49,59858.0,57750.0,59204.58,10465.033445,612558728.3136714
641,2024-07-14,59204.58,61433.24,59193.96,60791.33,12725.297318,764045293.2619418
640,2024-07-15,60791.33,64912.45,60649.91,64721.37,20967.809277,1320917551.3451993
639,2024-07-16,64721.37,65399.96,62382.93,65047.0,20752.661083,1329816905.570842
638,2024-07-17,65047.0,66129.54,63846.77,64085.63,16203.975781,1053473638.2940327
637,2024-07-18,64085.63,65119.53,63233.74,63994.11,14569.080138,936429055.7443615
636,2024-07-19,63994.11,67397.34,63295.59,66660.74,19191.988302,1253490238.8860574
635,2024-07-20,66660.74,67617.4,66227.8,67132.56,9565.078733,639517970.0172309
634,2024-07-21,67132.56,68381.0,65777.0,68170.01,13408.005022,901005393.9335847
633,2024-07-22,68170.01,68486.01,66498.24,67530.82,16543.216145,1116994135.4571242
632,2024-07-23,67530.82,67757.15,65429.98,65939.31,19665.680248,1308312735.1639037
631,2024-07-24,65939.31,67112.98,65072.02,65377.2,16271.02964,1075835612.9265833
630,2024-07-25,65377.2,66190.32,63443.43,65805.11,20832.6,1344623705.1628501
629,2024-07-26,65805.11,68219.02,65722.43,67909.78,16963.709995,1141313387.9746487
628,2024-07-27,67909.78,69415.15,66635.03,67899.4,17645.18666,1204129501.5481288
627,2024-07-28,67899.4,68339.05,67052.69,68242.63,11702.165925,793396255.7486846
626,2024-07-29,68242.63,70067.09,66421.36,66781.35,20898.030085,1431466290.501029
625,2024-07-30,66781.35,66993.73,65299.25,66191.9,17425.82067,1155579877.857919
624,2024-07-31,66191.9,66844.54,64524.9,64631.66,16971.366944,1119907622.6486948
623,2024-08-01,64631.66,65664.17,62276.07,65359.52,26649.072201,1704885673.436931
622,2024-08-02,65359.52,65604.69,61220.51,61492.7,30995.032601,1972178711.9754477
621,2024-08-03,61492.7,62195.44,59845.0,60706.71,24048.623913,1473104998.6123004
620,2024-08-04,60706.71,61117.99,57141.0,58165.87,22629.787445,1350336542.3474417
619,2024-08-05,58165.87,58308.01,48974.0,54024.47,83370.985286,4421687464.756573
618,2024-08-06,54024.47,57078.28,53946.16,56019.93,29868.423264,1666490223.5253727
617,2024-08-07,56019.93,57753.0,54548.7,55143.12,24187.586582,1361839904.2855089
616,2024-08-08,55143.12,62745.45,54736.64,61686.97,26074.519089,1522062950.9664679
615,2024-08-09,61686.97,61757.07,59520.53,60845.02,22877.550585,1388828202.5165842
614,2024-08-10,60845.02,61484.99,60240.58,60923.71,22990.614685,1396413061.0953786
613,2024-08-11,60923.71,61878.81,58293.1,58726.67,28202.702765,1704906456.7220194
612,2024-08-12,58726.67,60710.73,57655.11,59349.13,27839.413569,1641059979.617997
611,2024-08-13,59349.13,61580.75,58400.4,60582.31,29862.524312,1782499113.9570558
610,2024-08-14,60582.31,61850.0,58433.32,58685.49,32947.538838,1981939832.8048236
609,2024-08-15,58685.49,59856.38,56089.73,57539.07,32362.575698,1889284097.891663
608,2024-08-16,57539.07,59826.56,57096.07,58879.89,27341.740089,1596609092.9877546
607,2024-08-17,58879.89,59716.92,58795.12,59498.11,22733.116628,1347783670.3838284
606,2024-08-18,59498.11,60282.67,58419.36,58434.57,21951.936645,1309337609.1484787
605,2024-08-19,58434.57,59613.17,57793.59,59439.59,26188.860492,1534520227.7683048
604,2024-08-20,59439.59,61425.0,58510.0,59007.92,25494.475747,1530542351.2099843
603,2024-08-21,59007.92,61829.56,58776.44,61152.67,25831.176681,1547386466.6969104
602,2024-08-22,61152.67,61417.81,59700.0,60388.68,23357.894027,1417667501.4710453
601,2024-08-23,60388.68,65000.0,60338.34,64046.3,26153.535146,1623983573.6915028
600,2024-08-24,64046.3,64500.0,63543.28,64153.5,19546.945175,1252154804.3250523
599,2024-08-25,64153.5,65032.12,63780.0,64218.1,18111.952814,1162032842.1144884
598,2024-08-26,64218.1,64479.22,62796.41,62834.75,26594.582272,1692581453.8617122
597,2024-08-27,62834.75,63213.07,57955.58,59411.08,33807.337927,2088185599.163004
596,2024-08-28,59411.08,60257.77,57801.54,59044.69,23996.944745,1421443107.4475985
595,2024-08-29,59044.69,61175.07,58703.08,59348.57,18827.563337,1124444231.841139
594,2024-08-30,59348.57,59944.16,57700.0,59130.23,19456.016647,1148561091.5127566
593,2024-08-31,59130.23,59463.0,58736.42,58972.48,7176.997611,423843907.30189884
592,2024-09-01,58972.48,59080.67,57162.76,57293.29,16960.761333,986260588.4842162
591,2024-09-02,57293.29,59432.74,57124.21,59142.75,23098.25972,1345918463.2100213
590,2024-09-03,59142.75,59825.0,57401.01,57481.78,20902.434172,1222786403.5414088
589,2024-09-04,57481.78,58526.02,55566.05,57972.69,30443.293677,1736230098.1085956
588,2024-09-05,57972.69,58333.08,55632.01,56177.67,28363.931568,1611468444.7278748
587,2024-09-06,56177.67,57018.51,52535.5,53961.62,33299.00433,1834936672.462319
586,2024-09-07,53961.62,54851.34,53750.02,54164.51,22779.134421,1236286170.4098992
585,2024-09-08,54164.51,55324.49,53628.06,54877.92,14830.880938,806452959.4971524
584,2024-09-09,54877.92,58130.24,54591.47,57039.58,21486.315072,1198707759.0166748
583,2024-09-10,57039.58,58052.21,56383.76,57643.48,25482.208587,1454347367.1833742
582,2024-09-11,57643.48,57991.0,55555.0,57334.15,26867.906044,1526657444.290603
581,2024-09-12,57334.15,58582.8,57318.13,58134.02,24532.880423,1423620394.1847703
580,2024-09-13,58134.02,60628.71,57627.44,60486.46,27348.341105,1605012877.9185715
579,2024-09-14,60486.46,60605.59,59381.96,59993.99,10879.880909,652816042.8940647
578,2024-09-15,59993.99,60402.87,58686.66,59125.26,12611.025092,755203245.5499699
577,2024-09-16,59125.26,59212.21,57471.2,58211.04,19796.213432,1154190845.742721
576,2024-09-17,58211.04,61345.51,57612.68,60311.99,27008.456074,1608103647.671787
575,2024-09-18,60311.99,61797.43,59174.08,61771.74,28543.499462,1718007459.323655
574,2024-09-19,61771.74,63856.57,61555.63,62950.21,31569.317675,1978996824.350128
573,2024-09-20,62950.21,64144.41,62338.46,63201.84,23545.225218,1488730530.7780888
572,2024-09-21,63201.84,63564.66,62737.08,63347.97,13117.832571,827813673.0274849
571,2024-09-22,63347.97,64013.36,62368.5,63581.2,16444.715405,1035673828.9034585
570,2024-09-23,63581.2,64767.8,62560.0,63336.66,23413.251408,1488260840.4569614
569,2024-09-24,63336.66,64715.51,62701.8,64274.89,21718.792886,1379620686.7914057
568,2024-09-25,64274.89,64842.08,62942.65,63150.7,24050.728287,1532344391.782027
567,2024-09-26,63150.7,65848.4,62676.36,65172.72,30279.332553,1950809157.1334233
566,2024-09-27,65172.72,66586.26,64817.57,65779.84,31244.426455,2050374810.2181919
565,2024-09-28,65779.84,66272.57,65425.0,65850.14,9543.499644,627547674.5927091
564,2024-09-29,65850.14,66090.67,65424.22,65601.78,6883.538165,452411486.1398077
563,2024-09-30,65601.78,65634.62,62843.01,63309.05,24387.647721,1558376783.9750397
562,2024-10-01,63309.05,64127.88,60159.92,60812.41,34614.967726,2165084665.7008486
561,2024-10-02,60812.41,62400.0,59974.6,60643.07,24433.166809,1495399883.6358109
560,2024-10-03,60643.07,61485.54,59861.28,60756.13,26729.110701,1623846806.585523
559,2024-10-04,60756.13,62486.35,60458.93,62090.14,23662.217058,1455763346.2874691
558,2024-10-05,62090.14,62382.03,61680.63,62059.37,8936.861444,554562659.2581302
557,2024-10-06,62059.37,62983.78,61814.96,62824.8,9037.917928,564027888.4308068
556,2024-10-07,62824.8,64470.19,62115.15,62218.75,19762.195435,1252397500.1825447
555,2024-10-08,62218.75,63202.67,61857.13,62156.22,20361.789732,1271081290.2140286
554,2024-10-09,62156.22,62550.98,60300.68,60633.65,20841.613492,1289185331.581962
553,2024-10-10,60633.65,61324.9,58941.85,60326.49,18666.316747,1128516687.912835
552,2024-10-11,60326.49,63435.38,60088.58,62534.12,17204.011597,1060913245.5533655
551,2024-10-12,62534.12,63487.6,62487.74,63199.08,9736.126941,613057653.9909804
550,2024-10-13,63199.08,63289.45,62045.39,62867.12,11442.181996,717364481.3065106
549,2024-10-14,62867.12,66590.46,62450.0,66089.83,21521.978837,1395543826.2269795
548,2024-10-15,66089.83,67977.01,64789.48,67071.48,25016.157631,1654676922.003879
547,2024-10-16,67071.48,68427.0,66727.75,67614.17,20029.969858,1353044860.9710622
546,2024-10-17,67614.17,67939.48,66636.0,67420.37,16879.204901,1134778446.9499538
545,2024-10-18,67420.37,69034.0,67188.32,68430.41,17192.907787,1171467378.6781547
544,2024-10-19,68430.41,68697.6,68002.28,68380.02,5858.464872,400157908.6839095
543,2024-10-20,68380.02,69416.47,68096.09,69035.9,7184.752603,493083701.53720313
542,2024-10-21,69035.9,69555.0,66842.76,67381.29,19112.22973,1300572066.398728
541,2024-10-22,67381.29,67843.74,66553.14,67427.02,16962.728505,1141226783.6733608
540,2024-10-23,67427.02,67476.12,65250.68,66674.36,19484.102718,1295015854.5520008
539,2024-10-24,66674.36,68849.0,66515.12,68192.72,17628.585872,1190209339.552063
538,2024-10-25,68192.72,68773.63,65568.3,66695.08,24034.221763,1621799624.8780465
537,2024-10-26,66695.08,67631.63,66440.03,67099.69,13141.57263,879912309.9510614
536,2024-10-27,67099.69,68334.13,66933.04,68024.08,13059.408984,883068576.3194515
535,2024-10-28,68024.08,70332.98,67603.83,69962.64,20577.900481,1414280748.4342334
534,2024-10-29,69962.64,73646.96,69757.19,72742.75,20328.655935,1459260742.17052
533,2024-10-30,72742.75,72975.07,71427.84,72353.98,19269.623926,1391095206.8595414
532,2024-10-31,72353.98,72707.4,69681.13,70304.94,15876.955182,1131988656.2574563
531,2024-11-01,70304.94,71638.32,68810.45,69492.41,20490.548345,1430822045.2106678
530,2024-11-02,69492.41,69915.97,69014.83,69373.02,8113.860038,563847237.4414736
529,2024-11-03,69373.02,69386.55,67474.03,68770.4,17190.409298,1176097373.406905
528,2024-11-04,68770.4,69499.39,66830.44,67850.17,21605.880461,1476568383.420407
527,2024-11-05,67850.17,70549.99,67469.49,69376.62,22718.395374,1571563819.772801
526,2024-11-06,69376.62,76397.01,69285.85,75578.4,39037.760596,2885309680.058708
525,2024-11-07,75578.4,76838.38,74418.2,75856.84,27315.776032,2059945930.699224
524,2024-11-08,75856.84,77199.22,75582.72,76498.67,22220.725036,1692707510.135528
523,2024-11-09,76498.67,76911.99,75699.24,76670.84,12795.119362,977336410.9244246
522,2024-11-10,76670.84,81518.0,76488.71,80355.85,28648.21327,2266259905.050025
521,2024-11-11,80355.85,89666.0,80210.39,88653.57,36428.853454,3051924574.304175
520,2024-11-12,88653.57,89940.65,85083.73,87919.73,44096.667465,3866092871.6445036
519,2024-11-13,87919.73,93271.57,86080.63,90372.9,38729.404317,3462390497.105324
518,2024-11-14,90372.9,91787.11,86645.92,87331.26,28902.881511,2588067738.6423635
517,2024-11-15,87331.26,91857.47,87063.8,91018.69,25694.432521,2289575611.159178
516,2024-11-16,91018.69,91755.54,90064.03,90577.4,16161.035378,1470714840.4965758
515,2024-11-17,90577.4,91466.38,88706.25,89852.56,19124.957515,1727225065.7940753
514,2024-11-18,89852.56,92630.87,89355.57,90462.78,28990.734587,2636969003.871085
513,2024-11-19,90462.78,93914.21,90353.72,92302.34,30290.013603,2788140230.265905
512,2024-11-20,92302.34,94831.26,91452.63,94299.65,29860.769959,2787445754.9995737
511,2024-11-21,94299.65,98942.19,94026.09,98320.38,34399.377715,3335856385.163261
510,2024-11-22,98320.38,99593.2,97139.98,98886.58,26933.368752,2655253265.2626834
509,2024-11-23,98886.58,98892.66,97120.0,97672.5,18045.072413,1772754230.298082
508,2024-11-24,97672.5,98564.52,95647.38,97927.53,24844.581246,2415303212.5568767
507,2024-11-25,97927.53,98870.0,92600.0,92970.66,35894.479408,3465236259.8092546
506,2024-11-26,92970.66,94998.05,90777.61,91956.47,39889.553956,3714621105.0474205
505,2024-11-27,91956.47,97205.49,91784.81,95840.17,34718.023646,3268176324.0527844
504,2024-11-28,95840.17,96561.44,94633.16,95643.21,26950.700255,2571571644.020513
503,2024-11-29,95643.21,98623.43,95358.95,97442.02,24026.846353,2326313491.783146
502,2024-11-30,97442.02,97450.7,96080.69,96416.45,10112.093814,978058474.8471026
501,2024-12-01,96416.45,97833.27,95695.61,97192.64,13315.929962,1289846093.3091135
500,2024-12-02,97192.64,98136.0,94377.93,95819.47,30154.593592,2897586361.2865562
499,2024-12-03,95819.47,96293.92,93571.0,95848.38,22777.468721,2172177765.312119
498,2024-12-04,95848.38,99000.0,94569.93,98573.35,25247.423291,2436972422.3393173
497,2024-12-05,98573.35,104285.37,90804.06,96908.75,47527.266043,4784804521.367714
496,2024-12-06,96908.75,101901.83,96256.55,99723.09,33362.319411,3298181269.2764034
495,2024-12-07,99723.09,100437.44,98836.78,99843.19,18552.151572,1849305365.917778
494,2024-12-08,99843.19,101369.66,98660.6,101112.48,17243.779066,1721263692.6619453
493,2024-12-09,101112.48,101217.47,94052.54,97282.39,33853.927594,3321722597.608907
492,2024-12-10,97282.39,98279.75,94231.72,96585.84,42837.463105,4141597935.874913
491,2024-12-11,96585.84,101894.76,95652.72,101133.19,29579.562193,2927710846.0566025
490,2024-12-12,101133.19,102560.63,99307.41,100001.68,30402.869475,3066200118.142445
489,2024-12-13,100001.68,101923.08,99197.9,101431.58,21602.061301,2171052743.864808
488,2024-12-14,101431.58,102661.3,100608.19,101414.21,21270.585143,2159627906.032209
487,2024-12-15,101414.21,105358.34,101235.27,104486.9,17880.847078,1836923858.9262443
486,2024-12-16,104486.9,107799.99,103342.84,106061.34,25711.45197,2715936697.017269
485,2024-12-17,106061.34,108374.89,105318.24,106121.56,27124.81597,2896397961.412831
484,2024-12-18,106121.56,106500.78,99964.34,100206.58,38110.626113,3952493080.667324
483,2024-12-19,100206.58,102810.32,95685.64,97461.75,34402.225315,3432816533.994373
482,2024-12-20,97461.75,98250.0,92270.71,97810.53,35700.275892,3432798029.516907
481,2024-12-21,97810.53,99550.0,96400.0,97284.56,25226.627631,2464757807.8226676
480,2024-12-22,97284.56,97452.41,94243.36,95184.49,23525.10738,2264866115.7304974
479,2024-12-23,95184.49,96538.53,92517.83,94886.47,28359.186549,2683799917.0274286
478,2024-12-24,94886.47,99499.99,93560.17,98671.43,23938.323931,2303927192.0134606
477,2024-12-25,98671.43,99601.85,97629.66,99440.87,20945.33302,2063201568.6403503
476,2024-12-26,99440.87,99980.75,95194.0,95783.86,25072.760176,2423301565.304719
475,2024-12-27,95783.86,97547.24,93481.23,94300.45,24918.439096,2382484260.7479887
474,2024-12-28,94300.45,95738.6,94127.01,95298.41,13175.275667,1248154267.0385425
473,2024-12-29,95298.41,95342.7,93000.0,93740.11,17086.342995,1611822716.9839065
472,2024-12-30,93740.11,95017.22,91514.06,92789.06,26250.536664,2449728025.9651594
471,2024-12-31,92789.06,96289.09,92032.52,93571.01,16281.819458,1532909082.8174124
470,2025-01-01,93571.01,95171.35,92912.18,94602.88,10054.529632,945957623.4347949
469,2025-01-02,94602.88,97850.0,94390.09,96997.37,23272.394877,2243448218.7838335
468,2025-01-03,96997.37,98988.01,96100.0,98182.95,17020.133825,1658479564.2811685
467,2025-01-04,98182.95,98783.0,97525.0,98225.07,9147.545425,896777670.2818494
466,2025-01-05,98225.07,98841.92,97275.01,98372.94,10802.876804,1059368357.1787481
465,2025-01-06,98372.94,102480.52,97916.5,102222.38,26336.37646,2641176013.436338
464,2025-01-07,102222.38,102734.03,96141.6,96950.74,24861.141445,2468145683.423508
463,2025-01-08,96950.74,97274.08,92508.06,95056.22,31305.429669,2984916789.128979
462,2025-01-09,95056.22,95392.64,91200.0,92543.96,34102.763535,3182218941.5119805
461,2025-01-10,92543.96,95856.34,92204.6,94723.41,37047.201138,3485896777.682862
460,2025-01-11,94723.41,95028.53,93836.29,94617.18,12615.332405,1191037944.5515022
459,2025-01-12,94617.18,95468.68,93716.62,94552.84,14634.201198,1384055234.014952
458,2025-01-13,94552.84,95950.05,89147.0,94544.68,40755.366053,3781978000.179949
457,2025-01-14,94544.68,97386.1,94371.99,96566.31,36624.553906,3517409160.593576
456,2025-01-15,96566.31,100686.24,96503.41,100508.73,36845.69391,3612408651.0475254
455,2025-01-16,100508.73,100887.2,97328.76,99982.56,23405.447642,2325994672.0674324
454,2025-01-17,99982.56,105846.03,99943.55,104084.75,34640.810979,3569487126.289101
453,2025-01-18,104084.75,104990.62,102265.67,104553.19,24193.38729,2509020300.951385
452,2025-01-19,104553.19,106457.79,99652.18,101337.81,34798.567223,3628270118.714127
451,2025-01-20,101337.81,109900.0,99544.15,102268.75,69196.252531,7251659778.181123
450,2025-01-21,102268.75,107237.35,100074.14,106152.63,41775.627108,4335987070.686084
449,2025-01-22,106152.63,106400.0,103334.3,103708.04,27091.874013,2840445302.02168
448,2025-01-23,103708.04,106885.83,101251.41,103906.68,54831.977347,5697100947.939348
447,2025-01-24,103906.68,107136.56,102747.12,104844.88,24096.5723,2533201160.556404
446,2025-01-25,104844.88,105298.91,104094.9,104756.95,9897.712343,1036198262.7976384
445,2025-01-26,104756.95,105521.0,102500.0,102608.32,8310.388668,867915141.7766911
444,2025-01-27,102608.32,103265.39,97750.4,102069.33,40908.525169,4103997124.611562
443,2025-01-28,102069.33,103819.46,100260.81,101323.2,20804.980651,2130241583.4310095
442,2025-01-29,101323.2,104797.15,101316.07,103745.58,21807.686398,2240257938.327474
441,2025-01-30,103745.58,106457.04,103290.02,104732.28,18946.985205,1990569710.0564122
440,2025-01-31,104732.28,106027.86,101526.3,102427.07,13924.236227,1443347249.3463578
439,2025-02-01,102427.07,102781.4,100267.49,100634.02,12393.131199,1262030856.862298
438,2025-02-02,100634.02,101467.7,96126.87,97690.9,33464.699011,3304292525.1128926
437,2025-02-03,97690.9,102481.93,91201.0,101332.37,67790.823389,6509686210.496885
436,2025-02-04,101332.37,101720.83,96128.18,97769.73,41828.109586,4144967983.4137735
435,2025-02-05,97769.73,99186.61,96155.33,96609.92,28563.521158,2792659855.577783
434,2025-02-06,96609.92,99142.68,95678.11,96551.47,32949.734023,3208015787.339972
433,2025-02-07,96551.47,100154.49,95613.02,96495.93,35072.05583,3422875885.0612283
432,2025-02-08,96495.93,96887.72,95687.89,96452.01,11873.583577,1143212390.202832
431,2025-02-09,96452.01,97328.01,94713.67,96463.8,16522.871113,1590997596.767392
430,2025-02-10,96463.8,98364.12,95250.81,97435.56,24557.527103,2385454148.458039
429,2025-02-11,97435.56,98493.17,94874.95,95786.53,23813.434575,2307671454.617334
428,2025-02-12,95786.53,98115.9,94069.03,97867.85,31994.076655,3074119846.9692583
427,2025-02-13,97867.85,98089.84,95218.26,96608.68,25747.045684,2477814431.796987
426,2025-02-14,96608.68,98849.44,96274.23,97504.86,25983.597446,2526241269.3255486
425,2025-02-15,97504.86,97973.99,97223.75,97578.44,15696.329892,1531518543.1316564
424,2025-02-16,97578.44,97710.79,96038.95,96102.77,8351.824453,810801543.784057
423,2025-02-17,96102.77,97037.81,95202.44,95784.63,21570.369153,2072067832.2095218
422,2025-02-18,95784.63,96749.99,93391.66,95664.63,34514.89829,3285066468.0078716
421,2025-02-19,95664.63,96895.61,95048.93,96648.23,23034.832331,2211681413.333893
420,2025-02-20,96648.23,98730.85,96426.31,98305.43,25219.499805,2459371953.9311185
419,2025-02-21,98305.43,99493.55,94605.0,96011.34,33262.679201,3259217161.9376693
418,2025-02-22,96011.34,96953.54,95676.88,96524.54,4495.05207,433123184.1022743
417,2025-02-23,96524.54,96597.95,95243.8,96260.91,2620.67663,251381944.12183094
416,2025-02-24,96260.91,96497.02,91311.43,91514.37,10847.695342,1023819870.0065407
415,2025-02-25,91514.37,92522.5,86053.0,88690.19,26973.022556,2393174992.328266
414,2025-02-26,88690.19,89400.0,82115.0,84203.16,18045.462852,1557358029.5903394
413,2025-02-27,84203.16,87058.56,82712.86,84711.75,13941.614732,1188461377.2523317
412,2025-02-28,84711.75,85155.39,78259.6,84348.33,17112.119971,1392609673.887405
411,2025-03-01,84348.33,86584.84,83817.01,86061.73,5486.721399,467443286.34249556
410,2025-03-02,86061.73,95084.0,85047.52,94287.51,11030.55467,993609808.0623139
409,2025-03-03,94287.51,94428.46,85090.01,86211.35,15462.078399,1392149032.7672648
408,2025-03-04,86211.35,88968.75,81500.0,87304.75,15952.218173,1350789009.603389
407,2025-03-05,87304.75,91030.45,86388.9,90611.79,10490.298093,933149977.8731929
406,2025-03-06,90611.79,92820.0,87846.01,89931.67,11230.545791,1016280858.0611303
405,2025-03-07,89931.67,91288.25,84654.71,86820.44,16162.38042,1422700144.3237007
404,2025-03-08,86820.44,86922.76,85226.28,86230.07,4911.448225,423279335.2153076
403,2025-03-09,86230.07,86532.9,79957.36,80717.37,9368.578903,779973892.7196853
402,2025-03-10,80717.37,84063.06,77431.98,78596.44,14246.600275,1148226709.2796035
401,2025-03-11,78596.44,83626.71,76589.78,82926.63,14813.214665,1196323249.47342
400,2025-03-12,82926.63,84500.61,80605.0,83678.57,12930.893928,1066143201.7557216
399,2025-03-13,83678.57,84350.2,79931.97,81113.15,8469.059737,696081654.6538178
398,2025-03-14,81113.15,85349.45,80809.44,83991.99,9040.682118,756324760.5460474
397,2025-03-15,83991.99,84686.36,83623.11,84337.42,3440.094014,289597938.5485539
396,2025-03-16,84337.42,85150.0,81983.88,82573.8,5872.571653,489753728.7795174
395,2025-03-17,82573.8,84763.95,82436.28,84004.03,6801.539231,567868456.8648156
394,2025-03-18,84004.03,84020.99,81143.09,82713.43,9183.424628,755940747.114724
393,2025-03-19,82713.43,87000.0,82548.88,86831.27,11232.525972,947485116.7559433
392,2025-03-20,86831.27,87433.69,83640.01,84218.18,11293.595843,962441830.7149246
391,2025-03-21,84218.18,84844.0,83173.0,84096.3,5492.828001,461878470.16662955
390,2025-03-22,84096.3,84540.6,83659.8,83843.5,1968.434517,165700580.88404286
389,2025-03-23,83843.5,86122.8,83805.0,86085.0,3654.584646,310441882.4244072
388,2025-03-24,86085.0,88773.5,85532.8,87491.1,11117.972406,972682320.2849938
387,2025-03-25,87491.1,88530.6,86305.2,87401.9,10781.710826,942590615.2165506
386,2025-03-26,87401.9,88285.7,85851.0,86907.1,9516.749192,829397511.0871999
385,2025-03-27,86907.1,87757.9,85800.0,87217.8,7528.465248,655202379.1000364
384,2025-03-28,87217.8,87506.0,83586.1,84421.3,9925.333595,843859779.522611
383,2025-03-29,84421.3,84613.4,81650.2,82638.5,5893.533339,489011779.3670297
382,2025-03-30,82638.5,83536.8,81556.4,82386.4,5098.367973,422370593.45324254
381,2025-03-31,82386.4,83932.5,81274.3,82543.0,11198.29289,922303746.2758691
380,2025-04-01,82543.0,85571.0,82423.8,85162.3,8128.423915,683813877.987403
379,2025-04-02,85162.3,88526.9,82301.4,82501.5,14844.891704,1269414067.3734064
378,2025-04-03,82501.5,83929.2,81200.0,83210.2,12414.537565,1026033278.2245723
377,2025-04-04,83210.2,84730.6,81653.1,83893.0,18161.110851,1513332071.9289808
376,2025-04-05,83893.0,84266.2,82388.0,83534.3,6401.081278,532758404.84520745
375,2025-04-06,83534.3,83804.3,77142.0,78417.6,13833.540413,1111756134.2816603
374,2025-04-07,78417.6,81236.1,74500.0,79178.0,27462.121395,2133532936.739763
373,2025-04-08,79178.0,80865.9,76242.2,76322.1,15948.368262,1254337201.0329206
372,2025-04-09,76322.1,83590.4,74606.7,82617.9,24143.473002,1895312531.1513915
371,2025-04-10,82617.9,82742.7,78465.3,79597.8,14486.519368,1170657892.4306378
370,2025-04-11,79597.8,84297.4,78971.4,83418.3,13652.24797,1120207248.7064447
369,2025-04-12,83418.3,85914.7,82789.7,85280.0,7699.906765,649241365.8948122
368,2025-04-13,85280.0,86111.7,83032.8,83753.5,10055.62633,848406130.1386302
367,2025-04-14,83753.5,85801.6,83678.4,84592.1,11128.062867,942638123.2311878
366,2025-04-15,84592.1,86468.0,83600.0,83645.8,10453.586852,889241461.8663672
365,2025-04-16,83645.8,85550.0,83102.7,84033.4,8983.429203,754933560.3692507
364,2025-04-17,84033.4,85479.0,83740.7,84950.3,7072.691888,598528982.3393143
363,2025-04-18,84950.3,85128.7,84292.4,84461.7,3681.209655,311525546.0496009
362,2025-04-19,84461.7,85660.3,84362.9,85086.8,4552.680443,387716723.12278056
361,2025-04-20,85086.8,85321.5,83932.1,85184.4,4775.860598,404325162.41498274
360,2025-04-21,85184.4,88474.1,85149.0,87514.4,12746.858437,1112276037.8044157
359,2025-04-22,87514.4,93995.4,87064.4,93444.2,16143.745728,1459523752.4213674
358,2025-04-23,93444.2,94726.2,91949.6,93682.5,14571.564857,1361705850.8132296
357,2025-04-24,93682.5,94010.0,91670.1,93983.8,11115.276434,1033219826.6544976
356,2025-04-25,93983.8,95781.74,92850.0,94643.6,11829.50819,1116747046.5234804
355,2025-04-26,94643.6,95200.0,93881.6,94626.3,4882.807244,461216954.21753436
354,2025-04-27,94626.3,95317.6,93607.6,93741.6,5512.161777,518986702.57830274
353,2025-04-28,93741.6,95609.1,92800.0,95009.9,11090.612798,1046535377.118886
352,2025-04-29,95009.9,95463.7,93741.1,94243.2,8938.024692,847508164.3228266
351,2025-04-30,94243.2,95234.5,92914.5,94165.9,9004.498757,849505187.8309023
350,2025-05-01,94165.9,97432.0,94125.8,96477.3,9776.957788,940139462.808836
349,2025-05-02,96477.3,97895.9,96364.0,96876.3,9888.781132,959553886.9384302
348,2025-05-03,96876.3,96925.5,95758.29,95855.9,4718.97103,454398955.01867896
347,2025-05-04,95855.9,96309.3,94143.5,94273.2,5631.660298,537349659.8260008
346,2025-05-05,94273.2,95197.0,93514.2,94742.1,9137.016852,861576130.767567
345,2025-05-06,94742.1,96918.0,93389.7,96840.1,9338.415624,884558461.9649768
344,2025-05-07,96840.1,97735.1,95779.3,97033.5,11298.770771,1094015337.0394807
343,2025-05-08,97033.5,104222.0,96880.5,103264.9,20572.560672,2064900025.7881315
342,2025-05-09,103264.9,104359.0,102330.1,102978.1,15438.432167,1591323996.566704
341,2025-05-10,102978.1,104990.0,102814.6,104799.9,7375.308138,764092101.1932738
340,2025-05-11,104799.9,104960.3,103337.09,104114.0,9341.769758,972738109.9846756
339,2025-05-12,104114.0,105847.1,100731.8,102787.8,18713.056918,1937945044.8946586
338,2025-05-13,102787.8,104986.2,101436.2,104123.6,11953.385886,1235952495.826065
337,2025-05-14,104123.6,104364.8,102600.4,103502.4,9793.921581,1014114712.9301748
336,2025-05-15,103502.4,104200.0,101389.86,103759.2,10502.655352,1079348323.6525292
335,2025-05-16,103759.2,104568.2,103105.4,103463.5,8459.17788,878443671.4983876
334,2025-05-17,103463.5,103711.0,102595.6,103130.1,5070.357281,522940776.65618724
333,2025-05-18,103130.1,106660.0,103093.2,106450.0,9789.062084,1024902158.3594712
332,2025-05-19,106450.0,107122.94,102065.9,105580.5,16060.769683,1672165772.1214578
331,2025-05-20,105580.5,107311.0,104176.3,106855.3,13552.755151,1434522311.2049556
330,2025-05-21,106855.3,110769.7,106073.4,109640.0,21357.160048,2300513010.367138
329,2025-05-22,109640.0,111999.0,109191.25,111698.4,13936.075052,1546768711.5138438
328,2025-05-23,111698.4,111797.7,106796.7,107312.7,13427.314896,1469449306.3660734
327,2025-05-24,107312.7,109488.0,106880.1,107763.1,6639.567127,719210085.6805702
326,2025-05-25,107763.1,109320.2,106588.1,109001.3,8028.685931,864383543.153342
325,2025-05-26,109001.3,110463.7,108677.0,109440.0,8660.602189,949136653.6168627
324,2025-05-27,109440.0,110750.0,107509.0,108925.8,13408.657016,1466692470.123391
323,2025-05-28,108925.8,109279.3,106776.5,107789.9,8776.531861,949275076.6152802
322,2025-05-29,107789.9,108900.0,105300.8,105596.3,11461.09788,1229851375.5038798
321,2025-05-30,105596.3,106333.22,103626.1,104004.9,11832.476247,1244996484.3771763
320,2025-05-31,104004.9,104932.0,103083.5,104607.1,5891.140179,612822691.9000691
319,2025-06-01,104607.1,105879.9,103753.3,105650.8,4402.705153,460903905.4571571
318,2025-06-02,105650.8,105949.8,103655.1,105866.2,8814.701019,922780382.3436139
317,2025-06-03,105866.2,106799.0,104860.0,105375.9,7466.750574,790254668.2613549
316,2025-06-04,105375.9,105985.9,104178.3,104688.4,6612.636665,695603017.1634634
315,2025-06-05,104688.4,105920.1,100403.7,101505.2,11440.486108,1181226633.8385975
314,2025-06-06,101505.2,105336.2,101089.8,104287.0,7807.812662,809986074.6909481
313,2025-06-07,104287.0,105919.7,103874.6,105552.0,3979.924715,418532445.9407268
312,2025-06-08,105552.0,106493.5,104972.4,105724.9,3542.694151,374608712.5380772
311,2025-06-09,105724.9,110665.8,105316.2,110271.9,9657.42923,1040311865.2487024
310,2025-06-10,110271.9,110389.9,108334.1,110280.5,8519.168967,931991372.8412771
309,2025-06-11,110280.5,110399.7,108060.2,108640.5,8590.953939,939256527.2456495
308,2025-06-12,108640.5,108812.6,105472.0,105660.2,12848.989193,1376801149.0491593
307,2025-06-13,105660.2,106173.9,102684.7,106070.4,18323.666685,1915142972.4632201
306,2025-06-14,106070.4,106216.1,104310.04,105417.7,5058.689723,531453832.73439735
305,2025-06-15,105417.7,106130.0,104492.7,105588.2,4915.623064,517737136.22460526
304,2025-06-16,105588.2,108974.7,104973.4,106799.9,9829.67188,1053755399.1057943
303,2025-06-17,106799.9,107757.0,103362.1,104558.6,11656.86894,1229733930.9128463
302,2025-06-18,104558.6,105546.7,103485.5,104886.4,9218.289888,964161966.1441166
301,2025-06-19,104886.4,105230.3,103917.5,104657.4,4931.016561,515817177.3186982
300,2025-06-20,104657.4,106535.0,102348.4,103296.8,9730.6839,1016272272.9961798
299,2025-06-21,103296.8,103989.9,100866.4,102120.1,5471.76636,561553890.88556
298,2025-06-22,102120.1,103377.7,98185.9,100958.3,15668.598442,1576967672.2704802
297,2025-06-23,100958.3,106057.5,99619.8,105343.5,15206.152029,1556475697.1271334
296,2025-06-24,105343.5,106287.4,104621.6,106087.8,8701.043446,916602747.144318
295,2025-06-25,106087.8,108125.3,105810.1,107321.2,8352.253355,894572058.0125952
294,2025-06-26,107321.2,108273.7,106557.0,106961.2,7792.775824,837202804.9878887
293,2025-06-27,106961.2,107728.9,106374.8,107052.8,6900.452688,738239099.5442683
292,2025-06-28,107052.8,107550.0,106806.1,107291.6,2683.59733,287914899.3718118
291,2025-06-29,107291.6,108515.1,107158.1,108360.0,4102.669802,442379073.1338546
290,2025-06-30,108360.0,108798.9,106735.3,107139.1,6958.49584,749655641.6237147
289,2025-07-01,107139.1,107545.7,105240.4,105679.3,7499.667213,797692246.0079337
288,2025-07-02,105679.3,109746.0,105100.0,108839.9,9438.435132,1018842646.2813354
287,2025-07-03,108839.9,110520.8,108527.6,109589.1,7448.483615,815772983.4818561
286,2025-07-04,109589.1,109776.9,107254.5,107998.1,5867.035915,635653227.8178583
285,2025-07-05,107998.1,108429.0,107752.7,108203.6,2117.671894,228901698.55616584
284,2025-07-06,108203.6,109700.0,107808.5,109205.1,4003.89137,435271493.8181078
283,2025-07-07,109205.1,109705.0,107500.1,108252.5,6451.789655,699877331.5441587
282,2025-07-08,108252.5,109221.6,107434.3,108930.4,5671.568365,615520717.3390623
281,2025-07-09,108930.4,112025.0,108324.7,111256.3,10118.416755,1113271046.119955
280,2025-07-10,111256.3,117491.4,110499.9,116014.3,13746.710789,1557898208.7480295
279,2025-07-11,116014.3,118862.0,115212.7,117533.9,12506.748166,1469538492.0859935
278,2025-07-12,117533.9,118200.0,116913.6,117427.9,4896.197026,575702695.032764
277,2025-07-13,117427.9,119500.0,117213.8,119094.0,5805.670867,687886630.0287277
276,2025-07-14,119094.0,123260.2,118909.0,119844.5,13137.902937,1589445268.4960656
275,2025-07-15,119844.5,119937.1,115735.5,117740.1,18663.538013,2191248336.3060966
274,2025-07-16,117740.1,120076.5,117019.8,118634.4,9244.367376,1097772218.24161
273,2025-07-17,118634.4,120957.7,117440.3,119176.6,9414.91476,1118649802.0413494
272,2025-07-18,119176.6,120829.2,116812.0,117933.9,11462.691821,1361050950.9028502
271,2025-07-19,117933.9,118497.4,117274.0,117838.5,3717.55536,438776893.5158181
270,2025-07-20,117838.5,118862.1,116473.0,117266.7,6142.298779,724832336.5365592
269,2025-07-21,117266.7,119672.4,116516.7,117373.8,11199.599479,1323044599.0862682
268,2025-07-22,117373.8,120236.8,116100.1,119950.5,11817.444002,1398719508.3290753
267,2025-07-23,119950.5,120100.0,117307.0,118748.8,9426.284502,1115412050.3668113
266,2025-07-24,118748.8,119498.4,117110.8,118348.4,10326.847479,1224104143.036065
265,2025-07-25,118348.4,118463.3,114711.9,117607.9,18763.189926,2176927627.070955
264,2025-07-26,117607.9,118285.1,117137.5,117909.0,3505.490198,412693140.08991313
263,2025-07-27,117909.0,119777.0,117813.3,119434.3,4301.423405,510823506.859848
262,2025-07-28,119434.3,119800.0,117404.2,118079.8,6998.191274,829813603.7834104
261,2025-07-29,118079.8,119284.9,116935.1,117938.9,8529.059985,1007887028.2479023
260,2025-07-30,117938.9,118799.9,115772.6,117821.4,10668.591674,1253970875.2817552
259,2025-07-31,117821.4,118915.0,115472.0,115746.0,10491.322147,1235482886.707547
258,2025-08-01,115746.0,116058.1,112731.3,113296.4,12282.597607,1410655729.1316106
257,2025-08-02,113296.4,114062.5,112005.0,112568.5,5639.833683,638208746.415664
256,2025-08-03,112568.5,114787.1,111915.7,114202.0,3062.76788,348392831.0609939
255,2025-08-04,114202.0,115715.1,114112.7,115056.3,6073.335793,697601553.2303593
254,2025-08-05,115056.3,115125.3,112666.0,114123.0,6305.016671,718018502.6534917
253,2025-08-06,114123.0,115708.7,113347.8,114990.3,6372.129278,729167728.1766243
252,2025-08-07,114990.3,117617.5,114264.6,117456.7,6842.038625,795113326.1792253
251,2025-08-08,117456.7,117631.0,115900.0,116662.3,5544.438824,646872482.1865852
250,2025-08-09,116662.3,117923.9,116341.3,116469.6,4126.736785,482415772.1920186
249,2025-08-10,116469.6,119312.8,116460.0,119293.7,6205.890572,734020897.7134227
248,2025-08-11,119293.7,122290.0,118065.0,118698.6,10811.181519,1304450594.385269
247,2025-08-12,118698.6,120317.9,118223.5,120146.4,8281.267109,986714674.8881998
246,2025-08-13,120146.4,123682.2,118933.7,123319.0,9927.518442,1202906139.7915993
245,2025-08-14,123319.0,124494.1,117172.2,118292.8,11504.339305,1381118846.0535114
244,2025-08-15,118292.8,119233.0,116795.1,117339.6,5932.519796,699863206.2103615
243,2025-08-16,117339.6,117895.9,117200.0,117375.0,2319.7544,272660662.5353551
242,2025-08-17,117375.0,118581.6,117189.8,117414.8,2570.57525,303096596.8309551
241,2025-08-18,117414.8,117559.8,114646.0,116229.4,8277.367043,959176126.2514688
240,2025-08-19,116229.4,116723.5,112724.1,112871.8,7701.545639,881616186.192539
239,2025-08-20,112871.8,114622.5,112364.3,114266.7,6831.748241,775985369.8330615
238,2025-08-21,114266.7,114818.2,112001.0,112509.6,5201.868535,589102455.9517566
237,2025-08-22,112509.6,117412.0,111665.8,116935.1,9416.322739,1081669454.746035
236,2025-08-23,116935.1,117024.8,114567.2,115432.9,4473.842345,516671768.2956609
235,2025-08-24,115432.9,115685.0,110577.2,113496.5,9141.212613,1039910730.318733
234,2025-08-25,113496.5,113665.9,109273.0,110116.2,10710.311951,1193076594.7815313
233,2025-08-26,110116.2,112369.1,108690.7,111763.6,7948.865096,875400579.8806244
232,2025-08-27,111763.6,112626.7,110369.6,111240.8,7065.041198,788290695.0255346
231,2025-08-28,111240.8,113470.0,110851.6,112558.8,5699.983732,641703421.7313097
230,2025-08-29,112558.8,112641.2,107478.6,108390.6,9976.643428,1092877474.2643194
229,2025-08-30,108390.6,108931.7,107351.8,108805.4,4797.186313,519985230.74913484
228,2025-08-31,108805.4,109489.4,108073.1,108253.8,4575.570234,497721167.2038739
227,2025-09-01,108253.8,109905.0,107250.1,109239.8,8487.93232,921530623.2195874
226,2025-09-02,109239.8,111776.0,108383.5,111246.0,9441.175474,1041835616.6682001
225,2025-09-03,111246.0,112586.9,110540.7,111705.0,5822.039096,649791026.8878108
224,2025-09-04,111705.0,112183.3,109323.5,110723.0,6049.190122,668337859.5075881
223,2025-09-05,110723.0,113383.7,110205.7,110664.9,10818.831844,1209406048.4408302
222,2025-09-06,110664.9,111310.7,109958.2,110190.4,2169.328723,239789251.55949274
221,2025-09-07,110190.4,111598.0,110174.9,111138.8,3141.935761,348861215.6126533
220,2025-09-08,111138.8,112937.7,110625.0,112062.2,8197.354011,916838724.6097314
219,2025-09-09,112062.2,113277.6,110765.1,111540.7,7819.996568,876002237.9949365
218,2025-09-10,111540.7,114304.2,110919.1,113945.5,10753.332973,1215255562.9527695
217,2025-09-11,113945.5,115478.2,113400.0,115477.3,7938.930772,906807716.106485
216,2025-09-12,115477.3,116665.7,114752.7,116028.2,8714.463432,1007381042.9734185
215,2025-09-13,116028.2,116284.7,115106.5,115904.8,4973.727833,575839604.7748652
214,2025-09-14,115904.8,116167.7,115141.6,115272.6,4281.025163,495215782.3259266
213,2025-09-15,115272.6,116749.3,114379.0,115356.9,7990.184726,921091791.1309913
212,2025-09-16,115356.9,116958.0,114715.0,116792.5,7066.894792,818544894.462851
211,2025-09-17,116792.5,117272.0,114728.6,116443.3,10351.151597,1202006258.3975658
210,2025-09-18,116443.3,117911.7,116094.5,117085.4,8380.509518,983012049.5397712
209,2025-09-19,117085.4,117465.7,115088.0,115633.1,5886.220741,684490083.2685097
208,2025-09-20,115633.1,116125.0,115410.9,115680.9,2162.753781,250434346.2207594
207,2025-09-21,115680.9,115821.0,115184.8,115235.0,2068.991017,238984106.5132275
206,2025-09-22,115235.0,115382.7,111615.3,112650.9,12871.460099,1455746757.961854
205,2025-09-23,112650.9,113291.9,111446.8,111990.9,9395.699379,1056304877.0380625
204,2025-09-24,111990.9,113948.0,111000.0,113307.0,8466.876186,955366668.2424742
203,2025-09-25,113307.0,113506.1,108611.9,108986.7,16594.249605,1842785338.5888603
202,2025-09-26,108986.7,110306.0,108616.1,109639.3,12373.49572,1352993900.9744675
201,2025-09-27,109639.3,109783.4,109066.4,109631.2,3837.445734,419878335.26979434
200,2025-09-28,109631.2,112355.1,109193.9,112176.0,5655.924834,623876030.4204655
199,2025-09-29,112176.0,114414.6,111563.3,114305.6,11512.989008,1298896413.3177009
198,2025-09-30,114305.6,114798.7,112650.0,114051.1,10906.666195,1240671485.1008947
197,2025-10-01,114051.1,118637.1,113962.3,118584.0,10844.067231,1262958682.9028528
196,2025-10-02,118584.0,121024.9,118259.0,120530.8,11482.170596,1372088367.5218194
195,2025-10-03,120530.8,123900.0,119234.9,122223.8,13450.334152,1632719088.5230079
194,2025-10-04,122223.8,122796.0,121523.3,122397.8,4858.020832,593210380.7034631
193,2025-10-05,122397.8,125782.0,122132.3,123496.8,11745.878722,1454815476.033604
192,2025-10-06,123496.8,126195.5,123087.3,124662.3,11890.186265,1480637277.8784866
191,2025-10-07,124662.3,125100.0,120605.5,121344.8,11803.362644,1451005579.0990741
190,2025-10-08,121344.8,124200.0,121059.5,123303.2,9944.597696,1218469931.181443
189,2025-10-09,123303.2,123762.3,119641.7,121653.6,10090.379205,1228193753.7237234
188,2025-10-10,121653.6,122537.6,102329.5,112738.6,28165.888992,3255267505.208945
187,2025-10-11,112738.6,113309.9,109553.0,110630.7,18716.717218,2090446727.5521455
186,2025-10-12,110630.7,115783.9,109552.1,114973.9,14251.195568,1602300645.422975
185,2025-10-13,114973.9,115975.2,113607.3,115168.8,10253.67135,1178676886.9505079
184,2025-10-14,115168.8,115417.4,109842.1,113038.4,15623.526724,1755073741.641189
183,2025-10-15,113038.4,113620.0,110148.0,110745.1,11251.085897,1258221593.1824536
182,2025-10-16,110745.1,111988.6,107421.3,108182.3,14879.309009,1632136030.7221732
181,2025-10-17,108182.3,109237.5,103528.9,106422.4,16385.455104,1742391832.2857122
180,2025-10-18,106422.4,107499.9,106308.6,107171.9,4294.782136,459171475.2451442
179,2025-10-19,107171.9,109449.8,106110.3,108653.0,6604.490023,712048967.4423857
178,2025-10-20,108653.0,111733.4,107420.8,110542.4,9930.645384,1096600642.3862782
177,2025-10-21,110542.4,114029.7,107467.6,108300.5,15397.347612,1695688201.9340355
176,2025-10-22,108300.5,109171.7,106582.7,107576.7,10969.64039,1184556927.1411142
175,2025-10-23,107576.7,111323.5,107504.9,110068.3,8447.598735,924835150.2865509
174,2025-10-24,110068.3,112159.9,109685.0,111011.0,8426.086239,933811246.8323634
173,2025-10-25,111011.0,111958.2,110671.5,111646.2,3503.41657,390490496.3555474
172,2025-10-26,111646.2,115542.4,111264.0,114550.8,6256.297097,708580965.1326327
171,2025-10-27,114550.8,116400.0,113839.1,114110.3,7810.061232,899324798.5386873
170,2025-10-28,114110.3,116099.9,112178.9,112892.3,9142.211954,1043962224.232141
169,2025-10-29,112892.3,113636.2,109156.3,110026.1,10886.284553,1217672284.7874775
168,2025-10-30,110026.1,111600.0,106285.4,108309.9,11326.330305,1233165467.3691733
167,2025-10-31,108309.9,111160.0,108266.0,109603.1,8157.426243,894277315.8427995
166,2025-11-01,109603.1,110564.5,109385.7,110092.3,3228.236938,355360631.21000755
165,2025-11-02,110092.3,111236.5,109492.1,110539.9,4242.129321,468254510.46090406
164,2025-11-03,110539.9,110761.5,105307.4,106581.4,11651.77017,1251589707.743977
163,2025-11-04,106581.4,107294.2,98947.8,101491.7,16369.162834,1686731043.5181649
162,2025-11-05,101491.7,104547.3,98961.7,103890.2,10615.900145,1084859632.0007331
161,2025-11-06,103890.2,104204.7,100288.7,101347.2,9352.57886,958576634.4526087
160,2025-11-07,101347.2,104083.8,99255.1,103345.2,10911.769826,1107654448.172361
159,2025-11-08,103345.2,103420.5,101458.2,102318.7,6033.599532,617463399.3369399
158,2025-11-09,102318.7,105496.1,101399.1,104724.7,8456.625607,870732852.2436457
157,2025-11-10,104724.7,106681.1,104264.5,106015.7,9957.934934,1053885332.9707544
156,2025-11-11,106015.7,107533.0,102482.3,103058.0,11845.994967,1240294617.5300741
155,2025-11-12,103058.0,105337.5,100802.9,101647.4,10642.736251,1098279377.090098
154,2025-11-13,101647.4,104066.4,98000.0,99688.4,15017.523377,1518489490.703157
153,2025-11-14,99688.4,99871.8,94010.0,94583.9,18723.248502,1808883436.3157094
152,2025-11-15,94583.9,96825.2,94556.3,95604.6,7960.731618,763338471.9851502
151,2025-11-16,95604.6,96629.9,92955.6,94260.3,10967.217547,1040181122.8897974
150,2025-11-17,94260.3,96071.3,91300.1,92211.0,15365.530049,1443212488.9475546
149,2025-11-18,92211.0,93837.5,89300.0,92964.2,17811.53595,1629520706.079163
148,2025-11-19,92964.2,92991.7,88608.5,91558.8,13267.50409,1204230265.6772175
147,2025-11-20,91558.8,93171.1,86100.0,86629.1,16717.985038,1501676499.0677316
146,2025-11-21,86629.1,87499.9,80641.5,85132.1,25673.350747,2161849936.319594
145,2025-11-22,85132.1,85620.0,83500.6,84738.0,7839.99227,661811925.3337252
144,2025-11-23,84738.0,88124.9,84673.4,86841.3,8728.384356,755178924.1708592
143,2025-11-24,86841.3,89231.7,85262.4,88278.0,12608.307139,1100304049.5267472
142,2025-11-25,88278.0,88509.5,86106.4,87359.3,11332.728414,990396026.405719
141,2025-11-26,87359.3,90650.7,86296.0,90486.0,11294.595078,995063572.1000465
140,2025-11-27,90486.0,91955.5,90090.6,91331.3,9160.471545,835563588.7239082
139,2025-11-28,91331.3,93100.0,90200.1,90885.0,11917.634639,1089386179.1262615
138,2025-11-29,90885.0,91174.6,90150.2,90814.8,5803.434624,526346700.46541864
137,2025-11-30,90814.8,91962.3,90331.4,90352.3,6660.987291,607154557.425217
136,2025-12-01,90352.3,90421.2,83821.6,86284.8,16890.569599,1458143580.1176429
135,2025-12-02,86284.8,92312.0,86181.3,91288.5,12491.219079,1116752168.2813978
134,2025-12-03,91288.5,94171.9,90991.6,93430.3,11924.063319,1106579484.6408727
133,2025-12-04,93430.3,94078.7,90873.9,92073.2,8398.938903,778648223.5557612
132,2025-12-05,92073.2,92693.0,88044.0,89322.0,8741.257822,789933242.5626328
131,2025-12-06,89322.0,90273.9,88905.0,89231.6,3717.622413,333026656.0861644
130,2025-12-07,89231.6,91762.3,87720.5,90384.3,5506.29759,493868213.64780504
129,2025-12-08,90384.3,92291.1,89607.4,90639.1,7645.812003,695026812.8264439
128,2025-12-09,90639.1,94603.5,89506.4,92676.8,11081.556819,1017196551.610413
127,2025-12-10,92676.8,94479.7,91560.1,92017.8,9892.383181,915638912.5027673
126,2025-12-11,92017.8,93567.9,89243.7,92517.8,9740.101335,885177754.4852103
125,2025-12-12,92517.8,92756.5,89478.0,90270.1,7720.876073,705623816.8414496
124,2025-12-13,90270.1,90639.9,89757.0,90233.5,2519.666173,227358533.6030272
123,2025-12-14,90233.5,90480.9,87571.3,88159.8,3962.270396,353215882.1636945
122,2025-12-15,88159.8,90027.6,85128.7,86429.9,9323.280843,816521617.7238605
121,2025-12-16,86429.9,88178.7,85265.4,87864.8,7976.386482,693156239.6823915
120,2025-12-17,87864.8,90364.4,85310.0,86240.5,9337.75931,815249514.2038876
119,2025-12-18,86240.5,89484.8,84450.5,85506.9,11308.991075,981861718.2408053
118,2025-12-19,85506.9,89404.6,85104.9,88141.3,9324.187399,816631643.5154684
117,2025-12-20,88141.3,88570.1,87797.9,88356.0,2252.130759,198659766.1765435
116,2025-12-21,88356.0,89085.4,87587.8,88660.8,3438.460193,303638658.9238949
115,2025-12-22,88660.8,90599.9,87888.9,88623.8,9026.87262,805680826.0090133
114,2025-12-23,88623.8,88949.6,86595.0,87486.5,7168.764038,629002232.6087701
113,2025-12-24,87486.5,88051.1,86412.6,87675.0,6033.677328,526510796.92062235
112,2025-12-25,87675.0,88598.6,86953.4,87216.7,3872.530977,340015504.7389728
111,2025-12-26,87216.7,89565.6,86645.4,87368.0,10377.854704,913029931.1911271
110,2025-12-27,87368.0,87990.0,87245.6,87871.7,2389.214623,209177395.53557116
109,2025-12-28,87871.7,88095.3,87437.8,87950.9,3208.468903,281646825.1245277
108,2025-12-29,87950.9,90460.8,86806.4,87231.2,16604.459248,1467322355.978656
107,2025-12-30,87231.2,89405.5,86825.6,88499.0,12296.972535,1083180667.113487
106,2025-12-31,88499.0,89217.3,87243.2,87643.3,8091.257068,715124040.1294862
105,2026-01-01,87643.3,88926.7,87551.7,88848.2,2739.572846,241322289.21164852
104,2026-01-02,88848.2,90966.2,88377.4,89991.8,9831.610268,881182745.8724916
103,2026-01-03,89991.8,90749.7,89306.5,90640.4,3836.512364,345338905.6110315
102,2026-01-04,90640.4,91806.4,90640.4,91531.2,5428.497482,495656605.4710878
101,2026-01-05,91531.2,94774.0,91511.1,93862.9,12264.593786,1144619798.6198986
100,2026-01-06,93862.9,94453.7,91272.4,93763.3,11347.60207,1057763654.0282483
99,2026-01-07,93763.3,93763.3,90674.1,91369.9,9962.610224,915017768.7713335
98,2026-01-08,91369.9,91676.6,89307.5,91104.7,10362.303884,938193350.4544101
97,2026-01-09,91104.7,92024.5,89696.0,90643.1,8739.642288,793466079.1945422
96,2026-01-10,90643.1,90834.5,90395.0,90514.7,1715.379468,155461204.71282122
95,2026-01-11,90514.7,91288.9,90234.0,91004.0,2911.476734,264328730.3067724
94,2026-01-12,91004.0,92529.22,90119.5,91295.1,8955.475699,818421086.6988333
93,2026-01-13,91295.1,96601.4,91046.1,95412.8,10891.382785,1016098013.3778481
92,2026-01-14,95412.8,97950.0,94538.1,96950.8,11778.164703,1135113750.9899318
91,2026-01-15,96950.8,97199.9,95125.1,95599.7,9344.822112,899301697.0975996
90,2026-01-16,95599.7,95855.7,94291.3,95550.6,6415.680139,611048444.6315076
89,2026-01-17,95550.6,95645.8,95022.6,95144.0,2107.919393,200937264.102937
88,2026-01-18,95144.0,95526.0,93606.1,93660.6,2997.427635,284585080.3775653
87,2026-01-19,93660.6,93660.6,91889.7,92631.4,6940.774134,644213713.261065
86,2026-01-20,92631.4,92872.0,87837.5,88423.2,12509.687566,1132159915.3867102
85,2026-01-21,88423.2,90590.7,87253.5,89453.9,13611.841696,1214270837.2707827
84,2026-01-22,89453.9,90363.2,88513.0,89557.9,9628.125655,862630309.4293109
83,2026-01-23,89557.9,91230.5,88559.2,89600.9,10514.572239,943328770.0052544
82,2026-01-24,89600.9,89936.4,89166.6,89227.7,2514.478789,225060209.59423998
81,2026-01-25,89227.7,89318.0,86080.7,86669.4,7306.470708,640385937.1537458
80,2026-01-26,86669.4,88864.4,86505.1,88345.1,10532.86365,925033523.9963607
79,2026-01-27,88345.1,89533.6,87300.0,89247.2,9527.896834,842137240.784686
78,2026-01-28,89247.2,90611.1,88844.0,89301.9,9920.563608,888017353.0452806
77,2026-01-29,89301.9,89350.0,83367.6,84649.6,11629.03167,1003296025.8715571
76,2026-01-30,84649.6,84734.0,81100.0,84260.5,15633.217798,1297822952.3082216
75,2026-01-31,84260.5,84285.2,75702.3,78737.7,15985.685289,1280280308.525906
74,2026-02-01,78737.7,79420.0,75709.0,76976.4,12270.853061,956477212.0733811
73,2026-02-02,76976.4,79358.3,74602.7,78738.1,16468.758497,1274425365.746979
72,2026-02-03,78738.1,79198.2,72954.2,75768.6,14231.880146,1091324816.4884198
71,2026-02-04,75768.6,76981.4,71876.9,73158.6,14200.153307,1058829826.6290238
70,2026-02-05,73158.6,73331.4,62286.3,62899.0,33557.220608,2265864627.6311765
69,2026-02-06,62899.0,71743.6,60000.0,70561.8,26773.636749,1771937752.0678139
68,2026-02-07,70561.8,71691.2,67339.0,69280.6,14072.828236,974180883.8224535
67,2026-02-08,69280.6,72268.8,68887.6,70324.1,7205.848433,507219389.1173461
66,2026-02-09,70324.1,71431.8,68284.0,70140.7,8506.185591,595527044.2473756
65,2026-02-10,70140.7,70525.9,67900.0,68844.3,7593.361393,525105484.8942085
64,2026-02-11,68844.3,69300.0,65744.4,67075.5,10739.688077,721889905.3704401
63,2026-02-12,67075.5,68428.4,65107.2,66272.7,9209.463859,615881590.7770065
62,2026-02-13,66272.7,69487.1,65864.9,68850.9,8014.362919,542864279.3842554
61,2026-02-14,68850.9,70584.9,68733.0,69826.2,6025.711541,419784813.54070276
60,2026-02-15,69826.2,70973.4,68073.5,68834.2,6471.373122,449286910.0290918
59,2026-02-16,68834.2,70121.3,67290.0,68891.7,6009.578493,411424183.94127566
58,2026-02-17,68891.7,69238.8,66605.4,67507.4,6876.157347,466700171.0500959
57,2026-02-18,67507.4,68472.3,65857.2,66460.4,7878.98708,528985078.5833077
56,2026-02-19,66460.4,67328.5,65616.5,67006.9,7351.260377,489877934.60421103
55,2026-02-20,67006.9,68318.0,66458.0,68020.4,11689.410394,788779915.1207085
54,2026-02-21,68020.4,68705.8,67536.1,67973.2,6570.239543,448212254.7441909
53,2026-02-22,67973.2,68247.4,67191.6,67640.5,6699.212777,454071703.679163
52,2026-02-23,67640.5,67682.9,63877.1,64643.2,17471.911665,1141907818.5581334
51,2026-02-24,64643.2,65004.4,62500.1,64061.3,16460.214947,1047066654.4059556
50,2026-02-25,64061.3,70000.9,63909.5,67983.9,24569.990428,1650895510.8031995
49,2026-02-26,67983.9,68855.4,66500.0,67482.8,14388.156057,975662339.6218472
48,2026-02-27,67482.8,68203.9,64921.9,65868.2,11643.009099,774737605.2828071
47,2026-02-28,65868.2,67755.3,63017.6,66970.7,13316.34979,864409537.6212001
46,2026-03-01,66970.7,68200.8,65036.0,65777.7,9571.400232,637713932.8046103
45,2026-03-02,65777.7,70100.6,65273.6,68830.8,14494.942262,981803535.5843117
44,2026-03-03,68830.8,69253.5,66132.0,68330.6,11996.824851,813496409.2667303
43,2026-03-04,68330.6,74050.0,67400.0,72668.2,16222.95686,1155247731.464542
42,2026-03-05,72668.2,73565.2,70647.1,70879.2,11240.605369,809439629.349487
41,2026-03-06,70879.2,71421.1,67744.9,68105.7,10896.075576,757230859.8944621
40,2026-03-07,68105.7,68544.8,66925.0,67260.6,4526.348846,306803296.92607474
39,2026-03-08,67260.6,68199.0,65614.2,65969.5,7267.255687,487079205.9496897
38,2026-03-09,65969.5,69535.4,65822.5,68423.2,12269.392832,835679324.248772
37,2026-03-10,68423.2,71784.2,68390.2,69944.6,12782.726097,898869010.0147451
36,2026-03-11,69944.6,71328.8,68974.3,70194.9,10035.513549,703748747.1607267
35,2026-03-12,70194.9,70800.8,69206.5,70524.7,9549.211438,669000442.3374026
34,2026-03-13,70524.7,73900.0,70391.5,70928.2,13877.145609,997750809.2239308
33,2026-03-14,70928.2,71300.0,70308.8,71211.3,4486.977978,317522555.2223132
32,2026-03-15,71211.3,73197.7,70856.9,72812.4,6012.568898,431567276.36397064
31,2026-03-16,72812.4,74922.7,72277.8,74884.2,13908.633966,1025611234.3336877
30,2026-03-17,74884.2,76030.0,73380.2,73906.3,12142.17454,903765670.6617863
29,2026-03-18,73906.3,74670.6,70495.3,71248.4,10971.012226,792976513.5998216
28,2026-03-19,71248.4,71622.4,68789.0,69923.3,12699.728527,889512217.7673062
27,2026-03-20,69923.3,71370.9,69388.9,70509.9,11106.228133,780518387.5537283
26,2026-03-21,70509.9,71099.6,68555.2,68919.7,4223.652447,297227689.79051954
25,2026-03-22,68919.7,69585.1,67350.0,67862.0,7962.983871,546265681.1156195
24,2026-03-23,67862.0,71811.8,67444.6,70898.7,15340.252884,1071530298.2324913
23,2026-03-24,70898.7,71410.4,68899.2,70561.5,12747.335791,895444679.9789213
22,2026-03-25,70561.5,72033.07,70416.0,71336.7,10481.86671,745875640.63338
21,2026-03-26,71336.7,71444.3,68150.1,68820.1,12056.474972,837285533.3886526
20,2026-03-27,68820.1,69175.3,65548.9,66408.2,13903.76903,930360241.4562081
19,2026-03-28,66408.2,67299.9,65924.5,66372.0,4841.849872,322463286.36283
18,2026-03-29,66372.0,67130.4,64978.5,66011.9,6460.63745,428799590.3201766
17,2026-03-30,66011.9,68183.2,65796.0,66795.9,12462.905142,837107790.7745157
16,2026-03-31,66795.9,68598.9,65989.9,68281.5,13041.526457,878664038.6799439
15,2026-04-01,68281.5,69335.1,67585.3,68119.0,10078.294136,689807099.1945739
14,2026-04-02,68119.0,68666.0,65702.1,66903.1,10108.204319,675548605.4823436
13,2026-04-03,66903.1,67384.1,66281.9,66965.0,4433.397271,296232430.74473155
12,2026-04-04,66965.0,67564.9,66772.9,67300.7,2609.119499,175274847.9219304
11,2026-04-05,67300.7,69137.6,66605.4,69035.3,5471.781764,369254276.0495439
10,2026-04-06,69035.3,70355.4,68310.0,68846.2,10144.583371,704319592.6471653
9,2026-04-07,68846.2,72785.3,67723.2,71927.5,15061.804017,1043779956.51094
8,2026-04-08,71927.5,72871.4,70703.3,71072.7,13187.566295,943986354.3659513
7,2026-04-09,71072.7,73152.7,70447.1,71788.9,12863.618322,920393547.0598994
6,2026-04-10,71788.9,73460.1,71432.9,72955.4,12021.569885,871253010.4928433
5,2026-04-11,72955.4,73809.1,72518.0,73048.5,5616.642041,410316352.46334326
4,2026-04-12,73048.5,73140.4,70504.4,70742.7,7548.781009,538862683.482772
3,2026-04-13,70742.7,74895.7,70571.4,74415.6,15080.567066,1088999974.293144
2,2026-04-14,74415.6,76050.0,73808.3,74144.4,15174.727869,1133045893.2387757
1,2026-04-15,74144.4,75433.3,73518.0,74812.9,11771.131651,874728076.6337337
0,2026-04-16,74812.9,75265.9,73292.0,74662.4,12511.005486,932518456.5173295
