,date,open,high,low,close,volume,turnover
1746,2021-07-05,2326.15,2593.09,2162.34,2196.64,42.0948,95801.498915
1745,2021-07-06,2196.64,2347.88,2195.15,2322.98,49.786,115067.735995
1744,2021-07-07,2322.98,2405.75,2294.78,2315.49,66.4896,157501.737105
1743,2021-07-08,2315.49,2322.58,2087.82,2117.13,179.1746,389372.150824
1742,2021-07-09,2117.13,2187.14,2049.65,2146.11,78.5511,166695.48632
1741,2021-07-10,2146.11,2191.66,2077.32,2110.95,16.8648,35736.443355
1740,2021-07-11,2110.95,2172.54,2081.68,2139.54,72.658,155823.096805
1739,2021-07-12,2139.54,2168.35,2009.27,2034.54,144.3255,301765.238731
1738,2021-07-13,2034.54,2043.4,1918.89,1940.81,104.6116,208002.578736
1737,2021-07-14,1940.81,2018.0,1867.51,1994.93,122.522,235630.975532
1736,2021-07-15,1994.93,2042.94,1880.21,1917.92,266.2878,511703.604416
1735,2021-07-16,1917.92,1962.24,1850.08,1876.11,273.3662,518168.784225
1734,2021-07-17,1876.11,1917.95,1846.69,1899.18,217.1095,409691.471406
1733,2021-07-18,1899.18,1991.79,1879.78,1890.92,298.9386,578518.438023
1732,2021-07-19,1890.92,1917.28,1806.0,1818.3,442.7209,815923.249285
1731,2021-07-20,1818.3,1840.17,1720.0,1785.32,512.1054,900978.643418
1730,2021-07-21,1785.32,2023.45,1756.45,1994.0,893.454,1713810.796113
1729,2021-07-22,1994.0,2050.0,1950.33,2024.72,383.8124,768220.173763
1728,2021-07-23,2024.72,2130.0,1999.25,2122.42,802.6518,1649862.786487
1727,2021-07-24,2122.42,2197.93,2106.62,2184.04,475.6227,1022746.859632
1726,2021-07-25,2184.04,2196.61,2107.7,2190.43,549.6635,1185499.673631
1725,2021-07-26,2190.43,2431.03,2172.0,2229.74,1563.3649,3640805.808829
1724,2021-07-27,2229.74,2364.06,2153.07,2300.0,1081.3765,2430954.79944
1723,2021-07-28,2300.0,2343.36,2248.96,2298.57,1113.8057,2553300.89195
1722,2021-07-29,2298.57,2398.07,2267.0,2380.49,526.6095,1226698.009994
1721,2021-07-30,2380.49,2469.02,2317.5,2461.93,1309.697,3122880.770024
1720,2021-07-31,2461.93,2552.81,2422.2,2530.0,944.3745,2328475.608329
1719,2021-08-01,2530.0,2698.0,2515.09,2555.96,1650.5328,4308274.804868
1718,2021-08-02,2555.96,2665.32,2510.0,2609.08,955.398,2482174.307332
1717,2021-08-03,2609.08,2631.15,2446.0,2508.99,1507.8855,3768446.516401
1716,2021-08-04,2508.99,2770.8,2460.79,2726.19,1257.7873,3310974.016503
1715,2021-08-05,2726.19,2844.21,2533.11,2828.46,2676.0179,7327820.141817
1714,2021-08-06,2828.46,2948.97,2722.31,2892.05,2064.707,5866420.049514
1713,2021-08-07,2892.05,3170.42,2864.56,3161.54,2977.8907,9064227.90135
1712,2021-08-08,3161.54,3189.84,2950.0,3011.94,1674.4158,5121049.785684
1711,2021-08-09,3011.94,3186.14,2896.79,3162.58,1886.8677,5789320.996024
1710,2021-08-10,3162.58,3233.06,3050.69,3140.44,1507.1337,4715535.609703
1709,2021-08-11,3140.44,3272.0,3123.66,3163.94,1693.0128,5454058.168348
1708,2021-08-12,3163.94,3236.59,2980.8,3046.76,1773.138,5490278.9795
1707,2021-08-13,3046.76,3328.82,3034.9,3323.9,2693.0155,8692883.381195
1706,2021-08-14,3323.9,3331.7,3205.49,3264.44,1231.9253,4019164.827535
1705,2021-08-15,3264.44,3320.0,3114.65,3309.08,1744.2082,5590092.581262
1704,2021-08-16,3309.08,3337.3,3150.11,3153.56,2019.32565,6565019.6693786
1703,2021-08-17,3153.56,3290.0,2994.0,3012.17,2772.63179,8753965.5323466
1702,2021-08-18,3012.17,3124.75,2952.02,3014.19,1938.17635,5892604.6520795
1701,2021-08-19,3014.19,3188.36,2962.01,3187.03,2026.78183,6174641.0320232
1700,2021-08-20,3187.03,3303.41,3177.94,3286.59,1783.02146,5780093.2658696
1699,2021-08-21,3286.59,3310.14,3207.65,3222.97,938.49864,3064758.2429719
1698,2021-08-22,3222.97,3273.83,3130.0,3240.87,1069.94136,3428368.7081273
1697,2021-08-23,3240.87,3378.23,3232.75,3324.22,1671.32016,5554243.1491959
1696,2021-08-24,3324.22,3360.57,3149.92,3171.01,1537.38548,4996165.9534646
1695,2021-08-25,3171.01,3248.7,3080.0,3228.79,1681.02151,5353262.7123193
1694,2021-08-26,3228.79,3250.18,3058.0,3087.35,2084.46825,6501269.447375
1693,2021-08-27,3087.35,3281.57,3061.46,3275.0,1586.7767,5058370.3412331
1692,2021-08-28,3275.0,3286.16,3209.38,3245.14,1007.17432,3265031.6998821
1691,2021-08-29,3245.14,3285.0,3153.34,3225.01,1138.39593,3655559.4730978
1690,2021-08-30,3225.01,3347.99,3145.54,3226.71,1691.55595,5479139.2421453
1689,2021-08-31,3226.71,3472.67,3191.42,3432.65,3222.20859,10732311.6976191
1688,2021-09-01,3432.65,3841.57,3384.01,3830.27,2272.42965,8173452.3188467
1687,2021-09-02,3830.27,3835.68,3720.0,3785.98,3239.35262,12198191.5383875
1686,2021-09-03,3785.98,4027.65,3711.14,3935.95,2770.48227,10790853.1485504
1685,2021-09-04,3935.95,3968.57,3834.52,3885.43,1865.56303,7273036.5555455
1684,2021-09-05,3885.43,3980.0,3836.36,3949.41,1664.69733,6519450.4444245
1683,2021-09-06,3949.41,3969.49,3867.12,3926.12,1367.89617,5375975.6722936
1682,2021-09-07,3926.12,3946.63,3011.75,3431.58,4183.12179,14803372.3571465
1681,2021-09-08,3431.58,3556.07,3212.21,3496.0,2352.0116,8015358.9611272
1680,2021-09-09,3496.0,3564.39,3391.99,3424.07,1530.21488,5337908.7587597
1679,2021-09-10,3424.07,3512.61,3149.42,3208.69,1916.26413,6399744.0864594
1678,2021-09-11,3208.69,3347.16,3201.14,3266.42,1253.75147,4108994.3975426
1677,2021-09-12,3266.42,3471.44,3231.15,3407.72,1132.93867,3821995.6190726
1676,2021-09-13,3407.72,3431.26,3115.33,3284.37,2196.45052,7113885.6159505
1675,2021-09-14,3284.37,3436.0,3272.29,3436.0,1388.32098,4639839.7301765
1674,2021-09-15,3436.0,3613.88,3361.42,3611.0,1573.01097,5445592.8962173
1673,2021-09-16,3611.0,3673.3,3480.01,3567.67,1490.57056,5354939.4912034
1672,2021-09-17,3567.67,3592.0,3350.0,3398.24,1137.69506,3942126.5828764
1671,2021-09-18,3398.24,3540.0,3371.25,3436.39,972.25332,3362724.9142433
1670,2021-09-19,3436.39,3455.0,3280.86,3328.85,1140.99877,3834218.3853491
1669,2021-09-20,3328.85,3344.0,2923.73,2977.21,7378.20006,22742083.6475201
1668,2021-09-21,2977.21,3103.69,2656.07,2764.87,8080.57554,23184059.9872132
1667,2021-09-22,2764.87,3088.0,2740.12,3076.67,4662.99706,13648714.8588895
1666,2021-09-23,3076.67,3170.81,3031.83,3150.13,5653.58657,17574946.2789704
1665,2021-09-24,3150.13,3155.33,2738.88,2926.41,10956.67237,31662312.4766755
1664,2021-09-25,2926.41,2964.87,2805.01,2920.75,5960.31619,17296882.797796
1663,2021-09-26,2920.75,3112.59,2740.22,3063.59,6610.53756,19308755.0835929
1662,2021-09-27,3063.59,3163.21,2926.02,2928.03,4594.68485,14022837.6752867
1661,2021-09-28,2928.03,2968.74,2790.71,2806.89,5964.18124,17255389.01377
1660,2021-09-29,2806.89,2945.57,2784.57,2849.0,5047.15664,14452491.3197641
1659,2021-09-30,2849.0,3048.0,2837.12,3001.16,5002.70726,14922821.4674904
1658,2021-10-01,3001.16,3329.99,2970.0,3308.62,4044.82334,12852241.020133
1657,2021-10-02,3308.62,3467.0,3260.0,3386.49,2993.3915,9985164.4769662
1656,2021-10-03,3386.49,3485.31,3346.33,3416.83,2479.352,8461020.2185408
1655,2021-10-04,3416.83,3434.99,3271.18,3380.88,5382.25127,18085784.4183577
1654,2021-10-05,3380.88,3542.41,3364.03,3513.45,4681.34067,16113031.5002921
1653,2021-10-06,3513.45,3630.0,3346.0,3575.3,6860.00653,24063700.7420891
1652,2021-10-07,3575.3,3657.91,3474.34,3587.64,5933.13762,21196693.735924
1651,2021-10-08,3587.64,3667.99,3535.41,3558.71,4718.72833,17006082.9331211
1650,2021-10-09,3558.71,3629.99,3540.04,3574.17,4363.46727,15668605.6011823
1649,2021-10-10,3574.17,3605.72,3410.0,3416.96,5117.45876,18078789.2700632
1648,2021-10-11,3416.96,3620.0,3379.11,3542.33,4718.97617,16664275.5409526
1647,2021-10-12,3542.33,3543.88,3401.91,3490.0,4941.73226,17202083.2269699
1646,2021-10-13,3490.0,3609.0,3411.54,3604.75,4372.4003,15272794.8874279
1645,2021-10-14,3604.75,3826.25,3585.59,3787.83,4719.93398,17546573.2355562
1644,2021-10-15,3787.83,3899.98,3733.51,3865.24,5169.98954,19721831.3604065
1643,2021-10-16,3865.24,3967.99,3803.2,3826.74,4039.28621,15666098.2659127
1642,2021-10-17,3826.74,3915.69,3646.0,3844.13,3998.67036,15287270.7381018
1641,2021-10-18,3844.13,3892.87,3676.58,3746.14,4704.75553,17825553.0855129
1640,2021-10-19,3746.14,3884.47,3730.25,3875.98,4952.6564,18840681.4060864
1639,2021-10-20,3875.98,4167.71,3828.0,4161.51,4966.77076,19822437.0833906
1638,2021-10-21,4161.51,4368.62,4019.76,4055.94,7300.54266,30470945.136325
1637,2021-10-22,4055.94,4167.54,3896.09,3969.67,4896.88478,19845447.8053022
1636,2021-10-23,3969.67,4169.99,3940.01,4164.71,3289.7957,13299328.2027814
1635,2021-10-24,4164.71,4183.82,3966.0,4083.18,3801.18265,15452956.0163312
1634,2021-10-25,4083.18,4234.6,4069.16,4216.87,3532.97072,14665957.5443797
1633,2021-10-26,4216.87,4289.54,4097.0,4126.49,3141.50709,13183695.0311579
1632,2021-10-27,4126.49,4301.23,3942.01,3964.97,8627.84326,34736686.4301162
1631,2021-10-28,3964.97,4285.29,3903.02,4277.56,5501.96715,22599978.9482312
1630,2021-10-29,4277.56,4457.86,4259.79,4415.84,4559.18623,19844707.4604093
1629,2021-10-30,4415.84,4432.0,4235.0,4316.23,2678.22286,11558595.3067333
1628,2021-10-31,4316.23,4389.12,4162.18,4281.56,2074.74811,8863852.340316
1627,2021-11-01,4281.56,4377.96,4141.0,4316.54,2142.98196,9212266.4323489
1626,2021-11-02,4316.54,4600.0,4283.02,4584.51,3542.01724,15750934.6574396
1625,2021-11-03,4584.51,4664.64,4453.0,4602.66,3693.79335,16883209.8088687
1624,2021-11-04,4602.66,4605.32,4419.39,4532.78,3265.29912,14747109.0549216
1623,2021-11-05,4532.78,4569.43,4440.0,4472.63,7693.10459,34556254.9760668
1622,2021-11-06,4472.63,4526.41,4328.23,4515.88,8947.0789,39755172.2122299
1621,2021-11-07,4515.88,4633.48,4500.8,4611.6,10222.43483,46785744.8271879
1620,2021-11-08,4611.6,4818.3,4611.03,4803.57,7154.72455,33815416.9879006
1619,2021-11-09,4803.57,4831.29,4709.48,4729.6,3702.14358,17699711.6779172
1618,2021-11-10,4729.6,4863.81,4472.01,4630.41,5856.72497,27482764.3999969
1617,2021-11-11,4630.41,4772.86,4576.79,4714.52,4102.52011,19238050.3215591
1616,2021-11-12,4714.52,4801.28,4507.17,4663.83,5875.92309,27271081.6407335
1615,2021-11-13,4663.83,4702.23,4584.11,4640.91,3502.02368,16260037.7931705
1614,2021-11-14,4640.91,4690.1,4513.9,4625.91,3316.30499,15261551.8996314
1613,2021-11-15,4625.91,4767.46,4540.0,4562.24,4292.33912,19996132.7631989
1612,2021-11-16,4562.24,4562.24,4111.0,4206.97,11229.89855,48263439.2476297
1611,2021-11-17,4206.97,4295.39,4070.0,4284.28,5390.39475,22583906.0419351
1610,2021-11-18,4284.28,4342.0,3957.92,3999.5,8247.05402,34233639.7634824
1609,2021-11-19,3999.5,4307.84,3975.4,4294.56,7792.29209,32317355.9918587
1608,2021-11-20,4294.56,4435.43,4198.35,4410.18,6213.42798,26748669.5807476
1607,2021-11-21,4410.18,4428.0,4246.57,4257.74,4850.385,21107499.088683
1606,2021-11-22,4257.74,4318.54,4025.0,4087.93,7173.38685,29982111.1942587
1605,2021-11-23,4087.93,4387.43,4064.49,4339.84,4272.29704,18043469.8888243
1604,2021-11-24,4339.84,4373.28,4165.75,4271.22,5128.7834,21834040.6627215
1603,2021-11-25,4271.22,4556.62,4248.02,4525.0,7201.65149,31628485.9464279
1602,2021-11-26,4525.0,4552.34,3913.76,4044.07,13355.22251,55467792.5262553
1601,2021-11-27,4044.07,4185.13,4031.98,4097.0,5117.03213,21075618.7027391
1600,2021-11-28,4097.0,4298.0,3967.23,4297.87,7149.32707,29306449.1577723
1599,2021-11-29,4297.87,4460.95,4279.69,4444.84,6746.29918,29391938.4587422
1598,2021-11-30,4444.84,4751.9,4347.28,4631.52,9036.25841,41140247.4528265
1597,2021-12-01,4631.52,4775.86,4524.86,4584.75,8705.32656,40826766.049366
1596,2021-12-02,4584.75,4632.53,4434.84,4513.35,6964.94505,31538311.3075234
1595,2021-12-03,4513.35,4653.55,4042.01,4218.78,9345.58695,40753189.7221478
1594,2021-12-04,4218.78,4240.35,3500.0,4119.3,13644.06066,53904557.4467651
1593,2021-12-05,4119.3,4249.05,4032.0,4197.8,8117.29572,33671994.554508
1592,2021-12-06,4197.8,4374.99,3920.0,4352.26,10066.18732,41385732.7378835
1591,2021-12-07,4352.26,4424.25,4256.02,4312.48,7444.83855,32408283.4148166
1590,2021-12-08,4312.48,4450.0,4225.0,4436.01,6032.03528,26231198.4729802
1589,2021-12-09,4436.01,4485.0,4075.74,4109.28,5584.5098,23770769.6113571
1588,2021-12-10,4109.28,4233.48,3888.11,3901.05,7304.98485,29726343.2241949
1587,2021-12-11,3901.05,4095.63,3833.6,4087.72,5238.49271,20951492.9292812
1586,2021-12-12,4087.72,4174.68,3987.79,4131.3,4399.99566,17907670.2882981
1585,2021-12-13,4131.3,4142.93,3672.01,3781.21,9509.81626,37053156.2327791
1584,2021-12-14,3781.21,3881.9,3685.73,3862.45,7327.67831,27814207.7516962
1583,2021-12-15,3862.45,4094.45,3645.91,4017.66,10874.11378,42022887.5919216
1582,2021-12-16,4017.66,4113.0,3953.62,3954.67,5513.61348,22277918.8526544
1581,2021-12-17,3954.67,3997.85,3699.0,3878.34,11618.06185,45040673.8025152
1580,2021-12-18,3878.34,3998.5,3767.53,3961.31,6369.90133,24927982.4574063
1579,2021-12-19,3961.31,4028.82,3886.68,3925.2,6527.94955,25730861.3108138
1578,2021-12-20,3925.2,3981.75,3751.92,3941.09,7729.93363,29852616.2307099
1577,2021-12-21,3941.09,4059.92,3915.21,4015.63,7413.8302,29659042.7931213
1576,2021-12-22,4015.63,4075.0,3936.02,3979.0,7258.38109,29080722.7006785
1575,2021-12-23,3979.0,4152.21,3894.01,4109.61,14357.56735,57666091.2626477
1574,2021-12-24,4109.61,4134.72,4018.43,4044.56,13098.24736,53509281.8891471
1573,2021-12-25,4044.56,4136.64,4022.43,4093.79,9482.76259,38573721.190599
1572,2021-12-26,4093.79,4105.87,4004.76,4062.04,7024.24753,28477488.4885472
1571,2021-12-27,4062.04,4126.17,4031.54,4036.67,9587.99224,39072914.3500968
1570,2021-12-28,4036.67,4036.67,3762.0,3793.62,16225.90097,63256305.7597843
1569,2021-12-29,3793.62,3828.95,3605.14,3627.12,11585.67493,43561192.1131663
1568,2021-12-30,3627.12,3768.62,3586.01,3710.8,10764.54211,39849183.5239077
1567,2021-12-31,3710.8,3814.62,3621.62,3677.22,12448.33595,46565030.598139
1566,2022-01-01,3677.22,3775.78,3675.68,3764.19,6724.13123,25077177.3773317
1565,2022-01-02,3764.19,3852.98,3718.0,3829.66,8043.40706,30377348.1313488
1564,2022-01-03,3829.66,3850.57,3682.01,3763.85,9110.00115,34443559.6560711
1563,2022-01-04,3763.85,3892.53,3714.49,3784.77,9115.86292,34702286.4713278
1562,2022-01-05,3784.77,3847.21,3411.75,3536.99,13100.86531,48680130.2726647
1561,2022-01-06,3536.99,3550.0,3300.99,3410.13,8412.31739,28851296.4768073
1560,2022-01-07,3410.13,3415.18,3062.01,3196.49,15795.09358,50851286.2770091
1559,2022-01-08,3196.49,3248.0,3000.0,3079.55,6844.93857,21446968.5016266
1558,2022-01-09,3079.55,3209.85,3059.5,3150.78,4878.33661,15279939.6844091
1557,2022-01-10,3150.78,3180.07,2928.08,3084.86,9992.54022,30509136.2688827
1556,2022-01-11,3084.86,3263.62,3052.57,3239.43,9443.39644,29894078.1456705
1555,2022-01-12,3239.43,3409.01,3206.37,3372.01,9055.64931,30011879.2427276
1554,2022-01-13,3372.01,3409.0,3232.7,3240.49,7939.22929,26358184.0409472
1553,2022-01-14,3240.49,3341.99,3188.69,3308.66,6215.35644,20254028.0435379
1552,2022-01-15,3308.66,3372.66,3262.96,3328.83,4165.77673,13848707.1953639
1551,2022-01-16,3328.83,3391.92,3275.0,3346.34,3394.96529,11314514.7522133
1550,2022-01-17,3346.34,3357.1,3141.94,3208.04,6089.5121,19710123.5466305
1549,2022-01-18,3208.04,3242.71,3085.37,3160.6,6644.71614,20945027.5439145
1548,2022-01-19,3160.6,3174.69,3047.93,3083.49,6688.04562,20795472.9525174
1547,2022-01-20,3083.49,3271.02,2988.0,3005.0,9417.75022,29578878.5273084
1546,2022-01-21,3005.0,3033.74,2464.88,2570.47,22920.12926,63394970.56789
1545,2022-01-22,2570.47,2625.75,2300.0,2412.68,24474.65015,59925932.0252275
1544,2022-01-23,2412.68,2551.49,2373.3,2540.29,7585.64927,18648690.8173714
1543,2022-01-24,2540.29,2540.29,2159.0,2442.02,17594.50048,40644440.3456201
1542,2022-01-25,2442.02,2506.05,2351.55,2456.58,12967.95344,31457258.0556883
1541,2022-01-26,2456.58,2720.0,2402.81,2462.32,16398.73362,41807445.4420134
1540,2022-01-27,2462.32,2520.0,2317.28,2424.9,13652.74321,33008470.2712497
1539,2022-01-28,2424.9,2558.49,2358.39,2545.81,12104.3068,29543569.3784364
1538,2022-01-29,2545.81,2636.82,2520.42,2601.61,10125.48613,26013590.8677441
1537,2022-01-30,2601.61,2639.99,2543.55,2603.88,7508.85768,19529271.4169534
1536,2022-01-31,2603.88,2705.1,2478.14,2686.06,19459.28645,50640728.6856769
1535,2022-02-01,2686.06,2814.57,2674.12,2788.21,12801.33519,35225420.1299036
1534,2022-02-02,2788.21,2809.99,2613.62,2680.31,20261.77824,55160677.6072274
1533,2022-02-03,2680.31,2723.26,2576.0,2691.61,12128.20499,31925272.7391561
1532,2022-02-04,2691.61,2997.0,2671.37,2996.69,20100.92882,57151961.5443328
1531,2022-02-05,2996.69,3060.0,2958.41,3017.04,8047.10301,24206514.2093492
1530,2022-02-06,3017.04,3074.88,2952.09,3055.26,7362.52688,22112486.3892349
1529,2022-02-07,3055.26,3186.04,2992.98,3139.06,14558.46625,45082095.9053225
1528,2022-02-08,3139.06,3231.64,3025.94,3116.08,21944.96348,68220790.5095264
1527,2022-02-09,3116.08,3268.85,3055.01,3243.55,26031.49138,82020399.2800018
1526,2022-02-10,3243.55,3281.26,3057.68,3071.21,18191.74547,57911833.7664174
1525,2022-02-11,3071.21,3136.4,2879.53,2927.76,21082.88029,64486895.847712
1524,2022-02-12,2927.76,2984.79,2857.67,2917.82,8367.60224,24475095.0256293
1523,2022-02-13,2917.82,2952.94,2837.0,2869.8,6968.65259,20195361.9403111
1522,2022-02-14,2869.8,2964.73,2832.01,2929.71,16265.55633,47072396.9207426
1521,2022-02-15,2929.71,3196.6,2912.51,3182.6,10915.20343,33613828.7732345
1520,2022-02-16,3182.6,3186.0,3044.11,3119.28,20157.76755,62920977.5589864
1519,2022-02-17,3119.28,3159.48,2852.08,2893.43,19517.46071,58610343.9780702
1518,2022-02-18,2893.43,2943.27,2752.39,2779.08,11811.43319,33483659.4122849
1517,2022-02-19,2779.08,2828.9,2694.4,2762.45,8749.11562,24142131.6542856
1516,2022-02-20,2762.45,2764.37,2576.02,2619.67,9279.61255,24497554.3788387
1515,2022-02-21,2619.67,2758.0,2559.28,2567.58,20938.99213,55343617.8885169
1514,2022-02-22,2567.58,2665.84,2498.54,2636.94,16559.32995,42703107.8352037
1513,2022-02-23,2636.94,2752.96,2575.86,2578.83,8370.9346,22361693.0566105
1512,2022-02-24,2578.83,2744.0,2300.0,2597.05,33676.23383,82242836.971762
1511,2022-02-25,2597.05,2834.47,2571.73,2768.03,14469.44988,38871346.822914
1510,2022-02-26,2768.03,2878.88,2728.28,2778.7,9454.63395,26395402.677912
1509,2022-02-27,2778.7,2835.31,2558.54,2616.09,10823.57676,29179609.1206585
1508,2022-02-28,2616.09,2956.44,2568.98,2921.44,20861.85118,57242662.7953493
1507,2022-03-01,2921.44,3036.95,2854.52,2975.48,14359.4576,42257472.1681376
1506,2022-03-02,2975.48,3041.92,2913.87,2946.96,16259.5495,48200367.7571135
1505,2022-03-03,2946.96,2970.34,2785.3,2834.36,10150.66082,29073095.6407628
1504,2022-03-04,2834.36,2835.9,2573.88,2622.7,21123.45497,56888918.775516
1503,2022-03-05,2622.7,2684.56,2589.25,2665.57,7825.04559,20616721.0817384
1502,2022-03-06,2665.57,2675.83,2534.65,2550.75,8919.57461,23356086.2551141
1501,2022-03-07,2550.75,2648.61,2445.0,2496.73,14314.24874,36319795.3110874
1500,2022-03-08,2496.73,2624.34,2480.73,2576.06,12291.09835,31453377.2466762
1499,2022-03-09,2576.06,2773.43,2568.0,2727.14,10283.87539,27831673.0435983
1498,2022-03-10,2727.14,2733.46,2551.22,2606.44,12358.85047,32258799.4125657
1497,2022-03-11,2606.44,2677.37,2522.54,2556.75,14933.65864,38664680.2664125
1496,2022-03-12,2556.75,2616.0,2553.52,2568.69,2810.11076,7260783.8103985
1495,2022-03-13,2568.69,2601.62,2493.41,2514.54,3435.04323,8771247.29929
1494,2022-03-14,2514.54,2609.11,2499.76,2589.79,5558.24179,14222505.0464534
1493,2022-03-15,2589.79,2668.94,2507.69,2617.87,6611.1067,17062845.4893723
1492,2022-03-16,2617.87,2787.0,2603.29,2773.29,13754.62869,36947302.2046117
1491,2022-03-17,2773.29,2835.98,2746.91,2813.93,5825.3309,16245197.2522299
1490,2022-03-18,2813.93,2983.17,2767.47,2938.81,8753.21266,25019804.7993914
1489,2022-03-19,2938.81,2985.0,2893.31,2950.76,4113.7801,12124536.6355954
1488,2022-03-20,2950.76,2962.61,2818.36,2861.01,4684.70359,13495319.818307
1487,2022-03-21,2861.01,2960.5,2831.81,2889.55,9168.16389,26650000.3671548
1486,2022-03-22,2889.55,3052.59,2886.58,2969.74,14068.97241,42169889.504499
1485,2022-03-23,2969.74,3045.12,2920.02,3035.88,22324.66872,66495582.9199041
1484,2022-03-24,3035.88,3129.52,3001.83,3110.5,44921.76615,137830076.3716814
1483,2022-03-25,3110.5,3193.16,3075.99,3102.93,45789.19277,143352953.2077684
1482,2022-03-26,3102.93,3153.88,3085.28,3146.01,18348.84596,57258107.2183477
1481,2022-03-27,3146.01,3299.78,3126.02,3297.35,25029.63434,79996613.3931516
1480,2022-03-28,3297.35,3430.03,3275.51,3333.09,35297.31824,118246536.102006
1479,2022-03-29,3333.09,3481.63,3331.33,3401.07,41077.62955,140121399.088167
1478,2022-03-30,3401.07,3447.56,3331.59,3385.27,43387.05647,147009053.5942229
1477,2022-03-31,3385.27,3445.58,3260.0,3280.86,46601.47765,156077306.833163
1476,2022-04-01,3280.86,3480.99,3210.71,3455.74,50155.3206,166747467.8609488
1475,2022-04-02,3455.74,3530.93,3433.0,3442.66,27847.59813,96849372.962577
1474,2022-04-03,3442.66,3581.0,3412.39,3521.84,26010.01987,90962054.981813
1473,2022-04-04,3521.84,3550.0,3408.12,3518.64,21658.11511,75413744.2953674
1472,2022-04-05,3518.64,3555.0,3395.15,3405.98,21356.64143,74291731.6413948
1471,2022-04-06,3405.98,3406.88,3161.24,3168.31,48815.92437,159535970.2868313
1470,2022-04-07,3168.31,3268.84,3142.61,3227.11,28394.10936,91141372.4218117
1469,2022-04-08,3227.11,3314.23,3173.25,3192.24,26915.2955,87678904.7935118
1468,2022-04-09,3192.24,3268.8,3181.49,3256.9,9743.53286,31363483.3849772
1467,2022-04-10,3256.9,3307.75,3191.08,3201.89,8071.8517,26229555.3489278
1466,2022-04-11,3201.89,3213.71,2948.34,2979.34,37477.75481,114688990.9192068
1465,2022-04-12,2979.34,3084.86,2950.81,3028.06,28966.81089,87494651.458738
1464,2022-04-13,3028.06,3132.82,2998.35,3117.68,16925.12938,51950267.2375347
1463,2022-04-14,3117.68,3145.0,2975.86,3022.09,14737.68953,45019472.8991546
1462,2022-04-15,3022.09,3063.72,2993.53,3039.57,14302.88026,43294828.5025132
1461,2022-04-16,3039.57,3085.45,3010.0,3059.66,9536.39642,28992564.1310598
1460,2022-04-17,3059.66,3083.15,2982.49,2987.15,16316.72392,49696834.3242106
1459,2022-04-18,2987.15,3069.82,2882.61,3055.78,35486.14452,104959921.1247103
1458,2022-04-19,3055.78,3131.06,3030.21,3101.96,22801.24594,70109904.4909733
1457,2022-04-20,3101.96,3174.04,3036.55,3075.95,24940.33334,77210556.2169474
1456,2022-04-21,3075.95,3179.04,2939.23,2984.18,27393.34446,84374815.065675
1455,2022-04-22,2984.18,3033.17,2933.88,2962.42,32685.92817,97478476.7089264
1454,2022-04-23,2962.42,2978.5,2912.99,2931.71,14225.1864,42026143.166611
1453,2022-04-24,2931.71,2967.23,2911.95,2921.15,14349.723,42181774.1019921
1452,2022-04-25,2921.15,3026.23,2796.57,3006.95,33613.39055,97138295.8602089
1451,2022-04-26,3006.95,3040.18,2766.34,2809.84,31220.12009,90680659.805532
1450,2022-04-27,2809.84,2919.99,2794.08,2889.1,25245.54619,72347179.8158131
1449,2022-04-28,2889.1,2979.99,2853.67,2938.02,40640.63017,118553790.3975339
1448,2022-04-29,2938.02,2946.49,2776.47,2817.71,39451.53023,112745551.750698
1447,2022-04-30,2817.71,2841.89,2714.39,2725.88,26211.86259,73304429.3764561
1446,2022-05-01,2725.88,2848.49,2715.92,2825.33,29727.47942,82699433.6983268
1445,2022-05-02,2825.33,2882.69,2778.4,2856.22,38693.11277,109416432.1897705
1444,2022-05-03,2856.22,2861.63,2754.85,2780.96,31165.57182,87751222.7163027
1443,2022-05-04,2780.96,2966.82,2771.74,2940.42,34620.02768,99222947.9965862
1442,2022-05-05,2940.42,2954.99,2685.18,2747.23,54702.37088,153091572.0072941
1441,2022-05-06,2747.23,2758.68,2633.28,2692.09,55108.47631,148556872.5173851
1440,2022-05-07,2692.09,2704.11,2586.0,2636.04,23905.99908,63643700.0182008
1439,2022-05-08,2636.04,2642.28,2484.0,2518.97,50195.79406,127888750.4750918
1438,2022-05-09,2518.97,2530.81,2225.0,2229.62,118986.70902,280794897.9900728
1437,2022-05-10,2229.62,2457.01,2199.47,2342.15,146782.93407,345612867.8377537
1436,2022-05-11,2342.15,2453.0,2002.92,2086.6,205403.5266,463204240.759729
1435,2022-05-12,2086.6,2194.59,1800.0,1959.75,246981.93342,482111240.8486411
1434,2022-05-13,1959.75,2148.0,1940.0,2009.32,145133.57506,301177796.9717783
1433,2022-05-14,2009.32,2069.61,1951.6,2056.42,68654.7746,138477474.8943136
1432,2022-05-15,2056.42,2170.0,2001.01,2145.31,31340.58991,64912535.7890809
1431,2022-05-16,2145.31,2145.31,1979.08,2023.21,46736.73552,95230357.0227742
1430,2022-05-17,2023.21,2122.97,2007.68,2091.06,41027.6697,84694166.899755
1429,2022-05-18,2091.06,2110.64,1908.14,1914.82,54227.41336,108079648.8027376
1428,2022-05-19,1914.82,2040.0,1903.07,2019.52,82913.69782,163748920.5547587
1427,2022-05-20,2019.52,2063.53,1923.0,1959.01,71136.62336,141728941.7551527
1426,2022-05-21,1959.01,1991.16,1937.52,1975.37,30214.76901,59551298.8925948
1425,2022-05-22,1975.37,2056.21,1966.33,2042.9,29953.69042,60313849.534672
1424,2022-05-23,2042.9,2088.85,1956.58,1973.41,54487.74669,110902289.942787
1423,2022-05-24,1973.41,1993.67,1912.87,1979.08,60417.92426,118433876.9368537
1422,2022-05-25,1979.08,2022.08,1934.36,1942.68,68325.9,134714352.783596
1421,2022-05-26,1942.68,1966.31,1734.68,1792.43,132678.54872,244726633.1175811
1420,2022-05-27,1792.43,1822.75,1703.2,1727.68,192947.5798,340143937.34277
1419,2022-05-28,1727.68,1809.3,1722.2,1792.17,42172.26943,74428738.2648531
1418,2022-05-29,1792.17,1827.38,1762.53,1813.19,21131.65049,38008562.1043026
1417,2022-05-30,1813.19,2012.33,1803.07,1999.16,49595.8772,94878997.344568
1416,2022-05-31,1999.16,2016.06,1922.0,1941.77,36813.11383,72456475.9730548
1415,2022-06-01,1941.77,1973.29,1762.67,1817.78,37647.39497,70653033.9045169
1414,2022-06-02,1817.78,1853.5,1782.17,1833.92,43640.12065,79426040.451825
1413,2022-06-03,1833.92,1843.7,1736.62,1775.07,37690.3505,66978828.8580803
1412,2022-06-04,1775.07,1816.0,1748.6,1804.35,22410.5104,39777082.4939176
1411,2022-06-05,1804.35,1830.29,1772.96,1805.85,21032.73367,37925894.4837143
1410,2022-06-06,1805.85,1919.42,1804.15,1859.79,28984.62921,54279468.7385729
1409,2022-06-07,1859.79,1874.78,1725.14,1813.41,53899.16806,96070520.8025416
1408,2022-06-08,1813.41,1838.58,1765.44,1791.61,37589.4119,67774244.5923151
1407,2022-06-09,1791.61,1833.13,1777.27,1788.71,26248.15665,47210207.969008
1406,2022-06-10,1788.71,1804.29,1650.0,1662.87,59383.16673,102959210.5916272
1405,2022-06-11,1662.87,1681.63,1500.48,1533.14,43532.24848,68342964.8242603
1404,2022-06-12,1533.14,1547.83,1423.8,1434.7,57211.58565,84678224.6794961
1403,2022-06-13,1434.7,1455.73,1164.58,1209.93,199066.175,251392538.3002812
1402,2022-06-14,1209.93,1268.46,1075.55,1208.65,172914.42907,206628159.4721842
1401,2022-06-15,1208.65,1249.11,1014.01,1237.99,211367.87499,237064288.3439477
1400,2022-06-16,1237.99,1258.13,1052.05,1068.35,57217.90592,65495455.2201258
1399,2022-06-17,1068.35,1118.27,1050.82,1086.84,45273.82362,49304743.5135699
1398,2022-06-18,1086.84,1097.57,880.84,994.56,76776.68897,75432539.3932
1397,2022-06-19,994.56,1158.37,935.78,1128.13,88650.18128,91782029.8194362
1396,2022-06-20,1128.13,1170.13,1052.44,1128.42,56447.16916,62483053.0238572
1395,2022-06-21,1128.42,1194.96,1109.71,1125.99,43306.75322,49625405.0930495
1394,2022-06-22,1125.99,1127.58,1043.84,1049.87,46994.7535,51005512.2711641
1393,2022-06-23,1049.87,1154.88,1044.85,1144.71,66812.03194,74153476.3261293
1392,2022-06-24,1144.71,1245.72,1131.99,1224.93,59674.79738,70752332.8315967
1391,2022-06-25,1224.93,1256.38,1179.27,1242.12,37556.19166,45668323.9908466
1390,2022-06-26,1242.12,1280.33,1194.66,1197.58,35251.46782,43540182.1630353
1389,2022-06-27,1197.58,1238.9,1172.01,1192.29,42354.27194,51092045.3261156
1388,2022-06-28,1192.29,1238.0,1136.1,1144.39,42707.29833,50848651.2962448
1387,2022-06-29,1144.39,1157.04,1087.49,1100.05,57237.75495,64065041.9867632
1386,2022-06-30,1100.05,1107.07,996.0,1071.4,96336.21668,100270084.0135709
1385,2022-07-01,1071.4,1118.18,1033.5,1059.36,102957.90468,109986609.625293
1384,2022-07-02,1059.36,1078.78,1027.6,1066.93,41836.75491,44068093.2451781
1383,2022-07-03,1066.93,1087.68,1040.8,1074.08,35840.29446,38110462.4624776
1382,2022-07-04,1074.08,1160.86,1045.25,1150.97,64045.03564,70323823.4663206
1381,2022-07-05,1150.97,1176.78,1076.96,1132.58,67221.40479,75914507.356023
1380,2022-07-06,1132.58,1204.6,1111.61,1186.74,60751.55796,69486037.1765916
1379,2022-07-07,1186.74,1254.97,1163.03,1237.41,57233.0584,68939226.5275373
1378,2022-07-08,1237.41,1276.4,1193.26,1213.91,77086.99924,94894593.4024146
1377,2022-07-09,1213.91,1235.26,1204.52,1216.92,30298.73927,36906025.4049035
1376,2022-07-10,1216.92,1219.95,1153.32,1168.18,44228.02612,52218063.06605
1375,2022-07-11,1168.18,1171.04,1091.68,1096.07,52048.46105,59284822.0503623
1374,2022-07-12,1096.07,1098.2,1033.33,1038.49,75241.71389,80541367.2688482
1373,2022-07-13,1038.49,1119.58,1006.39,1115.14,126309.73471,133647045.9740014
1372,2022-07-14,1115.14,1214.49,1072.1,1193.37,103270.95674,116594979.9945864
1371,2022-07-15,1193.37,1288.56,1181.06,1231.19,82212.25306,100531496.4021067
1370,2022-07-16,1231.19,1424.7,1191.94,1356.26,80344.57043,103822155.5937652
1369,2022-07-17,1356.26,1387.53,1317.82,1338.85,63980.43837,86614417.2236123
1368,2022-07-18,1338.85,1596.99,1335.76,1580.96,88195.77314,128891336.395029
1367,2022-07-19,1580.96,1631.84,1493.19,1542.37,77071.83876,119191204.5585841
1366,2022-07-20,1542.37,1620.68,1484.03,1521.76,55850.65986,87047407.5779811
1365,2022-07-21,1521.76,1605.54,1464.38,1575.22,52267.46876,79496137.9112471
1364,2022-07-22,1575.22,1646.2,1517.0,1535.36,38901.40218,61759815.2654573
1363,2022-07-23,1535.36,1596.54,1487.0,1548.68,29182.63274,44918364.00016
1362,2022-07-24,1548.68,1664.57,1545.77,1597.91,28829.14461,46084529.8805979
1361,2022-07-25,1597.91,1609.2,1435.25,1440.58,41395.85891,62796451.2986171
1360,2022-07-26,1440.58,1454.26,1356.67,1448.61,40346.61388,56459779.0007729
1359,2022-07-27,1448.61,1644.53,1420.9,1636.11,50110.32076,76138450.012333
1358,2022-07-28,1636.11,1784.0,1595.4,1724.4,49535.69735,82940590.8313834
1357,2022-07-29,1724.4,1765.2,1655.61,1721.95,42624.81203,72973974.4268815
1356,2022-07-30,1721.95,1744.24,1673.01,1696.67,31287.60845,53478191.4747638
1355,2022-07-31,1696.67,1754.11,1666.51,1678.53,21407.12261,36512762.8542987
1354,2022-08-01,1678.53,1704.67,1606.64,1630.31,25131.95348,41636156.0612346
1353,2022-08-02,1630.31,1678.71,1558.18,1630.25,30489.82907,49277527.1002725
1352,2022-08-03,1630.25,1684.81,1588.48,1618.65,23862.76783,39116745.1380707
1351,2022-08-04,1618.65,1662.84,1581.17,1608.2,29571.25863,47841015.1333456
1350,2022-08-05,1608.2,1741.84,1605.62,1736.64,35952.92229,60452996.0325565
1349,2022-08-06,1736.64,1749.99,1684.1,1690.86,20204.7758,34741970.2325943
1348,2022-08-07,1690.86,1729.71,1668.56,1700.33,16757.08048,28407616.1056386
1347,2022-08-08,1700.33,1818.3,1694.33,1777.21,28021.17873,49450673.2722086
1346,2022-08-09,1777.21,1790.67,1668.64,1702.66,25815.91318,44502349.2287403
1345,2022-08-10,1702.66,1885.0,1655.04,1854.64,35394.03917,62985329.5618355
1344,2022-08-11,1854.64,1942.28,1850.45,1880.22,24532.50799,46432839.6275845
1343,2022-08-12,1880.22,1964.78,1853.23,1958.2,15267.29034,29009490.2608462
1342,2022-08-13,1958.2,2020.23,1946.86,1983.7,17273.52174,34299534.1506044
1341,2022-08-14,1983.7,2029.98,1905.85,1935.65,17626.98501,34702488.0634289
1340,2022-08-15,1935.65,2012.89,1872.58,1899.25,25494.5075,48937728.5604637
1339,2022-08-16,1899.25,1915.32,1852.05,1876.78,24578.36941,46292694.7491153
1338,2022-08-17,1876.78,1957.41,1819.13,1834.14,31479.12676,59062234.6899614
1337,2022-08-18,1834.14,1881.74,1821.26,1846.45,19071.80275,35410766.1777202
1336,2022-08-19,1846.45,1847.93,1603.12,1608.72,55727.81937,95968624.4773
1335,2022-08-20,1608.72,1656.7,1523.62,1575.82,41175.67445,66117780.5911255
1334,2022-08-21,1575.82,1647.03,1562.51,1618.1,26181.95079,42054777.5367445
1333,2022-08-22,1618.1,1628.88,1530.65,1624.72,34293.28619,54044134.309208
1332,2022-08-23,1624.72,1675.76,1563.91,1665.4,29128.46993,47383140.7882011
1331,2022-08-24,1665.4,1694.09,1605.58,1656.18,22119.68571,36515002.4515274
1330,2022-08-25,1656.18,1722.32,1654.51,1695.17,15420.88741,26175332.4460711
1329,2022-08-26,1695.17,1706.0,1488.0,1508.03,43498.5183,70114751.5701884
1328,2022-08-27,1508.03,1518.34,1447.51,1491.06,29203.34765,43460903.8551238
1327,2022-08-28,1491.06,1510.87,1424.4,1426.93,21983.81013,32513100.8467133
1326,2022-08-29,1426.93,1560.0,1422.14,1552.09,34780.91304,51841006.0578778
1325,2022-08-30,1552.09,1605.68,1473.61,1524.46,42274.16741,65322850.9645507
1324,2022-08-31,1524.46,1620.0,1524.38,1554.7,34392.11381,54229256.6437397
1323,2022-09-01,1554.7,1599.94,1513.42,1585.37,28744.88661,44684914.4730478
1322,2022-09-02,1585.37,1649.0,1546.62,1575.05,35842.59592,57347445.4619932
1321,2022-09-03,1575.05,1582.71,1534.27,1557.6,16144.8997,25118539.6440341
1320,2022-09-04,1557.6,1583.78,1540.24,1579.44,13678.10641,21358574.1539428
1319,2022-09-05,1579.44,1632.02,1557.2,1616.56,18497.92286,29311156.703045
1318,2022-09-06,1616.56,1687.21,1553.95,1559.42,124355.47873,202673902.6531498
1317,2022-09-07,1559.42,1657.34,1490.24,1629.53,170768.52006,265850068.5130802
1316,2022-09-08,1629.53,1664.63,1595.26,1635.4,197047.08229,321004675.2246169
1315,2022-09-09,1635.4,1746.6,1630.51,1718.35,202198.77292,343778294.0006841
1314,2022-09-10,1718.35,1789.19,1706.35,1774.01,169663.74177,294042351.7143533
1313,2022-09-11,1774.01,1789.73,1719.99,1766.12,177404.02113,312718658.2418292
1312,2022-09-12,1766.12,1783.1,1693.26,1716.23,258134.03809,447469576.2088069
1311,2022-09-13,1716.23,1760.35,1561.21,1574.18,332109.74931,549652735.7814598
1310,2022-09-14,1574.18,1646.95,1551.88,1638.37,283611.57716,453786748.2417677
1309,2022-09-15,1638.37,1654.92,1457.57,1472.75,382397.35537,595975810.2795835
1308,2022-09-16,1472.75,1483.13,1405.39,1434.07,422767.44967,613144083.9196701
1307,2022-09-17,1434.07,1476.36,1409.16,1468.92,258055.61468,372680918.605126
1306,2022-09-18,1468.92,1469.76,1323.78,1334.63,324582.12898,456454615.8225702
1305,2022-09-19,1334.63,1392.79,1279.98,1376.06,393496.81842,521971933.9210681
1304,2022-09-20,1376.06,1385.41,1311.96,1322.8,302716.42737,409178991.2605266
1303,2022-09-21,1322.8,1409.0,1218.75,1245.8,512883.74799,681746399.5229884
1302,2022-09-22,1245.8,1349.63,1237.06,1326.57,567861.68319,730579599.4253432
1301,2022-09-23,1326.57,1359.65,1261.7,1327.38,462941.79658,608021054.7584445
1300,2022-09-24,1327.38,1349.44,1306.31,1316.97,170051.94504,225804145.4424115
1299,2022-09-25,1316.97,1337.58,1269.0,1294.61,193843.76288,253845402.4670583
1298,2022-09-26,1294.61,1340.39,1278.17,1336.39,316381.54944,415461695.6288596
1297,2022-09-27,1336.39,1400.21,1303.53,1327.9,338194.64605,459643295.9600099
1296,2022-09-28,1327.9,1355.64,1252.29,1337.05,393517.39316,514304549.2605788
1295,2022-09-29,1337.05,1352.24,1288.27,1335.78,275204.95566,365484204.3704268
1294,2022-09-30,1335.78,1373.47,1313.84,1329.03,235195.05635,314661648.0490525
1293,2022-10-01,1329.03,1333.94,1302.3,1311.84,94775.08167,125184014.9169076
1292,2022-10-02,1311.84,1318.21,1268.52,1276.86,133923.3291,173827180.0950434
1291,2022-10-03,1276.86,1330.02,1262.56,1322.96,197376.21187,257361987.5483332
1290,2022-10-04,1322.96,1369.77,1318.61,1361.26,142904.18062,192294801.8876996
1289,2022-10-05,1361.26,1364.7,1316.1,1352.45,146447.26953,196870397.4422078
1288,2022-10-06,1352.45,1384.0,1345.26,1351.92,300150.15653,409479182.7012258
1287,2022-10-07,1351.92,1361.76,1317.44,1331.22,309842.44966,415158162.7379529
1286,2022-10-08,1331.22,1337.91,1303.35,1315.53,147838.91864,196085956.0936064
1285,2022-10-09,1315.53,1328.97,1307.13,1323.29,93568.70655,123400320.4432597
1284,2022-10-10,1323.29,1338.35,1287.0,1290.1,152303.51416,199862204.4453438
1283,2022-10-11,1290.1,1298.11,1266.64,1279.93,159109.39367,204064481.3779458
1282,2022-10-12,1279.93,1306.81,1275.24,1294.42,148551.93265,192341370.7131625
1281,2022-10-13,1294.42,1301.19,1190.0,1286.95,231899.12603,291398574.3860683
1280,2022-10-14,1286.95,1343.4,1283.09,1296.18,210475.5042,277444912.4890513
1279,2022-10-15,1296.18,1301.62,1263.59,1275.07,78630.92763,101032733.0592998
1278,2022-10-16,1275.07,1315.45,1274.49,1305.94,90533.13628,117160030.1375755
1277,2022-10-17,1305.94,1338.69,1295.55,1331.59,170826.67395,225401795.5312525
1276,2022-10-18,1331.59,1342.0,1286.7,1310.85,202471.28555,266996473.2495539
1275,2022-10-19,1310.85,1313.68,1280.1,1284.99,165295.28907,214687964.9559059
1274,2022-10-20,1284.99,1310.85,1270.1,1282.72,184677.25395,238305568.4868705
1273,2022-10-21,1282.72,1307.0,1253.18,1299.56,246114.45609,316292683.7535894
1272,2022-10-22,1299.56,1320.44,1294.0,1313.87,73891.47369,96685991.4807213
1271,2022-10-23,1313.87,1371.22,1299.33,1364.27,112385.69696,149373047.0378279
1270,2022-10-24,1364.27,1371.15,1323.93,1343.5,280799.91465,377544209.6534996
1269,2022-10-25,1343.5,1524.58,1334.74,1459.82,434509.72074,621773798.914611
1268,2022-10-26,1459.82,1595.25,1457.4,1566.09,560010.21396,858991855.7161592
1267,2022-10-27,1566.09,1578.57,1503.39,1514.21,410610.3022,636544994.6023244
1266,2022-10-28,1514.21,1575.49,1479.71,1554.29,266909.2307,406294534.2914694
1265,2022-10-29,1554.29,1664.08,1547.37,1619.34,252210.96863,407862941.5536062
1264,2022-10-30,1619.34,1640.28,1576.33,1590.62,138066.15876,221096450.7226624
1263,2022-10-31,1590.62,1635.74,1545.51,1573.13,234236.4694,370679288.0278255
1262,2022-11-01,1573.13,1613.32,1563.43,1578.6,204562.92419,324302922.0686175
1261,2022-11-02,1578.6,1620.97,1501.58,1518.03,266790.58585,417283178.3013281
1260,2022-11-03,1518.03,1559.27,1515.0,1531.19,126097.01123,194247831.6031765
1259,2022-11-04,1531.19,1677.74,1528.2,1644.6,231552.39317,372169604.4341351
1258,2022-11-05,1644.6,1667.48,1620.93,1626.69,104361.22592,171370036.930323
1257,2022-11-06,1626.69,1639.19,1563.99,1568.28,114238.88744,184242028.8414543
1256,2022-11-07,1568.28,1608.71,1545.85,1568.3,178355.98017,281465737.4944869
1255,2022-11-08,1568.3,1581.34,1206.16,1334.22,697741.82376,993714200.471031
1254,2022-11-09,1334.22,1337.62,1072.4,1101.8,642357.45906,782113975.8125184
1253,2022-11-10,1101.8,1349.0,1084.71,1299.35,352315.3315,432775946.4546033
1252,2022-11-11,1299.35,1309.25,1201.16,1289.08,286447.29738,361964572.5448128
1251,2022-11-12,1289.08,1292.51,1238.91,1257.38,101142.25026,127985115.9056842
1250,2022-11-13,1257.38,1274.63,1201.16,1221.88,79241.76684,98216461.7277072
1249,2022-11-14,1221.88,1290.68,1171.61,1242.34,203962.37332,252271730.4320938
1248,2022-11-15,1242.34,1290.7,1234.31,1253.31,151184.03048,190469948.6666608
1247,2022-11-16,1253.31,1268.5,1187.32,1216.13,114327.93443,140089101.6754229
1246,2022-11-17,1216.13,1228.6,1182.1,1200.12,159982.08829,192616222.6535402
1245,2022-11-18,1200.12,1233.77,1199.0,1212.24,119352.75831,144967840.232257
1244,2022-11-19,1212.24,1233.89,1197.5,1217.22,69619.21189,84307242.6188977
1243,2022-11-20,1217.22,1226.8,1133.39,1142.33,148078.69086,174791222.5105072
1242,2022-11-21,1142.33,1146.75,1080.32,1107.49,73119.27484,81643930.839273
1241,2022-11-22,1107.49,1142.63,1075.01,1139.15,176039.31265,194943934.81846
1240,2022-11-23,1139.15,1190.72,1127.75,1184.27,168244.7149,195723720.0690269
1239,2022-11-24,1184.27,1217.54,1180.5,1203.76,84339.39237,101145316.9658849
1238,2022-11-25,1203.76,1207.93,1171.2,1199.05,75406.52652,89741296.640755
1237,2022-11-26,1199.05,1234.52,1196.52,1206.02,67213.13813,81713857.7950823
1236,2022-11-27,1206.02,1223.12,1188.77,1193.67,56181.28773,68080861.6006889
1235,2022-11-28,1193.67,1199.51,1151.0,1168.23,80968.24823,94948173.7441316
1234,2022-11-29,1168.23,1227.04,1159.0,1216.39,85216.40025,102859777.5829386
1233,2022-11-30,1216.39,1310.29,1212.29,1295.28,113044.65089,143938701.2745266
1232,2022-12-01,1295.28,1300.0,1262.75,1276.29,65202.39208,83509349.2821821
1231,2022-12-02,1276.29,1296.86,1265.11,1294.32,57698.83565,73887708.3428742
1230,2022-12-03,1294.32,1307.0,1235.72,1240.61,50300.6219,63874567.3475697
1229,2022-12-04,1240.61,1287.0,1239.96,1279.14,51208.10512,64719820.2918968
1228,2022-12-05,1279.14,1304.98,1245.97,1258.95,69862.57709,89595045.229004
1227,2022-12-06,1258.95,1274.91,1241.82,1271.31,63345.71622,79574274.3371872
1226,2022-12-07,1271.31,1277.75,1218.88,1231.43,54955.74531,68049351.307768
1225,2022-12-08,1231.43,1292.76,1222.21,1280.22,67764.10466,84793869.5599985
1224,2022-12-09,1280.22,1296.25,1256.28,1263.34,56351.32355,71928708.6393206
1223,2022-12-10,1263.34,1283.46,1259.46,1266.29,24630.09047,31253009.4130633
1222,2022-12-11,1266.29,1284.36,1256.0,1263.18,24663.06466,31355524.0978969
1221,2022-12-12,1263.18,1278.65,1240.12,1275.36,60862.7478,76335630.5297943
1220,2022-12-13,1275.36,1347.0,1255.06,1320.79,97586.32374,127441025.3837295
1219,2022-12-14,1320.79,1352.52,1301.0,1307.6,81248.26346,107617142.1737949
1218,2022-12-15,1307.6,1311.43,1259.49,1266.74,56950.95002,72930857.0685905
1217,2022-12-16,1266.74,1279.95,1155.4,1167.08,88722.41171,107484479.6090258
1216,2022-12-17,1167.08,1190.1,1161.91,1187.2,46349.4695,54575455.0517185
1215,2022-12-18,1187.2,1196.48,1172.04,1183.22,32471.83051,38439467.7434376
1214,2022-12-19,1183.22,1195.21,1150.41,1167.88,45999.05393,54173623.681719
1213,2022-12-20,1167.88,1230.49,1162.99,1216.65,63595.02011,76656563.796977
1212,2022-12-21,1216.65,1222.29,1203.09,1213.57,39116.45522,47403016.8708786
1211,2022-12-22,1213.57,1238.56,1183.0,1217.67,50040.14703,60380163.6812506
1210,2022-12-23,1217.67,1231.24,1212.19,1220.0,48555.71568,59277208.867144
1209,2022-12-24,1220.0,1228.18,1214.65,1220.84,19051.81687,23239437.6812365
1208,2022-12-25,1220.84,1224.34,1195.0,1218.33,29720.39804,36050950.2161485
1207,2022-12-26,1218.33,1231.16,1211.81,1228.0,29932.88372,36494297.0467177
1206,2022-12-27,1228.0,1233.99,1200.65,1211.96,41956.63388,51033657.0597463
1205,2022-12-28,1211.96,1215.93,1181.5,1190.31,60376.75064,72257677.2399596
1204,2022-12-29,1190.31,1205.93,1186.92,1200.3,34774.35008,41617213.8628168
1203,2022-12-30,1200.3,1202.33,1181.34,1199.86,46600.52538,55642495.4936009
1202,2022-12-31,1199.86,1208.54,1191.58,1196.55,22638.59229,27146677.927076
1201,2023-01-01,1196.55,1204.66,1190.96,1200.4,18332.48957,21954851.3270781
1200,2023-01-02,1200.4,1224.47,1193.11,1213.93,41572.62571,50412579.1150137
1199,2023-01-03,1213.93,1220.22,1205.28,1214.54,27469.43172,33336683.7729569
1198,2023-01-04,1214.54,1272.56,1212.75,1256.79,48088.78197,60092627.4964693
1197,2023-01-05,1256.79,1259.7,1243.0,1251.19,20825.2395,26045318.258245
1196,2023-01-06,1251.19,1277.09,1236.0,1269.18,29164.96988,36619395.6146012
1195,2023-01-07,1269.18,1270.98,1260.98,1263.88,39348.61112,49734351.4397209
1194,2023-01-08,1263.88,1295.55,1257.76,1289.98,16367.71252,20800239.6876856
1193,2023-01-09,1289.98,1344.61,1285.11,1320.18,52260.32458,68903130.3734613
1192,2023-01-10,1320.18,1348.0,1316.85,1335.37,34540.54642,45979085.0838986
1191,2023-01-11,1335.37,1398.78,1321.29,1389.36,38678.84956,52065024.5647107
1190,2023-01-12,1389.36,1437.92,1363.4,1415.56,76194.33237,106930990.4514322
1189,2023-01-13,1415.56,1464.48,1400.81,1450.92,41483.24845,58968542.6180909
1188,2023-01-14,1450.92,1600.0,1449.15,1549.51,90777.53447,139410437.2356945
1187,2023-01-15,1549.51,1567.16,1515.86,1552.2,41115.20028,63242370.7374426
1186,2023-01-16,1552.2,1604.05,1521.4,1576.85,53614.13022,83751038.6113283
1185,2023-01-17,1576.85,1608.79,1540.81,1565.03,47587.37951,74921159.1437786
1184,2023-01-18,1565.03,1609.41,1501.8,1511.89,72317.50719,112551251.7946634
1183,2023-01-19,1511.89,1564.03,1509.64,1551.03,30058.55722,46091113.1558575
1182,2023-01-20,1551.03,1670.47,1541.94,1658.68,52067.90237,83226037.1187179
1181,2023-01-21,1658.68,1680.47,1616.73,1626.71,53887.24157,88983008.4330704
1180,2023-01-22,1626.71,1663.92,1604.15,1627.23,37376.39282,60956503.7945441
1179,2023-01-23,1627.23,1648.65,1585.0,1626.31,38209.16473,62108654.7863913
1178,2023-01-24,1626.31,1641.0,1533.11,1556.38,42532.82723,68279795.3590658
1177,2023-01-25,1556.38,1640.33,1515.78,1611.39,65549.74964,102726531.6210536
1176,2023-01-26,1611.39,1632.84,1577.4,1601.25,40322.93686,64788281.011511
1175,2023-01-27,1601.25,1622.0,1552.19,1597.73,44644.77892,70714933.9001491
1174,2023-01-28,1597.73,1606.46,1556.12,1572.27,21195.43587,33519579.5020957
1173,2023-01-29,1572.27,1661.18,1566.66,1644.41,42756.56572,69145927.6417135
1172,2023-01-30,1644.41,1647.28,1536.77,1566.16,47918.23017,76009761.8807969
1171,2023-01-31,1566.16,1605.0,1561.7,1585.59,29460.01032,46535245.2322072
1170,2023-02-01,1585.59,1648.02,1555.02,1641.57,49550.93224,79070822.7899128
1169,2023-02-02,1641.57,1715.0,1627.0,1643.59,65739.17775,110025655.4120981
1168,2023-02-03,1643.59,1676.0,1625.19,1663.69,38004.56938,62723048.8131896
1167,2023-02-04,1663.69,1694.73,1645.5,1666.6,24554.59849,41050639.4236243
1166,2023-02-05,1666.6,1673.24,1609.19,1629.59,35292.86916,57987890.7073596
1165,2023-02-06,1629.59,1658.0,1605.1,1614.5,32417.30475,52948704.0488009
1164,2023-02-07,1614.5,1677.62,1613.53,1671.16,37795.85668,62254922.6546675
1163,2023-02-08,1671.16,1698.0,1631.04,1650.41,33077.2469,55009435.3103995
1162,2023-02-09,1650.41,1655.79,1524.01,1545.65,61764.77206,98584058.4134118
1161,2023-02-10,1545.65,1554.6,1491.18,1513.3,46077.94247,70608510.4097417
1160,2023-02-11,1513.3,1543.15,1506.0,1538.78,16314.7119,24809247.0703053
1159,2023-02-12,1538.78,1547.91,1493.56,1515.42,21038.98102,32063991.9790983
1158,2023-02-13,1515.42,1526.06,1462.0,1505.59,55583.12617,82887807.1802238
1157,2023-02-14,1505.59,1568.65,1483.64,1555.73,48032.6185,73344713.9712294
1156,2023-02-15,1555.73,1681.89,1542.65,1674.76,74687.0465,120439286.5198889
1155,2023-02-16,1674.76,1742.78,1633.99,1638.19,86896.76514,146925380.3490517
1154,2023-02-17,1638.19,1721.78,1630.82,1693.87,50739.71837,84948111.3490653
1153,2023-02-18,1693.87,1713.27,1679.45,1691.63,15846.35467,26849764.742692
1152,2023-02-19,1691.63,1726.7,1666.4,1679.93,29331.62242,49735897.5447564
1151,2023-02-20,1679.93,1719.87,1650.74,1703.36,29763.70726,50488394.5009173
1150,2023-02-21,1703.36,1716.25,1635.8,1659.59,43707.3423,73311231.9307127
1149,2023-02-22,1659.59,1666.67,1595.06,1643.48,45746.14513,74549352.8174807
1148,2023-02-23,1643.48,1678.65,1629.11,1650.37,38909.41391,64372082.8182182
1147,2023-02-24,1650.37,1664.49,1573.37,1607.76,47840.21123,77177749.8693629
1146,2023-02-25,1607.76,1608.95,1557.3,1594.77,17639.8504,28047231.8260815
1145,2023-02-26,1594.77,1650.3,1588.03,1641.18,16797.76941,27209461.9411191
1144,2023-02-27,1641.18,1664.68,1608.08,1633.04,38370.93509,62876932.6076747
1143,2023-02-28,1633.04,1647.54,1596.8,1604.97,29493.03347,47955358.9517598
1142,2023-03-01,1604.97,1669.29,1595.19,1665.03,30107.24285,49564744.2172912
1141,2023-03-02,1665.03,1677.63,1619.32,1647.8,23283.87278,38249065.6494658
1140,2023-03-03,1647.8,1648.99,1533.11,1569.6,48595.57858,76337822.702456
1139,2023-03-04,1569.6,1577.48,1549.08,1566.94,16466.6933,25767983.8120702
1138,2023-03-05,1566.94,1589.02,1552.84,1564.77,22981.09199,36078118.3863209
1137,2023-03-06,1564.77,1583.15,1554.85,1566.01,23979.34303,37551141.532659
1136,2023-03-07,1566.01,1583.92,1536.27,1561.86,36794.25154,57342307.3831986
1135,2023-03-08,1561.86,1570.73,1524.0,1532.44,46107.68466,71563056.8040726
1134,2023-03-09,1532.44,1546.23,1407.7,1437.4,57394.51901,85300237.8470968
1133,2023-03-10,1437.4,1438.4,1369.37,1426.6,142760.47454,201061513.0389526
1132,2023-03-11,1426.6,1477.95,1407.83,1471.91,113114.69283,163629747.468008
1131,2023-03-12,1471.91,1594.0,1449.21,1579.71,97640.83293,148320880.4608759
1130,2023-03-13,1579.71,1695.0,1565.0,1673.41,133665.20831,217207980.6259342
1129,2023-03-14,1673.41,1777.51,1655.52,1699.17,114085.42807,194910660.361099
1128,2023-03-15,1699.17,1716.4,1610.86,1649.82,150645.57197,250697362.1829874
1127,2023-03-16,1649.82,1692.55,1632.44,1673.26,73332.02072,121433943.807822
1126,2023-03-17,1673.26,1800.0,1662.59,1789.36,89642.69056,155109508.7275666
1125,2023-03-18,1789.36,1841.75,1747.23,1758.91,84093.27342,151315191.1625543
1124,2023-03-19,1758.91,1841.0,1758.05,1780.56,68624.63884,123349275.0322078
1123,2023-03-20,1780.56,1803.44,1723.53,1732.74,74932.15302,132121751.800547
1122,2023-03-21,1732.74,1835.0,1717.82,1801.26,85816.09281,153017927.219014
1121,2023-03-22,1801.26,1819.43,1709.99,1734.34,125549.17575,222859188.2960386
1120,2023-03-23,1734.34,1856.0,1729.31,1813.89,105357.70242,188752969.9137093
1119,2023-03-24,1813.89,1818.52,1726.31,1749.51,123257.70324,217749171.4551252
1118,2023-03-25,1749.51,1763.6,1713.0,1741.92,46821.30766,81611231.2838194
1117,2023-03-26,1741.92,1800.11,1739.35,1774.09,56332.27808,99643626.9764944
1116,2023-03-27,1774.09,1780.41,1686.87,1715.37,83958.24309,145229234.3010165
1115,2023-03-28,1715.37,1795.13,1701.53,1772.92,79319.90738,138344544.5499836
1114,2023-03-29,1772.92,1827.78,1772.48,1793.13,81958.72164,147616093.9509231
1113,2023-03-30,1793.13,1829.62,1762.92,1793.54,94537.64348,169406171.2250661
1112,2023-03-31,1793.54,1846.83,1780.0,1821.92,66696.98924,121021636.3976816
1111,2023-04-01,1821.92,1842.84,1808.31,1820.81,24881.66205,45370486.8676519
1110,2023-04-02,1820.81,1824.64,1772.21,1794.4,31317.21558,56366035.8664316
1109,2023-04-03,1794.4,1839.93,1763.0,1810.6,75281.7982,135528728.995036
1108,2023-04-04,1810.6,1891.59,1802.25,1870.41,74270.45904,137658557.7384498
1107,2023-04-05,1870.41,1942.95,1864.78,1908.76,88478.76167,168700676.8047504
1106,2023-04-06,1908.76,1909.66,1853.83,1872.36,66773.24598,125219947.8334368
1105,2023-04-07,1872.36,1882.36,1841.13,1863.76,36083.46836,67077155.7360741
1104,2023-04-08,1863.76,1879.32,1847.26,1848.96,21668.47444,40390284.270263
1103,2023-04-09,1848.96,1873.29,1823.87,1858.74,41986.62306,77490642.4080427
1102,2023-04-10,1858.74,1918.71,1846.89,1910.19,51601.51764,96960059.5794061
1101,2023-04-11,1910.19,1937.21,1881.84,1889.98,46689.82127,89234177.7648326
1100,2023-04-12,1889.98,1932.59,1853.55,1917.38,77849.77289,147715100.0132851
1099,2023-04-13,1917.38,2022.24,1899.51,2011.79,87347.96698,172610785.313793
1098,2023-04-14,2011.79,2128.59,2009.3,2099.6,136333.45066,285233998.5996396
1097,2023-04-15,2099.6,2110.72,2071.49,2090.79,43662.93204,91467256.0506236
1096,2023-04-16,2090.79,2142.71,2072.87,2118.8,51492.26858,108472561.4368411
1095,2023-04-17,2118.8,2120.07,2056.78,2074.48,56593.68349,117879568.0972284
1094,2023-04-18,2074.48,2125.2,2051.0,2103.6,52397.2424,109651142.5261028
1093,2023-04-19,2103.6,2104.22,1922.11,1934.2,87830.35336,175351365.7191796
1092,2023-04-20,1934.2,1983.0,1913.4,1942.81,67474.48305,131347919.3182097
1091,2023-04-21,1942.81,1956.74,1824.74,1848.75,81273.70346,153744371.3893157
1090,2023-04-22,1848.75,1886.89,1842.79,1873.89,33158.42455,61799393.385987
1089,2023-04-23,1873.89,1882.0,1837.1,1862.02,28948.16004,53856176.8927856
1088,2023-04-24,1862.02,1889.91,1805.7,1841.95,46531.19091,85859284.4965613
1087,2023-04-25,1841.95,1877.6,1802.08,1865.95,58613.1578,107417684.8205078
1086,2023-04-26,1865.95,1964.43,1784.16,1866.01,112842.66487,212858417.7494
1085,2023-04-27,1866.01,1939.03,1861.21,1908.61,98311.31844,186984598.9750504
1084,2023-04-28,1908.61,1923.54,1875.0,1891.01,49257.32547,93590603.3170398
1083,2023-04-29,1891.01,1917.8,1883.68,1907.86,27463.80165,52211127.6404042
1082,2023-04-30,1907.86,1939.39,1866.15,1870.22,45783.0692,87274937.2844516
1081,2023-05-01,1870.22,1886.15,1806.59,1831.0,72063.15765,132422752.4927441
1080,2023-05-02,1831.0,1881.8,1822.87,1869.97,58241.80056,107761012.0524201
1079,2023-05-03,1869.97,1916.29,1843.01,1905.05,88063.67641,165052183.0423552
1078,2023-05-04,1905.05,1918.5,1866.94,1876.95,60056.90772,113575180.1433422
1077,2023-05-05,1876.95,2000.0,1875.85,1993.4,85612.56604,166087751.073965
1076,2023-05-06,1993.4,2018.0,1860.0,1896.57,87013.1046,167596872.1967444
1075,2023-05-07,1896.57,1933.39,1867.27,1870.63,64537.81863,123026107.472856
1074,2023-05-08,1870.63,1883.99,1810.44,1847.43,109109.52896,202101535.3359066
1073,2023-05-09,1847.43,1861.8,1830.8,1846.6,61482.32007,113404212.5070507
1072,2023-05-10,1846.6,1887.25,1788.0,1841.06,83019.68026,153373483.990687
1071,2023-05-11,1841.06,1841.99,1771.8,1794.46,83079.83937,150194054.7199452
1070,2023-05-12,1794.46,1816.27,1739.0,1807.36,104380.40508,185059214.1505617
1069,2023-05-13,1807.36,1816.4,1785.0,1795.1,46339.51592,83430893.4314944
1068,2023-05-14,1795.1,1823.6,1790.4,1799.13,42304.2283,76326001.9978909
1067,2023-05-15,1799.13,1846.86,1784.43,1816.16,82094.70271,149752158.487456
1066,2023-05-16,1816.16,1832.59,1796.53,1824.01,72272.01508,131335622.8135649
1065,2023-05-17,1824.01,1837.34,1783.59,1822.15,77655.64955,140618164.2064624
1064,2023-05-18,1822.15,1831.85,1771.38,1800.5,60547.5232,109631511.027575
1063,2023-05-19,1800.5,1829.25,1797.13,1812.07,46112.82285,83529622.1713307
1062,2023-05-20,1812.07,1828.55,1807.03,1819.25,15646.32515,28409663.5720326
1061,2023-05-21,1819.25,1828.86,1797.59,1804.98,21062.7912,38141654.1199019
1060,2023-05-22,1804.98,1828.62,1792.25,1817.23,32879.71111,59628025.1270577
1059,2023-05-23,1817.23,1875.32,1815.5,1854.06,56914.95099,105351163.3031219
1058,2023-05-24,1854.06,1854.15,1776.64,1800.19,64795.30339,117222143.7617673
1057,2023-05-25,1800.19,1818.54,1760.38,1806.05,61323.45649,109977835.3058668
1056,2023-05-26,1806.05,1837.9,1796.89,1827.82,36848.89797,67050824.3483765
1055,2023-05-27,1827.82,1835.98,1812.31,1830.17,16734.9382,30568725.8202654
1054,2023-05-28,1830.17,1922.5,1823.62,1908.83,47575.17033,88846363.7729918
1053,2023-05-29,1908.83,1927.74,1873.46,1892.53,52517.69685,99746766.3508049
1052,2023-05-30,1892.53,1916.72,1881.47,1900.68,49101.85001,93492175.8374347
1051,2023-05-31,1900.68,1907.36,1846.8,1873.53,47766.62959,89356795.3976699
1050,2023-06-01,1873.53,1888.84,1838.7,1861.81,64084.88854,119497172.6549266
1049,2023-06-02,1861.81,1910.69,1847.68,1906.8,59255.84304,111866078.1174001
1048,2023-06-03,1906.8,1907.96,1882.0,1892.1,23940.45968,45381820.6976024
1047,2023-06-04,1892.1,1914.0,1884.39,1890.0,29560.88554,56161658.3098522
1046,2023-06-05,1890.0,1890.8,1778.44,1810.25,104839.85497,192202685.2387181
1045,2023-06-06,1810.25,1898.23,1797.25,1884.02,92669.33493,171149280.3610012
1044,2023-06-07,1884.02,1897.22,1820.68,1832.34,83733.62068,155280020.9732122
1043,2023-06-08,1832.34,1861.19,1828.56,1845.66,40487.43038,74702693.3825432
1042,2023-06-09,1845.66,1855.09,1826.93,1840.25,44395.42109,81732567.2880597
1041,2023-06-10,1840.25,1844.9,1716.38,1751.39,125656.82999,221084522.7441597
1040,2023-06-11,1751.39,1778.1,1738.46,1752.62,54976.36008,96424911.9761126
1039,2023-06-12,1752.62,1759.5,1719.77,1742.47,62095.64932,107958705.1263322
1038,2023-06-13,1742.47,1766.34,1724.17,1740.21,53123.98656,92654283.9660097
1037,2023-06-14,1740.21,1749.92,1627.32,1651.0,75879.32195,128654347.3375107
1036,2023-06-15,1651.0,1681.25,1627.5,1667.0,55011.1677,90704406.1091345
1035,2023-06-16,1667.0,1729.08,1649.81,1718.04,60178.54752,101564394.1653214
1034,2023-06-17,1718.04,1772.0,1714.46,1727.76,36438.98029,63368787.8223998
1033,2023-06-18,1727.76,1747.72,1712.83,1720.88,27910.0299,48308643.9578356
1032,2023-06-19,1720.88,1751.85,1697.02,1737.12,42888.4871,73963258.6088106
1031,2023-06-20,1737.12,1796.36,1714.62,1792.38,60333.53927,105864968.3804018
1030,2023-06-21,1792.38,1901.68,1787.51,1889.37,94278.14644,173820160.2766664
1029,2023-06-22,1889.37,1932.88,1866.6,1872.14,57173.28998,108486406.2967448
1028,2023-06-23,1872.14,1936.79,1861.91,1892.4,72972.47673,138296453.6120363
1027,2023-06-24,1892.4,1905.7,1864.97,1875.21,38124.48898,71884609.5123614
1026,2023-06-25,1875.21,1929.81,1869.01,1898.87,54606.33039,103848281.0725087
1025,2023-06-26,1898.87,1909.05,1837.18,1859.01,66511.42481,124654809.0407748
1024,2023-06-27,1859.01,1912.4,1855.3,1889.58,58987.35135,111099315.9025369
1023,2023-06-28,1889.58,1890.23,1816.13,1827.79,68693.77194,127352432.615791
1022,2023-06-29,1827.79,1879.85,1827.78,1852.21,58409.21873,108332718.926178
1021,2023-06-30,1852.21,1947.05,1823.88,1933.79,123780.63775,233658001.7928267
1020,2023-07-01,1933.79,1944.4,1909.56,1924.41,37567.26823,72257033.7067418
1019,2023-07-02,1924.41,1961.48,1885.11,1937.4,59316.25015,113985999.9708469
1018,2023-07-03,1937.4,1976.23,1933.64,1955.65,67062.00239,131390971.7629126
1017,2023-07-04,1955.65,1966.87,1931.39,1935.97,47498.7945,92667728.0805281
1016,2023-07-05,1935.97,1942.2,1894.19,1910.02,55853.36091,107047239.1530797
1015,2023-07-06,1910.02,1957.32,1846.1,1846.1,79097.44858,150407550.414764
1014,2023-07-07,1846.1,1877.86,1825.38,1870.54,52567.95434,97622131.1399884
1013,2023-07-08,1870.54,1873.0,1842.8,1865.23,25582.38452,47585884.2750217
1012,2023-07-09,1865.23,1878.8,1856.5,1862.84,27168.72717,50734150.1661605
1011,2023-07-10,1862.84,1905.31,1846.7,1880.28,44977.11182,84109360.2968861
1010,2023-07-11,1880.28,1891.54,1862.67,1878.32,34429.33361,64539489.0500519
1009,2023-07-12,1878.32,1901.56,1864.36,1871.88,47037.78639,88667108.8217401
1008,2023-07-13,1871.88,2012.8,1863.01,2004.43,97959.39295,191122721.5220781
1007,2023-07-14,2004.43,2029.18,1898.22,1937.91,92766.76175,182692882.9864838
1006,2023-07-15,1937.91,1946.39,1926.31,1931.2,22379.93265,43292931.5784706
1005,2023-07-16,1931.2,1943.24,1914.16,1922.19,26488.09204,51115363.9918746
1004,2023-07-17,1922.19,1935.89,1873.61,1911.26,49897.51725,95159921.5056579
1003,2023-07-18,1911.26,1916.99,1876.5,1897.43,40142.22948,76180533.0180985
1002,2023-07-19,1897.43,1922.2,1882.15,1888.6,47640.62834,90753773.1503998
1001,2023-07-20,1888.6,1929.19,1878.25,1891.2,57850.51598,109971997.7645149
1000,2023-07-21,1891.2,1905.0,1884.9,1891.65,32323.60636,61202238.4467067
999,2023-07-22,1891.65,1897.05,1851.48,1866.17,19618.36808,36885481.3002393
998,2023-07-23,1866.17,1904.83,1858.09,1888.83,28923.34722,54393813.6281742
997,2023-07-24,1888.83,1890.62,1832.81,1850.0,45536.13221,84384580.8041578
996,2023-07-25,1850.0,1868.57,1845.61,1857.81,26357.65802,48937802.5578043
995,2023-07-26,1857.81,1887.49,1848.6,1871.82,63325.38779,118148314.8058436
994,2023-07-27,1871.82,1886.14,1855.09,1861.35,32326.17882,60487570.8050456
993,2023-07-28,1861.35,1883.58,1856.69,1874.32,18065.56552,33798624.9131967
992,2023-07-29,1874.32,1886.21,1869.81,1880.61,9759.43943,18309745.3123921
991,2023-07-30,1880.61,1885.08,1849.27,1861.71,32399.6407,60545906.7693438
990,2023-07-31,1861.71,1877.0,1851.25,1856.31,25273.97207,47098899.8957737
989,2023-08-01,1856.31,1875.69,1811.18,1873.33,56345.23865,103555178.6966335
988,2023-08-02,1873.33,1879.75,1821.31,1840.14,54052.27557,100006021.5626764
987,2023-08-03,1840.14,1859.12,1826.14,1835.92,38230.06723,70428351.969316
986,2023-08-04,1835.92,1851.26,1815.22,1830.29,38676.2419,70983123.7305822
985,2023-08-05,1830.29,1838.86,1827.8,1836.6,13205.82257,24207434.793244
984,2023-08-06,1836.6,1838.5,1826.0,1830.38,12489.02727,22889760.4545951
983,2023-08-07,1830.38,1846.91,1802.0,1829.05,43335.13893,78984816.4711166
982,2023-08-08,1829.05,1876.77,1826.35,1856.29,51504.9889,95254174.2335248
981,2023-08-09,1856.29,1871.44,1846.38,1855.29,27317.11462,50734487.0539828
980,2023-08-10,1855.29,1865.79,1846.28,1852.35,21251.23024,39408244.7394059
979,2023-08-11,1852.35,1857.44,1838.78,1848.83,18308.22144,33840171.0922063
978,2023-08-12,1848.83,1853.6,1846.24,1849.98,9387.97855,17363881.5875266
977,2023-08-13,1849.98,1861.65,1834.54,1840.63,14273.08771,26393708.2243161
976,2023-08-14,1840.63,1856.46,1835.01,1845.76,23257.23174,42953978.2861222
975,2023-08-15,1845.76,1847.2,1813.8,1829.29,24970.56033,45732521.2271976
974,2023-08-16,1829.29,1831.64,1797.95,1807.72,32285.14358,58633465.7594336
973,2023-08-17,1807.72,1810.0,1507.29,1681.11,162490.93006,276914117.2316967
972,2023-08-18,1681.11,1699.2,1639.96,1661.4,113111.04136,189269915.545849
971,2023-08-19,1661.4,1696.6,1654.47,1669.81,32508.57715,54347883.5914486
970,2023-08-20,1669.81,1694.55,1662.07,1685.2,28532.98458,47782167.4746513
969,2023-08-21,1685.2,1688.6,1648.79,1667.59,48286.1419,80608742.9789889
968,2023-08-22,1667.59,1669.38,1578.88,1635.0,71759.41733,117186403.5243058
967,2023-08-23,1635.0,1701.84,1629.6,1679.78,71874.15305,119495783.6774629
966,2023-08-24,1679.78,1683.5,1636.05,1661.19,49943.00244,82794964.2625916
965,2023-08-25,1661.19,1677.5,1635.46,1653.75,62441.96382,103226345.7210328
964,2023-08-26,1653.75,1655.6,1644.19,1646.95,14183.72433,23406494.6877801
963,2023-08-27,1646.95,1659.96,1646.41,1658.19,16578.59918,27412672.5974592
962,2023-08-28,1658.19,1664.09,1621.83,1653.27,51869.36169,85360320.8393543
961,2023-08-29,1653.27,1746.22,1640.26,1729.3,130860.79148,223061246.2350838
960,2023-08-30,1729.3,1730.98,1694.9,1705.39,51997.36957,89006020.6594034
959,2023-08-31,1705.39,1726.53,1629.84,1645.9,85032.73853,142565091.1226614
958,2023-09-01,1645.9,1654.47,1602.26,1628.84,81456.41676,132771710.8331822
957,2023-09-02,1628.84,1645.15,1628.01,1636.97,24312.49968,39750947.1039417
956,2023-09-03,1636.97,1647.85,1625.21,1635.77,25319.69709,41423139.5102617
955,2023-09-04,1635.77,1644.83,1616.58,1630.61,31690.31033,51665643.4718363
954,2023-09-05,1630.61,1647.99,1609.74,1634.4,40069.16755,65322863.5280902
953,2023-09-06,1634.4,1670.34,1609.29,1633.13,52690.48714,86038677.3904761
952,2023-09-07,1633.13,1660.0,1623.66,1647.99,43491.08918,71298597.3223598
951,2023-09-08,1647.99,1658.79,1616.55,1636.44,41266.0956,67460255.5792343
950,2023-09-09,1636.44,1637.38,1630.04,1635.37,9649.94731,15770825.5525559
949,2023-09-10,1635.37,1635.55,1597.86,1617.49,41298.01634,66808977.8015125
948,2023-09-11,1617.49,1618.99,1531.2,1551.89,103075.60893,162008433.8108081
947,2023-09-12,1551.89,1625.32,1549.75,1592.86,97037.30481,154579275.3562179
946,2023-09-13,1592.86,1618.9,1582.0,1607.61,63789.46687,102004504.9013381
945,2023-09-14,1607.61,1644.76,1607.16,1626.55,73621.35625,119821744.4643509
944,2023-09-15,1626.55,1653.93,1611.51,1641.59,42125.36067,68651606.2105743
943,2023-09-16,1641.59,1652.2,1631.46,1634.49,19734.24973,32344982.838386
942,2023-09-17,1634.49,1634.99,1611.95,1622.41,26175.19868,42539037.239378
941,2023-09-18,1622.41,1668.91,1605.0,1636.87,73783.53589,121187328.9590139
940,2023-09-19,1636.87,1660.8,1626.74,1643.18,51379.72673,84498018.3258107
939,2023-09-20,1643.18,1649.2,1605.4,1622.29,79426.46618,129228458.5315232
938,2023-09-21,1622.29,1625.32,1567.7,1584.01,75663.09168,120704937.339015
937,2023-09-22,1584.01,1602.6,1576.6,1593.05,44200.48435,70425629.0380491
936,2023-09-23,1593.05,1598.14,1587.7,1593.8,14234.28404,22676198.140722
935,2023-09-24,1593.8,1601.0,1570.6,1580.77,39171.4324,62172990.7545495
934,2023-09-25,1580.77,1597.45,1562.95,1588.3,77245.95616,121998391.1918662
933,2023-09-26,1588.3,1599.2,1580.4,1593.92,43859.20527,69680754.2477049
932,2023-09-27,1593.92,1634.05,1583.41,1598.6,108581.39996,174563009.3020618
931,2023-09-28,1598.6,1668.48,1597.9,1652.98,136678.63395,224002541.2201613
930,2023-09-29,1652.98,1688.34,1648.41,1667.4,94598.27035,157898719.9489144
929,2023-09-30,1667.4,1694.27,1666.21,1670.85,34955.19091,58667964.5333156
928,2023-10-01,1670.85,1759.16,1668.32,1733.67,80733.27488,137864689.3285082
927,2023-10-02,1733.67,1743.44,1637.2,1662.44,154865.69601,262970079.0897416
926,2023-10-03,1662.44,1670.44,1643.87,1656.84,66825.95609,110726804.3372351
925,2023-10-04,1656.84,1657.76,1624.0,1646.65,92383.04789,151643853.8021788
924,2023-10-05,1646.65,1655.2,1607.5,1611.86,101745.81571,165766294.5267987
923,2023-10-06,1611.86,1662.54,1611.23,1645.11,95999.82334,156891914.7835705
922,2023-10-07,1645.11,1647.55,1630.0,1633.79,27812.27606,45585980.579136
921,2023-10-08,1633.79,1641.47,1616.12,1632.68,49093.35831,79986389.9550841
920,2023-10-09,1632.68,1635.87,1545.25,1579.97,166741.83039,264525799.0477366
919,2023-10-10,1579.97,1594.8,1551.2,1567.59,138370.04269,217817192.4213049
918,2023-10-11,1567.59,1578.4,1544.66,1566.88,100547.4964,157130756.8596564
917,2023-10-12,1566.88,1568.56,1519.55,1539.86,100598.98849,155262090.9514161
916,2023-10-13,1539.86,1576.2,1537.88,1552.24,81180.61766,125860224.5915166
915,2023-10-14,1552.24,1562.11,1544.63,1554.95,27355.93821,42489311.8535308
914,2023-10-15,1554.95,1566.98,1548.6,1557.68,39113.97364,60927264.7965056
913,2023-10-16,1557.68,1641.67,1555.19,1599.53,179232.53481,285316390.8209321
912,2023-10-17,1599.53,1600.6,1551.0,1564.48,73837.34938,116385521.5419764
911,2023-10-18,1564.48,1585.13,1555.81,1563.25,65317.98266,102613407.6124133
910,2023-10-19,1563.25,1574.57,1542.0,1566.58,90042.19103,140189298.7877468
909,2023-10-20,1566.58,1630.44,1561.28,1604.01,106934.42487,171146856.8072369
908,2023-10-21,1604.01,1644.49,1592.44,1628.86,63340.47307,102505568.1501852
907,2023-10-22,1628.86,1668.33,1621.52,1663.9,84411.40162,138391960.5251359
906,2023-10-23,1663.9,1801.03,1657.27,1765.27,224650.53692,384729822.9208709
905,2023-10-24,1765.27,1854.66,1756.24,1785.07,180509.11778,325249501.6724294
904,2023-10-25,1785.07,1817.9,1760.0,1787.25,107267.77569,192045489.8126423
903,2023-10-26,1787.25,1865.6,1762.56,1803.31,146844.43341,265727611.0098028
902,2023-10-27,1803.31,1804.24,1745.0,1779.44,69725.77484,123979797.2307986
901,2023-10-28,1779.44,1803.19,1770.0,1776.18,42321.83584,75588722.0978601
900,2023-10-29,1776.18,1811.21,1763.04,1795.11,44492.92395,79644208.7600516
899,2023-10-30,1795.11,1830.17,1777.36,1808.9,77380.72093,139677519.0671089
898,2023-10-31,1808.9,1819.22,1781.2,1814.72,88606.07329,159575379.9635367
897,2023-11-01,1814.72,1857.8,1783.12,1846.77,147645.20599,268734543.0676693
896,2023-11-02,1846.77,1874.2,1784.75,1800.86,149790.87003,274120027.4653118
895,2023-11-03,1800.86,1834.4,1776.54,1832.59,128843.96415,232180295.0216749
894,2023-11-04,1832.59,1869.74,1823.8,1855.77,54426.57615,100141902.9954822
893,2023-11-05,1855.77,1912.74,1846.25,1891.75,103471.66679,194833417.1359494
892,2023-11-06,1891.75,1914.47,1869.23,1900.95,87661.26502,166033746.2095036
891,2023-11-07,1900.95,1906.79,1850.4,1885.4,96479.77942,181567684.4009437
890,2023-11-08,1885.4,1904.8,1873.0,1888.39,59437.62986,112261244.9426742
889,2023-11-09,1888.39,2131.66,1882.37,2120.98,339464.6434,679840811.282336
888,2023-11-10,2120.98,2136.54,2065.29,2077.6,159058.93226,334035369.6697661
887,2023-11-11,2077.6,2089.24,2030.42,2053.12,125665.52199,258697412.3351609
886,2023-11-12,2053.12,2066.44,2011.44,2044.79,64216.0409,131435166.9411683
885,2023-11-13,2044.79,2117.86,2028.37,2053.39,146792.846,303643081.6868108
884,2023-11-14,2053.39,2064.66,1923.17,1979.27,151123.29588,304412606.9992667
883,2023-11-15,1979.27,2062.31,1967.17,2058.5,145574.9816,293141461.0349593
882,2023-11-16,2058.5,2091.2,1938.67,1961.71,216421.84221,435763242.9486626
881,2023-11-17,1961.71,1991.11,1905.32,1960.71,167846.45212,327521412.705565
880,2023-11-18,1960.71,1971.3,1916.0,1962.6,81781.51524,159314858.533689
879,2023-11-19,1962.6,2015.3,1943.54,2011.51,96034.28416,189249933.8305569
878,2023-11-20,2011.51,2067.14,1989.69,2021.4,187651.20932,380326552.0649425
877,2023-11-21,2021.4,2034.44,1931.27,1933.36,232880.29353,462862549.6813233
876,2023-11-22,1933.36,2092.0,1929.05,2063.33,177678.33962,361474162.8263225
875,2023-11-23,2063.33,2088.64,2040.0,2062.0,105824.03785,218153446.2172071
874,2023-11-24,2062.0,2132.83,2058.58,2080.68,179123.28624,375267497.8891766
873,2023-11-25,2080.68,2090.29,2065.6,2083.05,46606.02316,96946671.1825045
872,2023-11-26,2083.05,2094.0,2035.89,2062.32,102127.25416,211233284.5055561
871,2023-11-27,2062.32,2071.17,1985.0,2027.91,117709.41249,238413851.4660355
870,2023-11-28,2027.91,2075.59,1994.79,2048.29,107708.84445,219592577.3015423
869,2023-11-29,2048.29,2075.63,2018.92,2028.81,81844.44951,167237581.4119158
868,2023-11-30,2028.81,2054.64,2020.94,2051.9,68397.6958,139290239.3880919
867,2023-12-01,2051.9,2110.97,2045.11,2087.36,121445.75798,253729767.0211555
866,2023-12-02,2087.36,2191.55,2086.2,2164.73,119189.67745,254406884.6136739
865,2023-12-03,2164.73,2217.65,2149.11,2192.81,85440.51871,185655601.7981354
864,2023-12-04,2192.81,2274.39,2191.25,2243.22,163540.36858,365229901.1148758
863,2023-12-05,2243.22,2309.92,2188.2,2293.32,194996.12998,438657032.2873839
862,2023-12-06,2293.32,2311.82,2219.68,2232.88,142703.16999,323529895.7570959
861,2023-12-07,2232.88,2382.79,2221.93,2355.68,187765.25233,433245242.8282712
860,2023-12-08,2355.68,2392.5,2336.65,2358.66,138613.33761,327462348.2894294
859,2023-12-09,2358.66,2403.63,2328.53,2340.62,98134.85835,231680760.4793122
858,2023-12-10,2340.62,2377.24,2322.21,2352.25,50993.69573,119827665.530277
857,2023-12-11,2352.25,2354.94,2136.55,2224.81,206391.62927,459349614.9385377
856,2023-12-12,2224.81,2244.06,2165.59,2203.39,100768.45135,222522706.0709226
855,2023-12-13,2203.39,2284.71,2145.97,2260.01,115019.79608,253507186.5343401
854,2023-12-14,2260.01,2332.35,2228.56,2315.1,126289.87961,288154097.1428663
853,2023-12-15,2315.1,2317.73,2195.37,2220.61,106533.33536,240505332.3632966
852,2023-12-16,2220.61,2263.56,2209.97,2228.72,56650.15859,126996391.5308819
851,2023-12-17,2228.72,2249.02,2192.09,2196.48,66494.69569,147657070.3013913
850,2023-12-18,2196.48,2223.81,2117.3,2219.35,102162.90381,221435145.4656302
849,2023-12-19,2219.35,2254.89,2136.01,2177.79,105687.91907,233041247.9074168
848,2023-12-20,2177.79,2265.95,2157.31,2202.16,122599.04991,271303407.8703078
847,2023-12-21,2202.16,2279.33,2183.39,2239.4,128022.54991,285838753.7006482
846,2023-12-22,2239.4,2342.97,2230.27,2324.81,220586.62422,506090933.5812024
845,2023-12-23,2324.81,2331.56,2264.84,2308.25,70871.68309,162420356.7466543
844,2023-12-24,2308.25,2326.19,2242.52,2264.01,70083.1336,160238514.9893022
843,2023-12-25,2264.01,2304.58,2253.21,2271.1,57577.03316,131121455.1659992
842,2023-12-26,2271.1,2274.7,2178.84,2230.69,119316.34057,265939030.7755897
841,2023-12-27,2230.69,2392.56,2211.86,2378.18,192607.82945,445311822.8124675
840,2023-12-28,2378.18,2445.81,2334.86,2344.21,209687.34254,499720496.8240479
839,2023-12-29,2344.21,2385.2,2255.48,2299.19,164995.9701,383846471.4404277
838,2023-12-30,2299.19,2322.85,2267.78,2291.57,76737.23008,176239803.5893051
837,2023-12-31,2291.57,2322.0,2258.0,2282.0,92216.96999,211937246.633762
836,2024-01-01,2282.0,2351.8,2265.29,2351.6,72164.87871,166736858.7960529
835,2024-01-02,2351.6,2431.08,2339.21,2355.2,154649.65169,367805218.0027896
834,2024-01-03,2355.2,2385.12,2079.36,2209.69,288021.20403,647269374.3887061
833,2024-01-04,2209.69,2294.75,2202.1,2267.1,125673.48806,282872485.1691517
832,2024-01-05,2267.1,2276.88,2206.2,2268.39,142693.3322,319947485.9686299
831,2024-01-06,2268.39,2269.88,2216.0,2240.95,51202.2217,114697507.7366107
830,2024-01-07,2240.95,2257.18,2204.18,2221.59,55349.86992,123790667.8390903
829,2024-01-08,2221.59,2358.4,2165.54,2330.8,159599.94695,360983427.9809181
828,2024-01-09,2330.8,2376.24,2225.79,2344.38,218130.09589,500317067.6041524
827,2024-01-10,2344.38,2643.0,2340.4,2584.33,324256.59118,794685826.9905789
826,2024-01-11,2584.33,2689.99,2565.78,2618.01,194946.32421,509833390.2469628
825,2024-01-12,2618.01,2718.38,2457.8,2522.79,255374.61392,665523542.5831465
824,2024-01-13,2522.79,2589.99,2497.61,2578.0,120761.8126,307918596.9924943
823,2024-01-14,2578.0,2578.6,2469.5,2472.81,77258.45222,195379651.3407485
822,2024-01-15,2472.81,2553.79,2471.13,2511.8,67441.69077,169651054.1612397
821,2024-01-16,2511.8,2647.58,2500.22,2587.54,90838.99345,231759394.360256
820,2024-01-17,2587.54,2592.77,2506.25,2530.23,79192.83577,201787904.0137958
819,2024-01-18,2530.23,2549.39,2428.14,2470.79,108083.92404,269284163.5676981
818,2024-01-19,2470.79,2504.33,2414.81,2491.82,115870.33218,285970849.4350831
817,2024-01-20,2491.82,2491.82,2454.3,2472.14,31590.78781,78083516.3134269
816,2024-01-21,2472.14,2481.93,2452.63,2457.0,27532.84641,68031932.3319225
815,2024-01-22,2457.0,2465.95,2303.11,2314.18,164257.37612,390757980.1405744
814,2024-01-23,2314.18,2351.24,2168.21,2242.66,185480.49434,414294840.8160105
813,2024-01-24,2242.66,2264.7,2196.33,2235.29,74636.48223,166487717.3741804
812,2024-01-25,2235.29,2242.8,2171.43,2218.65,59475.91682,131593982.7352338
811,2024-01-26,2218.65,2282.22,2196.0,2267.62,66286.38604,148860155.4038693
810,2024-01-27,2267.62,2282.96,2251.27,2268.1,24987.90445,56667411.577822
809,2024-01-28,2268.1,2308.15,2239.66,2256.82,42788.84127,97339009.2182958
808,2024-01-29,2256.82,2322.47,2233.78,2317.77,55746.34763,127174591.4476445
807,2024-01-30,2317.77,2392.35,2296.21,2342.76,79032.21488,184543682.126013
806,2024-01-31,2342.76,2351.73,2263.2,2283.24,80325.43757,185880019.4420978
805,2024-02-01,2283.24,2311.98,2240.13,2303.98,67630.07481,154175616.0524197
804,2024-02-02,2303.98,2324.87,2282.1,2308.91,60160.00272,138678232.2053432
803,2024-02-03,2308.91,2330.04,2292.67,2296.59,35310.6624,81553783.3947206
802,2024-02-04,2296.59,2311.14,2266.06,2289.61,52833.19933,121250999.3704581
801,2024-02-05,2289.61,2338.4,2269.16,2301.76,63157.20628,145588863.1788612
800,2024-02-06,2301.76,2392.49,2298.87,2372.72,89657.72675,210090398.8091209
799,2024-02-07,2372.72,2445.12,2354.11,2425.2,91104.4485,218343326.4948137
798,2024-02-08,2425.2,2463.59,2412.0,2419.58,82805.49529,201359893.262082
797,2024-02-09,2419.58,2525.0,2418.69,2486.59,155132.92423,385428352.9605935
796,2024-02-10,2486.59,2516.54,2471.6,2500.25,50694.57205,126479402.2305462
795,2024-02-11,2500.25,2539.75,2493.7,2507.1,65045.90771,163658072.1644876
794,2024-02-12,2507.1,2665.3,2472.1,2659.81,133235.55022,341392229.3771355
793,2024-02-13,2659.81,2686.4,2590.09,2640.08,162712.62067,429466686.3644843
792,2024-02-14,2640.08,2786.35,2618.2,2774.81,141226.68698,384970613.8182902
791,2024-02-15,2774.81,2867.2,2759.75,2822.89,181057.54001,508780596.3909397
790,2024-02-16,2822.89,2857.4,2738.88,2802.0,147225.10542,413118798.9261797
789,2024-02-17,2802.0,2804.34,2718.4,2786.16,68210.09368,188643154.7433094
788,2024-02-18,2786.16,2895.56,2763.6,2881.21,94128.41313,266083164.0671154
787,2024-02-19,2881.21,2984.46,2856.69,2944.4,167548.42304,488838603.3791203
786,2024-02-20,2944.4,3033.0,2874.0,3014.65,234379.1683,689885392.9467103
785,2024-02-21,3014.65,3017.35,2868.24,2967.18,247063.96886,723383933.5883867
784,2024-02-22,2967.18,3037.71,2906.56,2971.4,213141.60753,634315267.6386231
783,2024-02-23,2971.4,2993.76,2905.17,2922.14,136365.26001,401145225.8375834
782,2024-02-24,2922.14,3004.59,2906.23,2992.47,77572.90457,230130590.2994607
781,2024-02-25,2992.47,3124.0,2983.62,3113.18,129360.52829,395276272.6516938
780,2024-02-26,3113.18,3197.81,3036.59,3175.73,180794.19317,563776227.9226255
779,2024-02-27,3175.73,3288.56,3165.0,3242.41,210755.92536,682472544.2771249
778,2024-02-28,3242.41,3492.8,3171.42,3383.08,304004.40243,1013526940.878393
777,2024-02-29,3383.08,3523.48,3300.0,3340.19,285182.13353,978521720.0929441
776,2024-03-01,3340.19,3449.9,3338.74,3432.94,145072.34249,493983581.5171449
775,2024-03-02,3432.94,3460.12,3394.29,3421.32,100512.98865,344006847.9831409
774,2024-03-03,3421.32,3492.42,3359.21,3487.86,116862.58082,400602731.8019047
773,2024-03-04,3487.86,3641.69,3425.94,3627.5,264686.69305,934676811.6170868
772,2024-03-05,3627.5,3822.8,3186.66,3553.38,493147.89056,1784553884.346105
771,2024-03-06,3553.38,3902.38,3499.39,3819.58,333816.87927,1255697595.6468096
770,2024-03-07,3819.58,3933.93,3733.79,3868.64,148018.22079,565422837.7173712
769,2024-03-08,3868.64,3994.98,3817.68,3883.2,143104.59072,560964032.8418455
768,2024-03-09,3883.2,3941.99,3870.3,3905.0,44872.48938,175357120.1176329
767,2024-03-10,3905.0,3964.39,3792.4,3878.42,70960.83818,276830847.6645083
766,2024-03-11,3878.42,4088.84,3721.9,4064.88,163584.42332,649752196.7846154
765,2024-03-12,4064.88,4092.19,3828.87,3980.02,176898.29451,704319051.4557306
764,2024-03-13,3980.02,4082.64,3932.32,4005.01,105850.37413,424160700.1627801
763,2024-03-14,4005.01,4011.16,3722.72,3882.08,164898.81663,639335904.4923687
762,2024-03-15,3882.08,3933.83,3565.6,3742.6,298077.15578,1104268575.4648452
761,2024-03-16,3742.6,3781.55,3467.33,3523.11,198903.20055,726215428.4037899
760,2024-03-17,3523.11,3678.82,3413.15,3644.21,206991.79643,736583432.8225183
759,2024-03-18,3644.21,3645.38,3453.74,3521.01,202698.64383,721650437.182304
758,2024-03-19,3521.01,3548.38,3150.48,3158.54,325838.33684,1080492353.2190125
757,2024-03-20,3158.54,3535.99,3056.37,3515.82,317209.77965,1040785218.0580554
756,2024-03-21,3515.82,3587.62,3411.37,3492.81,166608.89738,584577887.7308134
755,2024-03-22,3492.81,3542.9,3246.02,3336.8,161720.90176,548534287.4887322
754,2024-03-23,3336.8,3435.44,3270.77,3329.66,85719.72142,288320222.5576459
753,2024-03-24,3329.66,3471.72,3299.23,3454.63,72430.39021,244443489.9599501
752,2024-03-25,3454.63,3660.74,3420.22,3590.17,105680.95865,373010128.4177555
751,2024-03-26,3590.17,3679.11,3543.13,3587.24,101348.86026,365401688.3073934
750,2024-03-27,3587.24,3667.43,3460.27,3502.29,124164.31125,441048915.667183
749,2024-03-28,3502.29,3612.0,3464.63,3560.63,79396.38325,282318648.8635989
748,2024-03-29,3560.63,3584.68,3472.48,3509.24,65686.88926,231593142.2697559
747,2024-03-30,3509.24,3566.4,3484.27,3505.24,45289.32208,159352410.0639666
746,2024-03-31,3505.24,3655.42,3504.39,3645.11,52719.10871,190252440.8075745
745,2024-04-01,3645.11,3645.9,3414.24,3504.48,107328.87997,377450537.4225167
744,2024-04-02,3504.48,3506.41,3210.77,3278.92,186052.26911,616359109.5349544
743,2024-04-03,3278.92,3367.69,3201.85,3311.09,146398.80289,485002112.8972409
742,2024-04-04,3311.09,3443.39,3250.84,3328.0,130015.31287,434072919.4575869
741,2024-04-05,3328.0,3349.94,3209.05,3317.6,156619.20489,515202806.124005
740,2024-04-06,3317.6,3398.78,3306.06,3352.09,63331.08993,211605171.4382543
739,2024-04-07,3352.09,3459.67,3344.36,3454.24,78155.45717,265446184.92064
738,2024-04-08,3454.24,3730.19,3407.1,3695.17,145542.50505,523185791.2994273
737,2024-04-09,3695.17,3726.33,3451.63,3505.81,153869.23583,550872632.9603027
736,2024-04-10,3505.81,3563.81,3411.0,3545.4,138750.99457,485272957.105648
735,2024-04-11,3545.4,3618.16,3473.59,3502.59,110355.09034,390084019.60738
734,2024-04-12,3502.59,3552.99,3074.18,3237.58,196997.84894,655126718.9474719
733,2024-04-13,3237.58,3302.37,2800.99,3005.69,367374.35321,1126269350.8654854
732,2024-04-14,3005.69,3174.6,2905.44,3154.51,262264.86999,797604109.968407
731,2024-04-15,3154.51,3278.41,3022.8,3102.0,215560.92932,679382129.4806063
730,2024-04-16,3102.0,3127.43,2987.01,3084.0,214964.12719,658394134.3483264
729,2024-04-17,3084.0,3123.59,2913.51,2985.2,211329.39923,637643686.9388374
728,2024-04-18,2985.2,3095.0,2953.34,3064.39,175412.64466,530782176.7261073
727,2024-04-19,3064.39,3129.53,2865.0,3056.37,243237.91769,738989681.1965592
726,2024-04-20,3056.37,3171.23,3018.24,3155.61,79631.34071,246054979.5220893
725,2024-04-21,3155.61,3197.47,3116.29,3147.44,76307.84297,240995438.1423907
724,2024-04-22,3147.44,3236.39,3128.8,3200.63,106750.80719,340628631.8098431
723,2024-04-23,3200.63,3264.46,3151.6,3219.23,96089.50422,308132203.2466294
722,2024-04-24,3219.23,3293.98,3104.42,3140.43,128294.02071,411647157.6134374
721,2024-04-25,3140.43,3191.72,3071.67,3156.12,157139.43655,492872320.3641207
720,2024-04-26,3156.12,3168.26,3101.59,3131.43,116086.81689,364219709.2941641
719,2024-04-27,3131.43,3284.2,3066.9,3255.81,113111.2143,358493279.2004222
718,2024-04-28,3255.81,3361.59,3250.06,3263.46,96812.72794,319767985.1017625
717,2024-04-29,3263.46,3287.75,3115.26,3217.0,178108.75502,567517110.5830503
716,2024-04-30,3217.0,3251.53,2920.33,3014.45,231954.72774,705888318.892373
715,2024-05-01,3014.45,3023.45,2816.52,2972.25,250789.84069,734467109.6242763
714,2024-05-02,2972.25,3016.47,2892.06,2986.7,148725.87416,441151639.8684938
713,2024-05-03,2986.7,3126.92,2958.38,3102.72,124770.88271,378311727.3280191
712,2024-05-04,3102.72,3168.31,3092.71,3117.16,74784.30142,233723537.0891433
711,2024-05-05,3117.16,3171.89,3072.29,3136.59,77770.46627,243248489.5201642
710,2024-05-06,3136.59,3222.0,3046.03,3062.92,148286.10959,463201447.301078
709,2024-05-07,3062.92,3130.26,3000.0,3006.4,127146.89611,389953720.0581031
708,2024-05-08,3006.4,3038.64,2936.53,2974.0,127305.76674,381892761.3805162
707,2024-05-09,2974.0,3059.33,2950.67,3036.22,107538.46049,322421262.7985342
706,2024-05-10,3036.22,3053.95,2878.01,2910.07,137209.62105,407024119.3828394
705,2024-05-11,2910.07,2945.55,2886.85,2912.38,55834.34835,162866512.2375619
704,2024-05-12,2912.38,2955.43,2901.33,2929.59,55889.40492,163600945.0842153
703,2024-05-13,2929.59,2996.84,2864.93,2950.81,141231.75501,415176967.4053852
702,2024-05-14,2950.81,2961.06,2861.0,2882.21,123678.50941,359681916.7605614
701,2024-05-15,2882.21,3041.64,2864.04,3032.23,133331.88324,393770126.4711185
700,2024-05-16,3032.23,3041.15,2923.33,2944.81,120738.07235,359702038.4140118
699,2024-05-17,2944.81,3120.06,2933.17,3091.75,149836.31802,456397044.0294811
698,2024-05-18,3091.75,3147.37,3083.58,3123.31,89054.98756,277259061.5926079
697,2024-05-19,3123.31,3136.98,3053.58,3071.21,83575.31229,258272719.2138321
696,2024-05-20,3071.21,3695.06,3047.8,3662.7,307340.81509,1019979228.6090451
695,2024-05-21,3662.7,3842.75,3625.48,3790.33,286155.79709,1068097822.2743568
694,2024-05-22,3790.33,3813.52,3653.12,3738.0,202656.99492,758295981.6525476
693,2024-05-23,3738.0,3949.65,3525.01,3782.52,408238.40218,1548600151.6509657
692,2024-05-24,3782.52,3829.58,3627.85,3727.8,160815.79818,598529790.4519337
691,2024-05-25,3727.8,3779.99,3708.4,3749.5,74801.04986,280171137.2867443
690,2024-05-26,3749.5,3884.63,3731.46,3826.15,93510.68948,356718929.7063935
689,2024-05-27,3826.15,3977.79,3823.28,3893.91,125692.24296,491867469.748858
688,2024-05-28,3893.91,3931.28,3774.14,3844.51,158056.02973,609590936.2303911
687,2024-05-29,3844.51,3888.57,3744.08,3767.34,132807.89088,504918283.1289428
686,2024-05-30,3767.34,3825.67,3702.39,3748.0,123326.28928,463811024.8524716
685,2024-05-31,3748.0,3851.86,3723.23,3762.62,112154.87557,423218268.2692646
684,2024-06-01,3762.62,3833.27,3752.9,3815.79,47566.57894,180442466.2566453
683,2024-06-02,3815.79,3838.42,3752.16,3781.32,73599.55823,279173769.1941943
682,2024-06-03,3781.32,3850.69,3757.1,3767.2,115406.14852,438622324.7266423
681,2024-06-04,3767.2,3832.4,3730.0,3810.5,119414.59153,451543310.918831
680,2024-06-05,3810.5,3887.34,3777.82,3866.53,122091.65944,466589715.233841
679,2024-06-06,3866.53,3878.37,3758.27,3813.56,109391.72784,419617759.108007
678,2024-06-07,3813.56,3842.1,3571.54,3678.6,202088.22765,756673597.3251417
677,2024-06-08,3678.6,3709.78,3661.33,3681.27,82307.84446,303350946.3584819
676,2024-06-09,3681.27,3722.46,3666.59,3706.52,71286.87011,263205846.734165
675,2024-06-10,3706.52,3713.84,3643.42,3667.86,120324.33227,442710848.1585673
674,2024-06-11,3667.86,3672.91,3431.14,3497.51,234993.02455,829275670.9135051
673,2024-06-12,3497.51,3657.02,3461.52,3560.37,176044.69912,627741885.8321533
672,2024-06-13,3560.37,3561.92,3427.48,3469.06,161313.49042,563583034.4936647
671,2024-06-14,3469.06,3532.3,3361.9,3481.89,173458.0759,601075379.4132576
670,2024-06-15,3481.89,3594.37,3473.14,3569.33,113921.60924,403449482.8693299
669,2024-06-16,3569.33,3655.1,3541.09,3624.26,99289.59462,356047907.4710756
668,2024-06-17,3624.26,3638.24,3464.93,3511.03,229501.825,811987215.8635302
667,2024-06-18,3511.03,3517.11,3350.0,3483.78,272360.99505,932913485.5060974
666,2024-06-19,3483.78,3589.0,3465.97,3560.53,179381.0242,635144959.1835582
665,2024-06-20,3560.53,3626.13,3485.14,3512.58,179397.83126,637510167.8004793
664,2024-06-21,3512.58,3548.03,3446.09,3518.71,200522.58686,701608337.6502461
663,2024-06-22,3518.71,3521.57,3475.58,3495.87,70888.98515,248036690.0722292
662,2024-06-23,3495.87,3521.35,3403.02,3420.76,122154.85205,423839371.4102168
661,2024-06-24,3420.76,3435.54,3221.86,3352.78,295310.55674,984047958.8897907
660,2024-06-25,3352.78,3429.69,3336.41,3394.2,135388.44603,457967530.91684
659,2024-06-26,3394.2,3426.62,3324.0,3371.34,144036.90504,486906699.9253346
658,2024-06-27,3371.34,3477.37,3361.4,3450.39,128572.36927,439660737.5072173
657,2024-06-28,3450.39,3487.72,3365.28,3380.43,134681.96183,461195602.3758324
656,2024-06-29,3380.43,3408.14,3371.22,3378.81,50439.88505,170955237.0740293
655,2024-06-30,3378.81,3460.0,3352.02,3438.07,78794.94391,267881957.4015574
654,2024-07-01,3438.07,3524.62,3423.63,3441.89,134404.74449,467167417.6818897
653,2024-07-02,3441.89,3464.09,3401.71,3421.77,97629.50819,335344906.1381377
652,2024-07-03,3421.77,3432.25,3250.17,3295.64,194363.01118,645477939.0522215
651,2024-07-04,3295.64,3313.48,3050.27,3059.88,236936.14116,750292452.0970097
650,2024-07-05,3059.88,3109.16,2807.21,2981.57,309666.09618,910421613.2257864
649,2024-07-06,2981.57,3081.95,2954.28,3067.32,98302.14181,296300183.7832968
648,2024-07-07,3067.32,3073.11,2922.14,2931.07,99237.95677,297488964.0238706
647,2024-07-08,2931.07,3096.69,2822.22,3019.08,238995.76813,711129753.1241491
646,2024-07-09,3019.08,3115.36,3003.99,3066.57,189360.51682,580725728.7765751
645,2024-07-10,3066.57,3152.0,3023.74,3100.79,201780.31842,625104307.9202939
644,2024-07-11,3100.79,3216.55,3053.06,3099.44,194970.30863,609816138.964653
643,2024-07-12,3099.44,3157.86,3045.45,3134.23,180702.47915,560033009.4354619
642,2024-07-13,3134.23,3202.35,3113.21,3175.67,104661.29662,329988947.767928
641,2024-07-14,3175.67,3268.89,3163.2,3245.26,120777.22449,386626068.641608
640,2024-07-15,3245.26,3494.63,3233.11,3483.22,168592.69054,567994517.1282203
639,2024-07-16,3483.22,3498.91,3346.19,3444.53,217351.69494,746096819.730565
638,2024-07-17,3444.53,3517.52,3376.04,3387.44,155038.50591,535251521.5532393
637,2024-07-18,3387.44,3489.98,3367.37,3426.8,141401.42639,484449000.6683827
636,2024-07-19,3426.8,3541.69,3376.89,3504.12,159942.81162,552189090.9423302
635,2024-07-20,3504.12,3539.72,3479.71,3517.4,81737.74057,286362271.6625361
634,2024-07-21,3517.4,3547.43,3410.01,3535.96,131709.3637,460280212.5300229
633,2024-07-22,3535.96,3563.1,3422.4,3439.52,158335.92393,551249723.728433
632,2024-07-23,3439.52,3541.35,3389.0,3482.68,245420.86348,852238807.8869984
631,2024-07-24,3482.68,3488.47,3293.1,3335.56,150217.07858,512279707.5372135
630,2024-07-25,3335.56,3342.66,3086.94,3175.28,259787.90631,825271594.6839755
629,2024-07-26,3175.28,3286.2,3170.72,3274.64,161281.25679,523503056.6712713
628,2024-07-27,3274.64,3327.8,3190.69,3249.39,149219.26204,487336685.3175141
627,2024-07-28,3249.39,3284.72,3197.55,3269.91,75067.96093,243795342.0058692
626,2024-07-29,3269.91,3397.46,3257.56,3318.18,144090.69168,479977711.8114689
625,2024-07-30,3318.18,3366.42,3232.91,3279.12,128919.43569,426755479.3862735
624,2024-07-31,3279.12,3350.0,3213.81,3232.7,135912.05528,447473654.4447175
623,2024-08-01,3232.7,3242.89,3079.87,3203.28,180181.06447,569672278.7349684
622,2024-08-02,3203.28,3218.56,2967.02,2989.2,199861.2589,616268841.4778211
621,2024-08-03,2989.2,3018.48,2858.5,2903.68,183781.94237,541392211.5721422
620,2024-08-04,2903.68,2935.36,2623.36,2688.92,211480.88339,592609580.2556903
619,2024-08-05,2688.92,2697.58,2093.59,2419.88,1044960.81604,2438313449.6145945
618,2024-08-06,2419.88,2556.59,2414.33,2461.15,321407.55323,800906253.3109568
617,2024-08-07,2461.15,2552.1,2307.79,2343.23,271184.08007,661680955.0378864
616,2024-08-08,2343.23,2725.37,2320.58,2682.57,261762.40907,654194174.1518604
615,2024-08-09,2682.57,2708.35,2552.67,2599.08,157171.54597,413852986.2405411
614,2024-08-10,2599.08,2645.0,2575.88,2610.06,93938.59402,245466598.4770415
613,2024-08-11,2610.06,2719.9,2539.35,2555.45,128207.60964,336319706.2838491
612,2024-08-12,2555.45,2750.7,2509.6,2722.59,190300.39146,501595411.900108
611,2024-08-13,2722.59,2738.91,2610.31,2702.38,181098.6481,484736397.0586253
610,2024-08-14,2702.38,2784.78,2631.91,2661.12,161255.2294,434959008.0567252
609,2024-08-15,2661.12,2675.66,2515.14,2569.98,176856.78525,461480892.2420579
608,2024-08-16,2569.98,2631.18,2550.69,2592.92,137965.31433,358325354.1036792
607,2024-08-17,2592.92,2628.64,2587.31,2614.33,66751.38271,173903509.7642506
606,2024-08-18,2614.33,2687.64,2594.59,2612.24,103719.58686,273978424.2522221
605,2024-08-19,2612.24,2648.55,2563.42,2636.4,147352.2464,383940086.840652
604,2024-08-20,2636.4,2695.84,2554.3,2572.68,157673.63771,413341874.9084649
603,2024-08-21,2572.68,2664.07,2535.19,2630.71,159322.24401,414466792.9143523
602,2024-08-22,2630.71,2644.94,2583.87,2623.21,139475.70755,365397360.0056196
601,2024-08-23,2623.21,2800.0,2621.26,2762.7,189519.70127,510118214.0118633
600,2024-08-24,2762.7,2819.69,2732.43,2767.8,133927.6717,370744756.7896672
599,2024-08-25,2767.8,2792.37,2733.35,2745.9,108926.1711,300836851.5169411
598,2024-08-26,2745.9,2761.99,2666.76,2680.42,145953.97592,397115305.3731653
597,2024-08-27,2680.42,2700.3,2391.38,2457.39,225941.22376,581787499.7188065
596,2024-08-28,2457.39,2554.84,2418.5,2528.55,235475.27769,587259138.1566807
595,2024-08-29,2528.55,2595.72,2505.67,2527.42,154456.99421,393548117.561713
594,2024-08-30,2527.42,2552.98,2430.82,2526.18,181726.23894,454776561.8197564
593,2024-08-31,2526.18,2534.06,2492.04,2513.1,80474.34523,202623964.1385994
592,2024-09-01,2513.1,2516.24,2398.38,2425.79,124107.56766,306429751.9089384
591,2024-09-02,2425.79,2565.06,2423.37,2538.09,151483.29589,377923911.5485811
590,2024-09-03,2538.09,2553.75,2412.35,2425.08,134290.09325,333179926.2148063
589,2024-09-04,2425.08,2490.17,2305.0,2450.48,239802.99824,574522927.700639
588,2024-09-05,2450.48,2466.17,2347.72,2368.64,157709.96541,377962408.5629146
587,2024-09-06,2368.64,2409.13,2150.0,2225.18,382689.10704,878087781.5791554
586,2024-09-07,2225.18,2311.51,2221.86,2273.45,143389.82675,325813487.3827404
585,2024-09-08,2273.45,2334.05,2240.51,2297.77,167070.98851,381467162.778186
584,2024-09-09,2297.77,2382.3,2272.87,2359.25,234763.61727,544584740.2167885
583,2024-09-10,2359.25,2400.0,2320.14,2388.84,171740.93409,404023047.1440979
582,2024-09-11,2388.84,2389.73,2277.29,2340.6,224087.10269,523086817.9308598
581,2024-09-12,2340.6,2392.6,2315.39,2361.97,171935.25342,404612859.5811767
580,2024-09-13,2361.97,2465.88,2337.43,2439.63,180368.13026,429915418.7143526
579,2024-09-14,2439.63,2441.07,2375.58,2418.0,116473.49165,281550225.3217891
578,2024-09-15,2418.0,2430.85,2282.85,2316.13,132749.89044,315889395.187604
577,2024-09-16,2316.13,2336.18,2252.21,2295.76,194388.18738,445374823.2850327
576,2024-09-17,2295.76,2393.93,2263.16,2341.61,167376.98051,390051043.7001599
575,2024-09-18,2341.61,2376.27,2277.0,2375.05,205209.65497,476190248.2465966
574,2024-09-19,2375.05,2495.29,2372.48,2465.53,213247.35974,518769801.5425594
573,2024-09-20,2465.53,2571.97,2437.45,2561.6,191160.82663,483834023.0791115
572,2024-09-21,2561.6,2623.2,2528.86,2612.41,127241.83048,326044989.5886837
571,2024-09-22,2612.41,2632.77,2524.53,2581.22,145312.61303,375309766.7323612
570,2024-09-23,2581.22,2703.79,2539.11,2647.26,212617.38637,563344401.1576765
569,2024-09-24,2647.26,2671.6,2591.68,2653.49,202552.40209,533916157.0390243
568,2024-09-25,2653.49,2674.47,2554.69,2580.11,194947.21248,509265863.2177925
567,2024-09-26,2580.11,2666.77,2559.25,2632.22,227720.80752,597513730.363672
566,2024-09-27,2632.22,2728.58,2615.18,2694.96,171164.85969,456351866.9493544
565,2024-09-28,2694.96,2704.79,2649.39,2675.46,102913.64129,275505212.5774075
564,2024-09-29,2675.46,2683.78,2634.23,2657.59,85778.26,227996436.3938279
563,2024-09-30,2657.59,2663.46,2574.16,2602.0,184507.0261,482391665.9485206
562,2024-10-01,2602.0,2659.31,2413.15,2447.95,376729.77293,962306034.8827264
561,2024-10-02,2447.95,2499.82,2351.53,2364.01,242498.88477,591418868.8082608
560,2024-10-03,2364.01,2403.5,2309.75,2349.91,242598.38255,571654634.3180944
559,2024-10-04,2349.91,2441.82,2339.15,2414.67,178050.43782,425422507.2279838
558,2024-10-05,2414.67,2428.69,2389.83,2414.54,106665.69595,257302990.7451745
557,2024-10-06,2414.54,2458.32,2407.0,2439.95,89671.46725,218048068.1561669
556,2024-10-07,2439.95,2521.57,2402.8,2422.75,215272.47473,531780250.6943215
555,2024-10-08,2422.75,2466.89,2400.71,2440.79,142339.21836,346415083.7257938
554,2024-10-09,2440.79,2473.59,2350.7,2370.34,166891.71592,404703472.6639665
553,2024-10-10,2370.34,2421.45,2330.95,2386.33,188114.31579,448495291.6185585
552,2024-10-11,2386.33,2472.16,2382.21,2439.6,164248.46012,398413687.2501055
551,2024-10-12,2439.6,2490.78,2434.25,2476.33,99241.53182,244176845.3024283
550,2024-10-13,2476.33,2485.2,2436.36,2468.96,100686.94434,247732558.888246
549,2024-10-14,2468.96,2654.07,2443.34,2629.55,227987.92799,583984622.0756052
548,2024-10-15,2629.55,2689.88,2536.97,2606.95,275213.14614,716242796.6444027
547,2024-10-16,2606.95,2647.6,2588.81,2611.24,187891.72851,491804680.1481584
546,2024-10-17,2611.24,2648.05,2575.0,2605.7,169003.09689,441631200.8330823
545,2024-10-18,2605.7,2676.13,2596.49,2642.37,181847.32737,478985973.6932967
544,2024-10-19,2642.37,2663.66,2630.81,2648.58,106146.5156,280632632.2156584
543,2024-10-20,2648.58,2760.0,2635.56,2747.05,160436.27601,431567188.7680762
542,2024-10-21,2747.05,2769.92,2655.24,2666.7,198717.03795,537575500.1920927
541,2024-10-22,2666.7,2671.6,2606.44,2622.87,188112.97918,495383620.13122
540,2024-10-23,2622.87,2628.35,2447.94,2524.66,202175.57876,516683587.5472094
539,2024-10-24,2524.66,2562.4,2506.92,2535.83,198412.72376,502993645.5271928
538,2024-10-25,2535.83,2566.44,2382.24,2440.76,263696.21319,658604702.5463465
537,2024-10-26,2440.76,2508.11,2429.84,2482.76,161894.47017,398951989.1567638
536,2024-10-27,2482.76,2527.99,2464.0,2507.9,169463.10254,422546142.0567933
535,2024-10-28,2507.9,2590.79,2471.26,2567.32,275969.89583,693530137.4850982
534,2024-10-29,2567.32,2682.31,2561.09,2638.81,202330.46248,531343188.5601956
533,2024-10-30,2638.81,2722.65,2599.39,2659.09,259935.4772,694076146.7549205
532,2024-10-31,2659.09,2669.1,2502.49,2518.44,190906.33754,495265169.3217502
531,2024-11-01,2518.44,2586.69,2467.0,2511.57,166190.57353,418682484.1142134
530,2024-11-02,2511.57,2523.49,2470.0,2494.1,67858.65108,169260357.8732621
529,2024-11-03,2494.1,2496.48,2410.68,2457.67,127490.20846,312057362.7890036
528,2024-11-04,2457.67,2491.44,2357.48,2398.31,180896.83531,441201090.2528719
527,2024-11-05,2398.31,2480.43,2380.56,2422.7,195877.58138,476546117.6957339
526,2024-11-06,2422.7,2745.17,2420.22,2721.9,357278.84528,930615370.2050107
525,2024-11-07,2721.9,2916.21,2699.36,2895.66,258562.84864,733167668.9854816
524,2024-11-08,2895.66,2982.23,2886.78,2962.2,180570.58907,528514227.4089127
523,2024-11-09,2962.2,3157.97,2954.73,3126.22,194377.62001,590708478.8373356
522,2024-11-10,3126.22,3249.09,3069.05,3183.42,259492.93542,824486528.5408386
521,2024-11-11,3183.42,3388.77,3104.57,3371.19,317318.66019,1030104498.0653949
520,2024-11-12,3371.19,3443.88,3208.47,3243.88,332216.79055,1096471520.6848786
519,2024-11-13,3243.88,3331.48,3116.04,3187.17,375996.61043,1208725844.5469215
518,2024-11-14,3187.17,3240.17,3028.52,3059.09,256523.98513,809076527.6030786
517,2024-11-15,3059.09,3131.49,3014.01,3089.5,210068.57405,644029056.766779
516,2024-11-16,3089.5,3220.02,3071.25,3132.84,161108.76374,506228649.5011876
515,2024-11-17,3132.84,3161.88,3034.12,3075.88,196491.20069,609143486.0014358
514,2024-11-18,3075.88,3224.69,3050.22,3207.7,197967.64295,619497040.0635217
513,2024-11-19,3207.7,3221.77,3065.16,3107.33,167780.99011,523248709.7591157
512,2024-11-20,3107.33,3159.53,3029.3,3070.02,181977.6968,562879821.1443887
511,2024-11-21,3070.02,3388.45,3032.51,3356.14,296235.04024,961417805.763882
510,2024-11-22,3356.14,3426.31,3257.65,3327.82,218016.86327,725464504.2449054
509,2024-11-23,3327.82,3496.03,3312.4,3394.01,238504.13361,808149814.1605704
508,2024-11-24,3394.01,3449.7,3281.76,3360.69,166880.75064,560701881.5363055
507,2024-11-25,3360.69,3547.25,3300.0,3414.23,317281.42839,1092601712.8349488
506,2024-11-26,3414.23,3462.43,3252.0,3324.75,259598.93476,869884484.355438
505,2024-11-27,3324.75,3685.0,3302.0,3653.12,266173.95248,930433414.533504
504,2024-11-28,3653.12,3661.54,3529.33,3578.97,191658.90304,688873285.251058
503,2024-11-29,3578.97,3645.27,3534.26,3591.62,178969.01915,641649993.7773765
502,2024-11-30,3591.62,3739.0,3568.0,3703.83,170484.4853,625430170.0059451
501,2024-12-01,3703.83,3746.71,3658.55,3706.65,158642.22665,587687353.0826185
500,2024-12-02,3706.65,3760.7,3554.46,3643.4,222452.98228,810399184.0517592
499,2024-12-03,3643.4,3670.91,3501.25,3614.85,262727.88632,945994213.6865572
498,2024-12-04,3614.85,3887.27,3614.29,3837.56,351129.81399,1319750918.5278306
497,2024-12-05,3837.56,3956.79,3661.02,3784.94,460102.48948,1776515113.731624
496,2024-12-06,3784.94,4087.75,3777.29,3998.96,392949.63146,1550207989.5769901
495,2024-12-07,3998.96,4024.59,3967.48,3996.53,133079.07231,531700698.2738971
494,2024-12-08,3996.53,4016.13,3923.5,4004.57,127789.89644,508530694.7191617
493,2024-12-09,4004.57,4006.51,3453.99,3711.75,407810.65264,1546942502.116483
492,2024-12-10,3711.75,3781.07,3515.6,3628.25,434600.84083,1590124683.2479033
491,2024-12-11,3628.25,3848.89,3562.11,3832.15,206835.26029,770712991.2639815
490,2024-12-12,3832.15,4000.0,3796.79,3881.75,338112.2985,1323427553.333363
489,2024-12-13,3881.75,3969.05,3852.79,3906.88,248129.80073,970114837.0069257
488,2024-12-14,3906.88,3945.51,3824.95,3870.11,187570.03812,729356446.8485639
487,2024-12-15,3870.11,3976.18,3830.61,3960.25,159759.97593,621231050.0514396
486,2024-12-16,3960.25,4108.86,3883.7,3986.65,320017.22362,1275288144.7178233
485,2024-12-17,3986.65,4042.31,3847.09,3892.99,267565.09089,1062411938.2501109
484,2024-12-18,3892.99,3908.0,3617.25,3626.76,415778.25661,1577112247.1302075
483,2024-12-19,3626.76,3720.63,3323.0,3417.08,544657.73177,1921661641.5830278
482,2024-12-20,3417.08,3497.92,3101.69,3472.2,527302.97366,1748019435.1552618
481,2024-12-21,3472.2,3555.9,3292.89,3339.22,252332.53565,862485149.3685412
480,2024-12-22,3339.22,3403.39,3220.01,3282.28,197371.02864,655830401.4657918
479,2024-12-23,3282.28,3467.49,3216.12,3422.5,295348.43377,984745880.8865272
478,2024-12-24,3422.5,3541.0,3358.13,3493.66,178003.35338,613043171.3235092
477,2024-12-25,3493.66,3548.16,3440.9,3497.18,147861.91202,515432332.0007798
476,2024-12-26,3497.18,3515.73,3304.17,3334.99,199018.7095,671865178.399975
475,2024-12-27,3334.99,3444.57,3306.63,3333.54,177357.47596,596706166.9202487
474,2024-12-28,3333.54,3428.95,3322.12,3404.39,98622.05885,332266486.7587605
473,2024-12-29,3404.39,3414.15,3325.88,3356.55,89779.83245,302853085.2974431
472,2024-12-30,3356.55,3437.79,3304.03,3361.76,194639.47837,657572065.1021287
471,2024-12-31,3361.76,3452.03,3315.8,3337.43,152092.08429,513963439.7819432
470,2025-01-01,3337.43,3375.39,3312.72,3360.54,102339.77359,342541291.2136931
469,2025-01-02,3360.54,3511.76,3354.64,3455.79,208233.96534,717412292.6847135
468,2025-01-03,3455.79,3631.15,3422.93,3609.58,184648.1227,651634674.389814
467,2025-01-04,3609.58,3672.0,3571.74,3657.26,133238.77507,482275205.1359037
466,2025-01-05,3657.26,3676.15,3593.83,3636.25,106945.95403,388228550.8465417
465,2025-01-06,3636.25,3745.7,3610.18,3687.15,228108.83603,837150184.6272603
464,2025-01-07,3687.15,3701.48,3356.3,3381.23,332801.33839,1170533417.954749
463,2025-01-08,3381.23,3415.22,3208.01,3327.33,392053.59765,1306377152.666672
462,2025-01-09,3327.33,3357.71,3157.47,3219.08,348690.13418,1142510535.8043566
461,2025-01-10,3219.08,3322.88,3194.81,3267.1,327356.89983,1069027273.7611614
460,2025-01-11,3267.1,3320.87,3218.89,3283.57,169456.12789,552710608.933767
459,2025-01-12,3283.57,3300.75,3224.48,3267.72,150470.26476,491693239.422301
458,2025-01-13,3267.72,3339.0,2911.85,3137.69,512363.5387,1589554166.5743916
457,2025-01-14,3137.69,3257.14,3126.05,3225.77,351649.45204,1123877716.8236532
456,2025-01-15,3225.77,3474.34,3186.43,3451.59,341594.29381,1122184258.1045637
455,2025-01-16,3451.59,3460.7,3264.99,3308.09,230042.51448,769102415.8961747
454,2025-01-17,3308.09,3526.71,3307.53,3474.08,282083.94659,963148393.7392688
453,2025-01-18,3474.08,3494.88,3227.21,3307.56,340283.25302,1128463422.162888
452,2025-01-19,3307.56,3449.82,3130.43,3215.36,638682.16993,2099276767.7953625
451,2025-01-20,3215.36,3456.64,3142.89,3284.0,692543.40373,2289932235.8674173
450,2025-01-21,3284.0,3368.57,3203.94,3327.32,277484.34933,912009768.3880038
449,2025-01-22,3327.32,3367.03,3222.22,3243.16,201952.15555,665788056.1727581
448,2025-01-23,3243.16,3348.99,3184.21,3339.0,306812.64505,994906380.1484743
447,2025-01-24,3339.0,3429.9,3275.4,3310.32,237133.16684,798290415.894674
446,2025-01-25,3310.32,3350.88,3268.81,3319.28,139088.38139,460318485.0117186
445,2025-01-26,3319.28,3361.97,3229.33,3232.41,135406.34812,448504570.7470496
444,2025-01-27,3232.41,3254.28,3020.54,3182.58,351304.97988,1095422945.3212483
443,2025-01-28,3182.58,3223.6,3039.74,3077.48,211043.70193,665096041.5327336
442,2025-01-29,3077.48,3183.18,3054.13,3113.27,274356.97749,856126595.0729375
441,2025-01-30,3113.27,3284.15,3091.06,3247.48,271503.56537,869756025.4693052
440,2025-01-31,3247.48,3438.0,3213.55,3301.15,250436.24834,832194837.3194408
439,2025-02-01,3301.15,3332.19,3101.01,3116.87,297132.61828,957470814.505397
438,2025-02-02,3116.87,3162.84,2745.01,2870.04,649809.67105,1957982606.5738573
437,2025-02-03,2870.04,2921.4,2098.82,2879.85,2316664.29405,5964363659.438834
436,2025-02-04,2879.85,2888.7,2632.74,2731.52,784836.63585,2170967390.2507186
435,2025-02-05,2731.52,2827.36,2698.65,2788.27,550072.62995,1518591522.09701
434,2025-02-06,2788.27,2858.1,2655.2,2687.06,482971.19717,1333146113.800718
433,2025-02-07,2687.06,2799.46,2562.32,2622.19,470275.52101,1269986568.5155833
432,2025-02-08,2622.19,2667.73,2588.62,2632.73,272188.39358,714716599.5837278
431,2025-02-09,2632.73,2699.62,2520.7,2627.58,312399.29362,821209145.118415
430,2025-02-10,2627.58,2694.09,2559.59,2661.24,328341.25448,867972481.1804051
429,2025-02-11,2661.24,2725.82,2559.0,2602.69,406956.07171,1086758424.9948242
428,2025-02-12,2602.69,2795.92,2547.05,2738.86,489776.18255,1289319016.6633308
427,2025-02-13,2738.86,2757.84,2613.06,2676.02,324076.29332,869324648.0109683
426,2025-02-14,2676.02,2792.33,2664.33,2726.09,346036.18387,939770464.803557
425,2025-02-15,2726.09,2739.13,2661.0,2693.25,195257.50513,528129967.2340509
424,2025-02-16,2693.25,2726.86,2651.71,2661.36,186223.02035,501276338.7182446
423,2025-02-17,2661.36,2849.67,2637.46,2744.3,321657.70513,879596013.7002362
422,2025-02-18,2744.3,2757.25,2605.32,2672.25,342146.1991,914761226.3071647
421,2025-02-19,2672.25,2737.09,2656.04,2715.46,280504.9774,759122534.9510112
420,2025-02-20,2715.46,2770.88,2706.35,2738.4,292409.37257,800142126.088201
419,2025-02-21,2738.4,2846.0,2600.0,2656.26,441025.28534,1212707786.3145912
418,2025-02-22,2656.26,2798.88,2647.65,2763.25,111731.67776,304057426.4908276
417,2025-02-23,2763.25,2855.42,2744.44,2819.51,87115.36898,243856509.6146147
416,2025-02-24,2819.51,2839.36,2467.3,2512.77,119550.86755,318099010.2738435
415,2025-02-25,2512.77,2534.1,2314.8,2495.59,201887.22423,489078358.4348213
414,2025-02-26,2495.59,2507.91,2251.91,2335.83,204236.69101,483296774.2560982
413,2025-02-27,2335.83,2382.08,2230.6,2307.68,115991.41019,269789348.6917635
412,2025-02-28,2307.68,2313.95,2074.46,2237.44,252000.55046,544214061.2111344
411,2025-03-01,2237.44,2281.15,2142.9,2217.56,68851.43404,152510605.4317671
410,2025-03-02,2217.56,2552.64,2172.98,2518.82,230131.44282,549450402.7652252
409,2025-03-03,2518.82,2524.49,2096.15,2148.59,229871.47566,525792677.6260273
408,2025-03-04,2148.59,2222.71,1990.3,2171.55,223127.78973,466348062.7671346
407,2025-03-05,2171.55,2273.62,2155.16,2241.45,101864.29153,224658302.6702859
406,2025-03-06,2241.45,2320.45,2176.66,2202.14,117198.48619,263773737.2565972
405,2025-03-07,2202.14,2258.4,2102.35,2141.55,141067.09666,306377875.6060521
404,2025-03-08,2141.55,2234.85,2105.26,2203.65,62425.86368,135486132.0425581
403,2025-03-09,2203.65,2212.09,1989.05,2020.06,95979.14734,198876333.34799
402,2025-03-10,2020.06,2153.0,1809.72,1864.96,193376.64742,383913478.3126741
401,2025-03-11,1864.96,1963.26,1753.98,1923.56,202991.46475,383346255.9264378
400,2025-03-12,1923.56,1956.72,1829.51,1908.5,151859.71139,287574979.8220587
399,2025-03-13,1908.5,1923.59,1821.84,1864.9,95467.69769,179162447.8716493
398,2025-03-14,1864.9,1946.0,1861.46,1911.65,68975.07659,131738026.2980312
397,2025-03-15,1911.65,1957.6,1903.84,1937.43,45391.94851,87652302.5928208
396,2025-03-16,1937.43,1941.0,1860.89,1887.06,57010.73241,108235621.7192205
395,2025-03-17,1887.06,1952.62,1880.0,1926.42,70983.0308,135960442.811139
394,2025-03-18,1926.42,1936.19,1872.4,1931.76,66301.16967,125820889.5981288
393,2025-03-19,1931.76,2069.99,1928.01,2056.33,146643.019,294606943.7518379
392,2025-03-20,2056.33,2067.86,1952.21,1983.9,127206.88659,253759143.1235992
391,2025-03-21,1983.9,1996.54,1936.89,1965.96,98537.45628,193676121.4037906
390,2025-03-22,1965.96,2006.74,1964.65,1980.66,54240.02455,107854285.1669918
389,2025-03-23,1980.66,2020.76,1976.81,2005.94,65882.85223,131914307.9680629
388,2025-03-24,2005.94,2104.72,1977.78,2081.15,157014.09261,324614912.2692861
387,2025-03-25,2081.15,2097.74,2036.83,2066.2,118807.74927,245320051.5189107
386,2025-03-26,2066.2,2078.72,1981.25,2009.55,115094.26875,233955451.5695325
385,2025-03-27,2009.55,2037.47,1986.97,2003.81,77019.79979,155342843.0490031
384,2025-03-28,2003.81,2016.0,1857.57,1897.06,130780.4527,249733766.8496307
383,2025-03-29,1897.06,1913.92,1797.56,1828.08,113270.751,209124740.6793839
382,2025-03-30,1828.08,1849.19,1767.39,1808.11,97921.15884,178018060.4983936
381,2025-03-31,1808.11,1854.18,1776.83,1822.47,115706.11167,210241249.9390954
380,2025-04-01,1822.47,1927.94,1818.01,1905.21,140225.46287,263927213.5549784
379,2025-04-02,1905.21,1956.82,1781.56,1795.17,209696.76531,394422022.2012145
378,2025-04-03,1795.17,1845.21,1749.2,1817.2,114277.63691,205398008.8136606
377,2025-04-04,1817.2,1835.87,1758.65,1816.8,117661.51894,211799765.6434786
376,2025-04-05,1816.8,1827.37,1764.32,1805.87,45998.82353,82779075.4056106
375,2025-04-06,1805.87,1817.17,1537.0,1580.82,186997.56837,308668277.9889573
374,2025-04-07,1580.82,1639.46,1412.03,1553.31,391157.68745,599033401.3447088
373,2025-04-08,1553.31,1618.88,1446.0,1473.5,163860.5859,250115739.7068278
372,2025-04-09,1473.5,1689.0,1384.84,1669.51,336015.32535,511479613.6581035
371,2025-04-10,1669.51,1670.0,1472.41,1522.4,180253.6376,281695303.3036275
370,2025-04-11,1522.4,1591.97,1504.92,1566.61,158918.7219,247634004.2037763
369,2025-04-12,1566.61,1669.96,1545.92,1644.08,147743.40712,239485223.3044683
368,2025-04-13,1644.08,1649.87,1561.26,1597.62,166346.92711,266994952.8043334
367,2025-04-14,1597.62,1691.57,1595.45,1623.89,178693.5776,294247810.7788144
366,2025-04-15,1623.89,1660.95,1583.18,1588.55,106067.11785,172344392.8826181
365,2025-04-16,1588.55,1613.93,1537.07,1577.35,159295.17156,251516518.1752344
364,2025-04-17,1577.35,1617.0,1563.22,1583.61,103518.19897,164896454.2969637
363,2025-04-18,1583.61,1600.66,1573.57,1588.53,49861.43654,79135287.7347712
362,2025-04-19,1588.53,1632.0,1584.9,1613.28,52969.90413,85065763.5521743
361,2025-04-20,1613.28,1619.2,1565.87,1587.32,69546.28762,110517726.2978163
360,2025-04-21,1587.32,1658.59,1563.39,1579.68,141126.56704,227968906.673566
359,2025-04-22,1579.68,1778.45,1537.55,1756.42,221704.053,368661622.0401392
358,2025-04-23,1756.42,1835.24,1745.23,1795.16,216539.38955,388131474.6988617
357,2025-04-24,1795.16,1802.86,1722.72,1769.67,126898.17569,223463784.3328111
356,2025-04-25,1769.67,1827.38,1739.0,1784.79,149834.96088,267507591.0163154
355,2025-04-26,1784.79,1841.53,1779.28,1820.91,93824.17237,169292626.1003664
354,2025-04-27,1820.91,1857.45,1781.39,1791.23,87541.11488,158348075.2419507
353,2025-04-28,1791.23,1827.64,1744.37,1799.84,142875.89595,255423552.2298954
352,2025-04-29,1799.84,1842.65,1780.6,1797.7,128394.07531,232990837.5418459
351,2025-04-30,1797.7,1816.59,1731.63,1793.61,112687.19726,200906536.3869953
350,2025-05-01,1793.61,1873.22,1792.52,1838.24,137599.77144,252969087.2413382
349,2025-05-02,1838.24,1870.75,1812.92,1842.08,87464.19274,160896156.1006171
348,2025-05-03,1842.08,1848.58,1809.46,1833.41,52308.64184,95751688.8695588
347,2025-05-04,1833.41,1849.95,1803.0,1808.7,55866.73857,102263089.99692
346,2025-05-05,1808.7,1833.42,1781.35,1820.13,94000.46755,169996412.9088216
345,2025-05-06,1820.13,1820.92,1751.73,1817.22,133787.21496,238977517.5283503
344,2025-05-07,1817.22,1850.19,1787.04,1811.42,149375.93922,272023237.2313258
343,2025-05-08,1811.42,2226.36,1808.64,2207.29,367655.46364,740607875.7153445
342,2025-05-09,2207.29,2491.24,2184.53,2345.42,374254.58419,869072904.4899151
341,2025-05-10,2345.42,2600.0,2316.5,2582.41,213178.50582,521284129.6596779
340,2025-05-11,2582.41,2607.86,2434.25,2514.32,177831.43325,446429507.2784547
339,2025-05-12,2514.32,2624.63,2407.39,2495.6,229130.6747,577327893.2196285
338,2025-05-13,2495.6,2738.73,2415.0,2679.7,227712.76582,584339598.9851557
337,2025-05-14,2679.7,2725.18,2546.9,2609.5,173574.3816,454998704.6045327
336,2025-05-15,2609.5,2646.69,2478.35,2548.51,168093.81856,429198956.8282804
335,2025-05-16,2548.51,2648.7,2529.13,2537.14,131985.89179,341315335.5193544
334,2025-05-17,2537.14,2538.22,2446.58,2475.31,102717.87841,255137387.6496232
333,2025-05-18,2475.31,2587.95,2320.0,2497.99,205426.89427,508621636.0153757
332,2025-05-19,2497.99,2547.06,2348.4,2528.21,206057.77227,504187494.4856817
331,2025-05-20,2528.21,2587.95,2442.57,2524.4,166573.89921,419067092.2594565
330,2025-05-21,2524.4,2616.0,2452.78,2550.8,242500.74052,614978247.0636728
329,2025-05-22,2550.8,2692.92,2544.42,2664.75,195772.40072,516101316.4890701
328,2025-05-23,2664.75,2733.58,2499.0,2526.52,213248.06653,555961888.0141069
327,2025-05-24,2526.52,2575.98,2515.36,2530.37,59577.3637,151811393.9614347
326,2025-05-25,2530.37,2554.38,2462.7,2551.58,87730.95718,219763826.6090414
325,2025-05-26,2551.58,2599.39,2525.62,2563.97,78780.5004,201802513.7948084
324,2025-05-27,2563.97,2711.77,2509.63,2660.8,151671.92097,399566372.9982701
323,2025-05-28,2660.8,2689.29,2608.54,2681.74,126588.05972,334626047.2795249
322,2025-05-29,2681.74,2788.55,2619.19,2631.6,174495.77586,470376273.1831043
321,2025-05-30,2631.6,2649.2,2507.77,2531.25,174476.19595,451601244.8429268
320,2025-05-31,2531.25,2550.97,2476.53,2527.98,88874.68547,223999627.2165385
319,2025-06-01,2527.98,2547.98,2468.09,2539.21,81054.26811,203713569.9066561
318,2025-06-02,2539.21,2615.39,2474.88,2607.66,107855.09196,272850904.6862028
317,2025-06-03,2607.66,2655.63,2576.0,2593.06,118826.96244,310797975.0481388
316,2025-06-04,2593.06,2679.79,2583.4,2607.99,125489.64345,329945752.7689117
315,2025-06-05,2607.99,2641.32,2391.88,2414.16,202219.98843,513417313.5602072
314,2025-06-06,2414.16,2530.89,2382.82,2476.35,116231.63651,286994365.5704192
313,2025-06-07,2476.35,2544.85,2456.96,2524.75,55751.06528,139463795.6733173
312,2025-06-08,2524.75,2548.79,2490.0,2509.52,56045.45169,141006306.2455041
311,2025-06-09,2509.52,2694.1,2476.99,2680.26,146458.11831,375494705.4367742
310,2025-06-10,2680.26,2826.72,2655.0,2816.29,261877.87472,717656948.1194086
309,2025-06-11,2816.29,2879.0,2743.62,2771.55,199923.14981,561371930.6114669
308,2025-06-12,2771.55,2784.87,2616.52,2642.55,163265.24348,443777113.1218828
307,2025-06-13,2642.55,2645.47,2437.61,2579.04,308846.05763,779901154.0217069
306,2025-06-14,2579.04,2579.44,2488.65,2530.77,82269.15217,207968157.9736259
305,2025-06-15,2530.77,2559.48,2492.01,2547.52,78536.46559,198845381.5476607
304,2025-06-16,2547.52,2680.13,2514.73,2544.23,169760.24716,442959617.0495472
303,2025-06-17,2544.23,2618.69,2453.55,2510.08,222780.60753,564199445.0836515
302,2025-06-18,2510.08,2548.18,2465.8,2524.74,151952.52049,381715143.6262646
301,2025-06-19,2524.74,2547.05,2485.0,2520.99,82747.63178,208219372.2094242
300,2025-06-20,2520.99,2569.22,2366.78,2406.56,175997.60957,435069028.682802
299,2025-06-21,2406.56,2448.33,2215.6,2295.92,141312.98379,331735749.9086604
298,2025-06-22,2295.92,2314.14,2111.84,2227.73,276627.32992,614341789.9174877
297,2025-06-23,2227.73,2438.28,2188.01,2411.35,228800.45065,525002925.1948249
296,2025-06-24,2411.35,2482.04,2376.19,2448.36,175632.76552,425830458.2030287
295,2025-06-25,2448.36,2468.77,2388.0,2418.4,141320.92496,343078457.4256185
294,2025-06-26,2418.4,2520.12,2393.4,2416.12,148092.18808,362902700.0924986
293,2025-06-27,2416.12,2463.4,2382.39,2423.35,110700.43713,268820283.418462
292,2025-06-28,2423.35,2447.94,2406.0,2435.82,43335.97945,105257223.3640889
291,2025-06-29,2435.82,2525.0,2411.37,2500.33,99979.12121,245980067.9298552
290,2025-06-30,2500.33,2524.54,2433.21,2485.2,153203.67649,380596699.9061493
289,2025-07-01,2485.2,2500.69,2386.06,2404.78,152828.17438,372668581.7517681
288,2025-07-02,2404.78,2618.9,2374.0,2570.17,224041.09865,562272082.2943337
287,2025-07-03,2570.17,2636.01,2555.92,2591.1,165044.32719,427784103.1877208
286,2025-07-04,2591.1,2602.91,2474.64,2508.09,133178.99268,337073345.3698151
285,2025-07-05,2508.09,2529.84,2484.71,2516.48,56259.63229,141298209.4974666
284,2025-07-06,2516.48,2605.26,2503.5,2570.22,102515.18299,261138703.1953213
283,2025-07-07,2570.22,2590.5,2511.0,2542.13,131706.27786,335793361.8147936
282,2025-07-08,2542.13,2628.53,2523.51,2615.4,142645.98294,368229055.1201726
281,2025-07-09,2615.4,2795.0,2590.16,2768.48,256347.94668,688014005.011178
280,2025-07-10,2768.48,3002.82,2755.52,2950.64,258528.76542,733466468.9882433
279,2025-07-11,2950.64,3039.66,2914.04,2958.18,245874.92705,733266199.3952258
278,2025-07-12,2958.18,2980.45,2903.93,2943.35,89287.75697,262877084.2263834
277,2025-07-13,2943.35,3020.59,2936.61,2972.09,108086.04612,321633218.085635
276,2025-07-14,2972.09,3083.14,2963.0,3013.54,230417.32616,698261853.5103348
275,2025-07-15,3013.54,3144.96,2932.43,3138.11,300229.50429,907775691.2783808
274,2025-07-16,3138.11,3423.67,3101.05,3370.93,307333.10588,999146155.110349
273,2025-07-17,3370.93,3523.5,3311.08,3476.67,315346.15593,1079418605.709994
272,2025-07-18,3476.67,3674.44,3458.64,3546.96,388836.85417,1396669171.670654
271,2025-07-19,3546.96,3608.59,3507.05,3592.09,130772.55738,465885679.4128087
270,2025-07-20,3592.09,3823.97,3579.51,3756.75,262761.82689,977760979.2176855
269,2025-07-21,3756.75,3857.6,3701.06,3762.12,248852.89392,940624548.0261315
268,2025-07-22,3762.12,3798.94,3616.0,3746.05,276158.16526,1020823966.9787445
267,2025-07-23,3746.05,3764.04,3526.03,3628.85,240995.90064,876690740.6419209
266,2025-07-24,3628.85,3772.05,3506.5,3707.36,238967.98174,874931344.3780428
265,2025-07-25,3707.36,3747.69,3572.63,3725.14,277183.83117,1016887733.8778596
264,2025-07-26,3725.14,3794.92,3697.58,3741.92,137054.21377,513289903.9348395
263,2025-07-27,3741.92,3880.0,3730.68,3872.91,165713.25344,632140180.428551
262,2025-07-28,3872.91,3941.37,3753.82,3798.08,236160.83121,907563365.5395612
261,2025-07-29,3798.08,3886.35,3715.37,3794.06,233112.16274,885652516.6160367
260,2025-07-30,3794.06,3834.35,3675.0,3810.27,206328.70302,779037569.4881191
259,2025-07-31,3810.27,3878.72,3684.01,3698.31,193689.65364,735682355.090685
258,2025-08-01,3698.31,3724.26,3431.56,3487.98,308905.00138,1114989552.0638232
257,2025-08-02,3487.98,3537.92,3368.11,3394.0,196256.14359,679034418.2484114
256,2025-08-03,3394.0,3521.92,3353.41,3496.9,116157.95065,402882973.4005695
255,2025-08-04,3496.9,3737.42,3491.44,3721.34,206782.42719,747917610.2465799
254,2025-08-05,3721.34,3722.25,3546.05,3611.99,190997.5257,691610764.7381324
253,2025-08-06,3611.99,3698.89,3564.19,3683.33,178878.6036,649724941.9749058
252,2025-08-07,3683.33,3927.37,3648.03,3910.39,232973.3116,885362011.5398636
251,2025-08-08,3910.39,4070.0,3880.15,4010.39,269857.78643,1069882454.5988543
250,2025-08-09,4010.39,4326.94,4006.67,4261.28,296283.03811,1244193359.910861
249,2025-08-10,4261.28,4333.32,4161.26,4250.93,214191.88249,905977968.0113475
248,2025-08-11,4250.93,4367.34,4166.2,4223.28,299651.16918,1280774963.9498243
247,2025-08-12,4223.28,4640.03,4218.34,4590.6,306853.4555,1356522325.6137555
246,2025-08-13,4590.6,4783.98,4564.64,4749.29,301380.85566,1410480182.113075
245,2025-08-14,4749.29,4789.0,4451.66,4546.84,332529.74105,1537903436.958424
244,2025-08-15,4546.84,4670.57,4367.17,4439.35,252875.6283,1145828641.4965315
243,2025-08-16,4439.35,4490.58,4373.35,4422.4,119072.1288,527084719.6315526
242,2025-08-17,4422.4,4576.14,4394.65,4472.24,139078.63288,625945361.2969291
241,2025-08-18,4472.24,4482.65,4225.54,4313.7,268437.10956,1160292459.366123
240,2025-08-19,4313.7,4355.39,4068.0,4076.01,243580.77177,1026218528.2884881
239,2025-08-20,4076.01,4378.19,4063.08,4336.11,230027.99539,972478884.8106955
238,2025-08-21,4336.11,4340.23,4204.14,4225.85,153198.37408,654646481.9379717
237,2025-08-22,4225.85,4887.54,4207.77,4831.84,352056.6301,1615956763.3488896
236,2025-08-23,4831.84,4831.93,4662.8,4778.22,145549.38353,690001839.1940107
235,2025-08-24,4778.22,4956.72,4709.15,4780.23,229922.17772,1105628855.2883487
234,2025-08-25,4780.23,4798.05,4333.31,4375.83,297364.0284,1354983266.143153
233,2025-08-26,4375.83,4633.89,4310.54,4600.35,245064.50362,1099259446.0613744
232,2025-08-27,4600.35,4664.0,4482.19,4506.79,201483.28171,924633838.1180159
231,2025-08-28,4506.79,4634.48,4428.38,4511.08,166394.29971,755041605.105015
230,2025-08-29,4511.08,4516.89,4265.43,4360.5,216496.04316,946766232.528022
229,2025-08-30,4360.5,4416.2,4257.26,4374.12,94404.70114,411316698.5699171
228,2025-08-31,4374.12,4498.49,4372.85,4392.04,95741.48588,426539886.5658185
227,2025-09-01,4392.04,4491.83,4212.12,4314.68,178500.28387,780058101.1365899
226,2025-09-02,4314.68,4416.72,4258.0,4326.5,176831.74865,766605272.5337251
225,2025-09-03,4326.5,4490.67,4283.6,4450.33,149617.70103,658045861.4346094
224,2025-09-04,4450.33,4482.76,4265.0,4298.2,168624.64265,734466901.5463045
223,2025-09-05,4298.2,4492.28,4256.05,4307.77,227812.36086,993985527.5888603
222,2025-09-06,4307.77,4328.79,4240.0,4273.69,63080.2146,270347512.5995998
221,2025-09-07,4273.69,4336.47,4270.36,4306.3,66220.73581,284613219.8659488
220,2025-09-08,4306.3,4384.83,4279.3,4306.35,193120.07,834188386.6154675
219,2025-09-09,4306.35,4381.98,4276.99,4310.22,172164.25165,744091467.1822033
218,2025-09-10,4310.22,4453.39,4284.77,4349.47,213319.27079,929101630.8758737
217,2025-09-11,4349.47,4481.49,4338.83,4458.85,179887.53185,794738328.5682795
216,2025-09-12,4458.85,4748.67,4450.76,4712.0,196593.96506,899392529.2681495
215,2025-09-13,4712.0,4767.0,4603.96,4666.84,124952.38185,585571372.8034585
214,2025-09-14,4666.84,4692.5,4577.29,4604.8,123840.39456,573264030.9448849
213,2025-09-15,4604.8,4669.99,4465.96,4523.49,167223.82375,760025969.3169808
212,2025-09-16,4523.49,4538.39,4425.12,4501.63,115784.08749,519728476.1354249
211,2025-09-17,4501.63,4617.39,4406.5,4590.28,191303.23687,861983454.5624709
210,2025-09-18,4590.28,4644.4,4553.43,4587.4,159844.99322,734945462.800183
209,2025-09-19,4587.4,4621.43,4435.53,4469.29,120251.23123,543081164.1987436
208,2025-09-20,4469.29,4509.02,4454.64,4480.74,56841.38424,254631530.6283399
207,2025-09-21,4480.74,4498.93,4443.58,4445.67,59438.56669,265822261.462633
206,2025-09-22,4445.67,4456.65,4050.0,4199.3,275120.73867,1158349273.9290667
205,2025-09-23,4199.3,4229.44,4114.58,4164.53,120645.36076,504332701.029882
204,2025-09-24,4164.53,4207.22,4073.28,4152.61,110013.33937,457960951.4077119
203,2025-09-25,4152.61,4161.27,3824.01,3874.6,391432.24505,1556077840.9738102
202,2025-09-26,3874.6,4068.39,3867.67,4032.14,219218.56005,867106400.6049947
201,2025-09-27,4032.14,4038.98,3972.79,4018.56,77167.14971,309396138.3239259
200,2025-09-28,4018.56,4145.27,3965.67,4142.0,97500.92973,393717354.7949395
199,2025-09-29,4142.0,4235.99,4080.5,4215.03,139776.01538,580191954.006736
198,2025-09-30,4215.03,4245.49,4092.54,4145.18,131795.35596,548260342.0455858
197,2025-10-01,4145.18,4355.64,4123.45,4348.06,165153.56271,704183726.4221264
196,2025-10-02,4348.06,4517.19,4332.3,4484.04,158945.97345,702042002.5102684
195,2025-10-03,4484.04,4591.77,4427.46,4513.16,170487.41543,766940635.6500916
194,2025-10-04,4513.16,4518.26,4440.37,4487.49,71486.92481,320435721.3864827
193,2025-10-05,4487.49,4618.47,4467.28,4514.72,143080.29213,650533939.8005956
192,2025-10-06,4514.72,4735.95,4488.25,4683.76,156722.2989,724662776.5316705
191,2025-10-07,4683.76,4756.0,4430.08,4447.57,183747.25115,845217864.5124177
190,2025-10-08,4447.57,4557.71,4412.11,4526.15,128566.64262,576316204.7520072
189,2025-10-09,4526.15,4531.59,4265.36,4369.05,176107.10126,769274421.2999784
188,2025-10-10,4369.05,4394.34,3392.0,3822.97,412033.74704,1648187397.1675742
187,2025-10-11,3822.97,3875.3,3641.48,3747.07,317523.40269,1201878927.9333413
186,2025-10-12,3747.07,4198.38,3693.5,4152.25,267348.353,1054879825.526325
185,2025-10-13,4152.25,4292.2,4040.1,4241.25,200600.12127,835445119.2206911
184,2025-10-14,4241.25,4263.54,3887.97,4124.73,290965.99101,1178835654.558203
183,2025-10-15,4124.73,4216.59,3926.34,3985.14,200566.25223,813309024.1529217
182,2025-10-16,3985.14,4086.88,3825.28,3894.47,199024.9942,787470151.1854153
181,2025-10-17,3894.47,3950.44,3673.55,3831.38,221915.02245,842841592.1381783
180,2025-10-18,3831.38,3927.84,3818.89,3889.0,61837.28537,239653333.9534169
179,2025-10-19,3889.0,4031.68,3826.39,3982.79,127639.95291,502718200.1309051
178,2025-10-20,3982.79,4085.79,3908.71,3979.7,118572.808,474576528.4751381
177,2025-10-21,3979.7,4110.6,3840.32,3872.45,193676.63094,766510423.758071
176,2025-10-22,3872.45,3889.56,3708.01,3805.92,168344.08969,643775797.642618
175,2025-10-23,3805.92,3935.54,3796.96,3857.07,98634.75039,380948577.1588272
174,2025-10-24,3857.07,4028.32,3846.01,3935.23,110222.01687,434016493.8061848
173,2025-10-25,3935.23,3969.15,3912.44,3953.78,41607.20382,163958000.4010514
172,2025-10-26,3953.78,4179.88,3919.0,4158.49,104510.22902,423885695.9671399
171,2025-10-27,4158.49,4253.98,4095.0,4119.81,130059.82298,543580940.137064
170,2025-10-28,4119.81,4175.93,3932.19,3979.11,125448.04398,510449589.1518951
169,2025-10-29,3979.11,4037.04,3838.36,3902.99,138484.09165,548276475.9187156
168,2025-10-30,3902.99,3949.27,3676.01,3804.8,175944.06197,670889879.4227327
167,2025-10-31,3804.8,3905.84,3796.31,3847.9,114867.28708,442082701.1804135
166,2025-11-01,3847.9,3909.54,3830.67,3873.8,50292.19409,194519033.3849638
165,2025-11-02,3873.8,3917.99,3839.29,3906.71,55987.17243,216989862.7521408
164,2025-11-03,3906.71,3914.99,3557.41,3603.49,232801.9306,857861831.4367849
163,2025-11-04,3603.49,3654.73,3057.24,3286.62,340531.33002,1154493742.6839473
162,2025-11-05,3286.62,3480.53,3166.56,3424.55,208668.56378,697052478.8734958
161,2025-11-06,3424.55,3456.3,3245.36,3315.15,157809.76716,529252094.4833863
160,2025-11-07,3315.15,3473.3,3193.74,3435.86,188773.54849,628720070.2547697
159,2025-11-08,3435.86,3487.5,3356.0,3401.74,122438.71274,418925044.7973007
158,2025-11-09,3401.74,3623.36,3358.6,3583.41,114939.50905,401192576.7582148
157,2025-11-10,3583.41,3659.19,3506.76,3567.75,139055.43171,498675687.0117286
156,2025-11-11,3567.75,3648.51,3405.0,3417.61,167666.00654,590925960.630703
155,2025-11-12,3417.61,3588.59,3371.48,3414.69,171422.01057,592736066.0462751
154,2025-11-13,3414.69,3565.29,3154.41,3231.78,229180.56661,769776547.4608994
153,2025-11-14,3231.78,3257.95,3069.5,3112.48,261891.58297,830785220.7560151
152,2025-11-15,3112.48,3231.62,3110.38,3167.86,93793.9462,297578555.787911
151,2025-11-16,3167.86,3249.3,3003.74,3095.34,169141.14129,528453540.5091224
150,2025-11-17,3095.34,3223.51,2959.29,3031.23,220281.07256,684291565.4721375
149,2025-11-18,3031.23,3170.46,2944.99,3123.57,242768.48273,742873154.9302709
148,2025-11-19,3123.57,3125.57,2873.01,3025.7,247467.55844,743625536.1807274
147,2025-11-20,3025.7,3063.99,2790.3,2834.21,249808.37214,732575089.7343382
146,2025-11-21,2834.21,2886.92,2622.8,2765.96,314097.44525,863621461.8981338
145,2025-11-22,2765.96,2799.58,2704.08,2770.25,107411.31007,294885241.9984012
144,2025-11-23,2770.25,2858.42,2768.01,2802.41,125450.27958,353416657.5625284
143,2025-11-24,2802.41,2986.5,2763.21,2953.35,205818.9062,588983328.1369076
142,2025-11-25,2953.35,2980.19,2857.0,2959.51,143040.33015,417088048.5046696
141,2025-11-26,2959.51,3045.25,2888.43,3026.64,128813.20563,381701751.0177139
140,2025-11-27,3026.64,3071.32,2985.96,3015.46,86629.34618,262040748.2087208
139,2025-11-28,3015.46,3098.99,2994.04,3031.02,90043.95856,273567539.1513226
138,2025-11-29,3031.02,3052.77,2961.87,2989.4,66185.1535,198716007.4933592
137,2025-11-30,2989.4,3053.24,2975.4,2991.41,62102.44836,187502176.9919535
136,2025-12-01,2991.41,2999.32,2719.18,2798.65,163723.95416,460099477.0359595
135,2025-12-02,2798.65,3033.83,2782.01,2996.31,149964.27293,437167025.0788905
134,2025-12-03,2996.31,3215.0,2985.41,3187.96,182264.84077,563596158.9676673
133,2025-12-04,3187.96,3240.45,3066.34,3133.27,160515.86024,509248478.3208162
132,2025-12-05,3133.27,3193.26,2982.6,3021.88,171563.06532,531201197.9944992
131,2025-12-06,3021.88,3069.0,3012.51,3038.21,61621.14498,187113654.6979854
130,2025-12-07,3038.21,3150.22,2911.25,3059.7,125477.25629,382039368.6178818
129,2025-12-08,3059.7,3180.59,3040.08,3124.51,144101.54621,450375756.5161486
128,2025-12-09,3124.51,3397.76,3090.68,3318.07,171739.04269,555278962.0769536
127,2025-12-10,3318.07,3448.53,3288.02,3324.04,165054.48689,552789605.6351123
126,2025-12-11,3324.04,3327.16,3145.37,3237.28,162395.27426,521338763.8104324
125,2025-12-12,3237.28,3265.85,3045.0,3084.73,131449.70063,414664370.7252124
124,2025-12-13,3084.73,3135.84,3078.59,3114.47,49811.04695,154732777.9828471
123,2025-12-14,3114.47,3129.43,3025.11,3063.46,73629.43371,227518973.5071459
122,2025-12-15,3063.46,3178.33,2894.3,2965.02,173726.50402,527756571.3552726
121,2025-12-16,2965.02,2983.2,2877.1,2962.33,145022.25709,426330751.1973787
120,2025-12-17,2962.33,3030.25,2790.6,2833.61,163150.57515,473173001.0801582
119,2025-12-18,2833.61,2997.18,2774.93,2828.47,172720.38833,495734499.3504237
118,2025-12-19,2828.47,3018.92,2805.96,2979.8,155540.35434,457596747.863263
117,2025-12-20,2979.8,2994.22,2966.7,2978.1,36144.88504,107738814.6745366
116,2025-12-21,2978.1,3012.98,2940.35,3002.28,58544.67257,174538295.2562991
115,2025-12-22,3002.28,3077.0,2963.43,3009.68,120169.29268,363696230.3582275
114,2025-12-23,3009.68,3035.83,2901.0,2964.6,107042.04857,316949080.7338891
113,2025-12-24,2964.6,2978.09,2888.04,2947.47,98433.88642,288813872.1844555
112,2025-12-25,2947.47,2971.41,2890.68,2903.67,60130.36142,176534623.0646857
111,2025-12-26,2903.67,2994.4,2894.12,2928.08,91955.26525,270999712.8659036
110,2025-12-27,2928.08,2961.0,2917.71,2949.01,32960.45227,96643807.420223
109,2025-12-28,2949.01,2960.75,2925.0,2950.94,53262.23382,156705061.9515693
108,2025-12-29,2950.94,3057.43,2910.25,2938.29,130304.84435,387629918.0224708
107,2025-12-30,2938.29,3009.75,2919.3,2973.44,103834.80948,308304920.8146725
106,2025-12-31,2973.44,3028.31,2958.66,2971.58,65038.77812,194018530.8900275
105,2026-01-01,2971.58,3009.87,2971.2,3004.06,41828.92289,124977071.4250284
104,2026-01-02,3004.06,3150.0,2991.99,3125.39,111387.10218,342818503.6336495
103,2026-01-03,3125.39,3136.72,3075.84,3126.99,50942.743,158314797.3900694
102,2026-01-04,3126.99,3167.64,3118.3,3144.71,63238.95191,198655073.1994174
101,2026-01-05,3144.71,3265.81,3134.95,3225.3,130102.46566,414621969.9384987
100,2026-01-06,3225.3,3308.58,3183.18,3296.92,110331.33841,358373964.557794
99,2026-01-07,3296.92,3296.94,3125.49,3168.96,101234.24728,324042534.3381346
98,2026-01-08,3168.96,3184.29,3054.37,3106.91,110409.34009,344064654.9126306
97,2026-01-09,3106.91,3148.52,3058.47,3088.33,92178.67759,285862563.1811524
96,2026-01-10,3088.33,3104.71,3078.74,3086.96,25186.14919,77844661.4853054
95,2026-01-11,3086.96,3147.46,3084.81,3123.53,41191.28993,128269678.2624104
94,2026-01-12,3123.53,3171.69,3065.71,3095.37,110487.71775,344699178.9475297
93,2026-01-13,3095.37,3380.18,3091.83,3325.56,130267.42279,416996252.1369325
92,2026-01-14,3325.56,3403.81,3280.15,3354.78,144772.47295,484224001.8765798
91,2026-01-15,3354.78,3384.46,3272.51,3318.81,113122.77921,375925121.233213
90,2026-01-16,3318.81,3327.82,3252.67,3296.34,72288.94239,238082961.295511
89,2026-01-17,3296.34,3330.0,3283.73,3310.38,31542.49668,104294211.786435
88,2026-01-18,3310.38,3368.99,3278.8,3284.4,48507.22804,161262531.1496548
87,2026-01-19,3284.4,3284.77,3165.78,3189.43,114682.19068,368475410.3087008
86,2026-01-20,3189.43,3200.59,2905.79,2940.11,158120.00853,484563164.9683728
85,2026-01-21,2940.11,3070.0,2866.0,2982.37,184382.94453,546723836.5566756
84,2026-01-22,2982.37,3038.51,2905.38,2952.66,99954.49173,296859433.6815358
83,2026-01-23,2952.66,3019.78,2892.33,2956.35,101019.21035,298417280.1685368
82,2026-01-24,2956.35,2970.05,2943.76,2953.64,33576.17452,99354257.7200413
81,2026-01-25,2953.64,2960.78,2786.93,2817.34,108491.12439,311654240.4702342
80,2026-01-26,2817.34,2951.52,2812.34,2930.05,142743.09021,413396851.2912452
79,2026-01-27,2930.05,3035.07,2899.54,3026.03,100188.90988,296411909.9810097
78,2026-01-28,3026.03,3045.91,2983.13,3010.75,84446.98651,254505212.4025207
77,2026-01-29,3010.75,3013.93,2754.73,2822.55,146695.39717,420558848.0090526
76,2026-01-30,2822.55,2829.12,2636.16,2707.23,187677.92239,511702344.8234332
75,2026-01-31,2707.23,2714.8,2241.81,2451.82,258555.96817,641711778.8484612
74,2026-02-01,2451.82,2476.44,2221.0,2270.57,190179.64803,446972920.720129
73,2026-02-02,2270.57,2396.57,2157.83,2347.06,301087.86837,687328464.814335
72,2026-02-03,2347.06,2359.91,2108.46,2233.83,245722.21933,554316295.7994295
71,2026-02-04,2233.83,2296.0,2076.66,2148.16,208613.60923,455011667.6867622
70,2026-02-05,2148.16,2174.99,1816.33,1826.75,347756.67049,697589506.4189878
69,2026-02-06,1826.75,2094.31,1743.28,2062.97,302203.03656,585595432.246709
68,2026-02-07,2062.97,2127.02,1995.12,2087.2,268540.91511,552307022.7357047
67,2026-02-08,2087.2,2151.97,2066.01,2089.5,88608.90972,186476729.9442012
66,2026-02-09,2089.5,2148.95,2008.82,2104.94,114939.18616,239180725.9457075
65,2026-02-10,2104.94,2124.55,1988.91,2022.55,121266.20466,245935478.6873926
64,2026-02-11,2022.55,2032.39,1902.61,1941.14,129922.37974,254200916.5204537
63,2026-02-12,1941.14,2001.93,1896.44,1947.93,91823.20354,179149703.6390991
62,2026-02-13,1947.93,2073.0,1924.82,2048.51,99346.59171,198417600.0183056
61,2026-02-14,2048.51,2107.97,2042.21,2086.53,63268.30789,131480835.2072218
60,2026-02-15,2086.53,2103.28,1929.17,1966.58,140220.70616,282721892.8886326
59,2026-02-16,1966.58,2023.68,1937.12,1998.39,94667.2932,187091777.8891227
58,2026-02-17,1998.39,2015.95,1941.41,1991.92,105130.63207,208265842.6820523
57,2026-02-18,1991.92,2039.02,1923.76,1955.97,102853.09677,203336717.343932
56,2026-02-19,1955.97,1987.96,1906.67,1949.14,86316.16305,167912554.8510836
55,2026-02-20,1949.14,1981.61,1923.04,1968.9,96089.94047,187970648.4075167
54,2026-02-21,1968.9,1996.55,1955.97,1973.41,65157.40145,128853517.2806668
53,2026-02-22,1973.41,1983.16,1935.02,1958.03,57033.43458,111789696.3733482
52,2026-02-23,1958.03,1958.31,1837.29,1856.23,190644.0681,358869705.4910614
51,2026-02-24,1856.23,1869.59,1798.55,1852.0,144876.00541,265769203.3802861
50,2026-02-25,1852.0,2149.19,1846.56,2057.56,313400.48893,626518292.3602966
49,2026-02-26,2057.56,2083.71,1974.76,2027.72,185031.03327,377217140.455181
48,2026-02-27,2027.72,2064.04,1886.61,1929.75,181109.58856,358808130.414374
47,2026-02-28,1929.75,1984.92,1835.24,1964.43,191251.79418,362943548.2707748
46,2026-03-01,1964.43,2055.32,1907.32,1939.61,224293.74052,445987384.8181656
45,2026-03-02,1939.61,2090.01,1919.13,2027.69,183221.35282,366486541.7532346
44,2026-03-03,2027.69,2042.21,1928.73,1982.92,149183.03903,295121568.6799101
43,2026-03-04,1982.92,2199.96,1945.0,2127.09,223459.17633,464712791.5282795
42,2026-03-05,2127.09,2163.73,2054.55,2072.8,121163.54152,255178666.5837451
41,2026-03-06,2072.8,2093.57,1955.7,1978.89,127311.99761,257154897.4700303
40,2026-03-07,1978.89,1996.1,1947.72,1969.45,67404.71368,133198684.7763476
39,2026-03-08,1969.45,1980.55,1910.03,1936.66,127685.46924,248437923.4955913
38,2026-03-09,1936.66,2053.74,1929.42,1993.21,196853.87363,393878323.632539
37,2026-03-10,1993.21,2088.73,1991.01,2036.67,181154.28159,371476292.4066107
36,2026-03-11,2036.67,2086.08,2006.75,2052.14,136246.81608,279234986.3626312
35,2026-03-12,2052.14,2095.22,2017.6,2073.6,141319.18397,290673231.6023037
34,2026-03-13,2073.6,2210.0,2070.32,2092.1,191753.59339,408772892.1183354
33,2026-03-14,2092.1,2106.02,2061.39,2096.21,67685.3577,140959712.1935296
32,2026-03-15,2096.21,2203.0,2083.26,2178.53,96243.5785,205256449.7238943
31,2026-03-16,2178.53,2385.68,2165.02,2352.58,305300.2312,695006696.3540173
30,2026-03-17,2352.58,2376.96,2295.71,2317.43,176506.68564,411748118.0147841
29,2026-03-18,2317.43,2350.3,2153.18,2203.18,149505.16673,334794236.100843
28,2026-03-19,2203.18,2233.97,2099.21,2137.93,140731.25044,302945074.8555326
27,2026-03-20,2137.93,2176.6,2116.7,2146.27,89405.82466,191435436.8999481
26,2026-03-21,2146.27,2168.29,2070.04,2084.98,40756.47551,87318562.6797752
25,2026-03-22,2084.98,2127.32,2026.0,2053.76,90702.7107,188628770.5488192
24,2026-03-23,2053.76,2198.8,2023.1,2152.09,183076.69308,389284762.859455
23,2026-03-24,2152.09,2175.52,2103.05,2156.46,109596.79417,234710997.3522228
22,2026-03-25,2156.46,2200.0,2146.08,2169.27,115658.53486,251291488.9315129
21,2026-03-26,2169.27,2172.48,2034.02,2060.26,130157.08272,271754907.4668867
20,2026-03-27,2060.26,2077.31,1968.74,1992.7,159190.59561,320575733.0019341
19,2026-03-28,1992.7,2046.6,1982.54,1994.55,50404.73646,101439621.5846695
18,2026-03-29,1994.55,2019.61,1938.0,1984.6,57616.14931,114721234.5330706
17,2026-03-30,1984.6,2085.5,1980.0,2026.59,123456.71402,252580681.7788899
16,2026-03-31,2026.59,2126.0,2012.29,2105.78,138904.50984,287734522.4847639
15,2026-04-01,2105.78,2167.99,2082.19,2140.12,136758.83049,291575685.7540921
14,2026-04-02,2140.12,2159.41,2016.56,2057.21,138607.04024,286641359.949029
13,2026-04-03,2057.21,2081.82,2040.91,2053.8,46243.92146,95092168.4522702
12,2026-04-04,2053.8,2083.89,2043.79,2065.57,34204.44012,70362819.2248194
11,2026-04-05,2065.57,2123.5,2021.61,2110.19,67421.6895,138969591.2074555
10,2026-04-06,2110.19,2174.78,2087.77,2106.87,141873.90143,303198557.3923768
9,2026-04-07,2106.87,2273.7,2060.14,2240.1,157656.91068,336773737.9094266
8,2026-04-08,2240.1,2270.93,2179.45,2189.89,149306.12487,333317152.3890723
7,2026-04-09,2189.89,2246.4,2157.05,2190.23,102899.61466,225974180.6223271
6,2026-04-10,2190.23,2258.5,2176.0,2245.28,99976.43476,221955352.1050326
5,2026-04-11,2245.28,2329.62,2229.02,2284.98,65700.68324,149115166.0111718
4,2026-04-12,2284.98,2288.59,2174.91,2191.59,86480.05597,191182784.118077
3,2026-04-13,2191.59,2394.23,2175.05,2369.1,137115.7693,309291569.7191597
2,2026-04-14,2369.1,2415.55,2302.63,2322.4,158477.66725,373925784.3951418
1,2026-04-15,2322.4,2386.15,2307.83,2360.14,96439.53949,225536792.2194159
0,2026-04-16,2360.14,2369.55,2284.4,2335.2,94262.58632,219639566.9172881
