,timestamp,open,high,low,close,volume,turnover
1732,2021-07-20,0.5571,0.59497,0.51713,0.52861,245438.56,130735.6833848
1731,2021-07-21,0.52861,0.5837,0.51966,0.5715,618269.56,344019.3452009
1730,2021-07-22,0.5715,0.60321,0.56093,0.59214,747128.11,437388.4701851
1729,2021-07-23,0.59214,0.61,0.57564,0.60915,575784.56,342409.9404423
1728,2021-07-24,0.60915,0.6204,0.60008,0.60887,919142.53,558207.1929571
1727,2021-07-25,0.60887,0.6118,0.59095,0.60677,386251.48,232229.8115509
1726,2021-07-26,0.60677,0.67866,0.6051,0.62384,1900443.1,1228319.4039927
1725,2021-07-27,0.62384,0.65261,0.61279,0.64566,1097955.03,697022.3013661
1724,2021-07-28,0.64566,0.75234,0.63142,0.73285,2346557.27,1658748.1515834
1723,2021-07-29,0.73285,0.7663,0.6978,0.74955,1306585.71,934520.5034577
1722,2021-07-30,0.74955,0.76966,0.71265,0.75205,1384345.83,1023184.5092325
1721,2021-07-31,0.75205,0.75856,0.738,0.74547,785284.28,587722.1567024
1720,2021-08-01,0.74547,0.7777,0.70181,0.72441,1137769.37,861833.4046998
1719,2021-08-02,0.72441,0.77336,0.71588,0.73978,1204136.26,897097.528277
1718,2021-08-03,0.73978,0.74472,0.7015,0.71325,1075501.41,770050.9770095
1717,2021-08-04,0.71325,0.7398,0.69657,0.7306,844359.13,607521.5859069
1716,2021-08-05,0.7306,0.7388,0.7017,0.7332,1369461.63,988295.3903933
1715,2021-08-06,0.7332,0.75275,0.72292,0.7473,1750009.58,1295447.1899229
1714,2021-08-07,0.7473,0.8187,0.7412,0.817,2957240.61,2332768.819693
1713,2021-08-08,0.817,0.84099,0.7729,0.77885,1527251.75,1228538.5235226
1712,2021-08-09,0.77885,0.82799,0.76,0.8174,2442261.71,1963517.5798671
1711,2021-08-10,0.8174,0.8627,0.8,0.85255,2798669.49,2304851.5396534
1710,2021-08-11,0.85255,1.08917,0.8483,1.0123,3701526.4,3507972.1052621
1709,2021-08-12,1.0123,1.0448,0.9237,0.9648,4158641.28,4095755.7889265
1708,2021-08-13,0.9648,1.0961,0.9511,1.0898,3763920.78,3884128.0304666
1707,2021-08-14,1.0898,1.31118,1.07159,1.28075,4482430.9,5268147.6435361
1706,2021-08-15,1.28075,1.3481,1.22923,1.2848,3325905.34,4289841.4004152
1705,2021-08-16,1.2848,1.3286,1.15,1.1855,3468689.27,4348417.5499839
1704,2021-08-17,1.1855,1.223,1.0865,1.0984,3829709.04,4495881.0230945
1703,2021-08-18,1.0984,1.1938,1.0533,1.1438,4176586.75,4659574.6382959
1702,2021-08-19,1.1438,1.2355,1.0879,1.2341,4443262.82,5094141.7735936
1701,2021-08-20,1.2341,1.2872,1.1995,1.26031,4115562.16,5110298.8533081
1700,2021-08-21,1.26031,1.28,1.2031,1.216,2599582.97,3219321.6137135
1699,2021-08-22,1.216,1.2535,1.1725,1.2257,2431137.26,2959456.4491919
1698,2021-08-23,1.2257,1.3025,1.20623,1.2451,3798798.01,4748384.1873994
1697,2021-08-24,1.2451,1.2632,1.1156,1.1352,3712496.09,4419563.8038259
1696,2021-08-25,1.1352,1.1757,1.1071,1.173,3098722.65,3566164.3506959
1695,2021-08-26,1.173,1.1848,1.0649,1.0698,3364970.4,3733342.5364816
1694,2021-08-27,1.0698,1.1875,1.0495,1.1875,3762817.28,4195981.1840681
1693,2021-08-28,1.1875,1.1941,1.133,1.1454,2738813.19,3173589.1808129
1692,2021-08-29,1.1454,1.1659,1.1118,1.1397,2317501.41,2638461.9764115
1691,2021-08-30,1.1397,1.1499,1.097,1.1007,3270554.52,3688338.3283068
1690,2021-08-31,1.1007,1.2415,1.0918,1.1863,3110295.81,3601571.8524946
1689,2021-09-01,1.1863,1.2377,1.1587,1.2371,3671846.94,4405010.5880093
1688,2021-09-02,1.2371,1.2956,1.2214,1.2534,3606153.3,4544049.909112
1687,2021-09-03,1.2534,1.3234,1.2221,1.2886,5074758.22,6480777.0536821
1686,2021-09-04,1.2886,1.296,1.2381,1.2557,2553345.82,3239690.7056416
1685,2021-09-05,1.2557,1.312,1.2366,1.30679,2386379.95,3040763.997675
1684,2021-09-06,1.30679,1.4151,1.30679,1.3898,6073576.26,8256391.6355816
1683,2021-09-07,1.3898,1.3919,0.95687,1.12709,22844331.63,26863702.1661914
1682,2021-09-08,1.12709,1.147,1.01462,1.09789,6472995.56,7052261.0555152
1681,2021-09-09,1.09789,1.1372,1.07539,1.08581,5288584.55,5851758.4367999
1680,2021-09-10,1.08581,1.24254,1.0313,1.0548,5901206.22,6519077.049645
1679,2021-09-11,1.0548,1.1119,1.05039,1.0772,3400092.07,3679729.6486414
1678,2021-09-12,1.0772,1.12648,1.05781,1.1189,2772612.95,3031105.1529319
1677,2021-09-13,1.1189,1.1258,1.02552,1.0642,4085749.67,4327532.684531
1676,2021-09-14,1.0642,1.09667,1.05732,1.0947,4047580.78,4349791.5276038
1675,2021-09-15,1.0947,1.1258,1.0758,1.11861,3256081.41,3580620.0816366
1674,2021-09-16,1.11861,1.1275,1.0655,1.088,3340303.54,3679412.2249021
1673,2021-09-17,1.088,1.09968,1.0492,1.066,3607761.09,3860570.3992285
1672,2021-09-18,1.066,1.0938,1.05641,1.0758,1757215.82,1896365.2787775
1671,2021-09-19,1.0758,1.0834,1.0399,1.048,1747317.11,1862239.262937
1670,2021-09-20,1.048,1.04969,0.8764,0.9216,7985809.26,7528217.1091043
1669,2021-09-21,0.9216,0.9582,0.858,0.8705,6795338.38,6200987.8444877
1668,2021-09-22,0.8705,1.0055,0.8671,1.00041,7718065.68,7312327.6322174
1667,2021-09-23,1.00041,1.01459,0.966,0.9987,4834936.14,4788054.7578555
1666,2021-09-24,0.9987,0.99978,0.88131,0.9428,7080612.94,6627593.7610978
1665,2021-09-25,0.9428,0.9553,0.9143,0.93928,2847315.48,2671769.8187747
1664,2021-09-26,0.93928,0.956,0.8909,0.9435,3464183.99,3219191.8091806
1663,2021-09-27,0.9435,0.9798,0.9188,0.9196,2816835.42,2678057.3185957
1662,2021-09-28,0.9196,0.93911,0.88871,0.8907,3896742.99,3594391.9687564
1661,2021-09-29,0.8907,0.9629,0.8843,0.9255,4238083.31,3928967.877147
1660,2021-09-30,0.9255,0.961,0.9101,0.9515,4257699.13,4009722.9382115
1659,2021-10-01,0.9515,1.0633,0.9433,1.0381,5787692.01,5790805.5011681
1658,2021-10-02,1.0381,1.0702,1.0066,1.03687,3426422.75,3539688.7081761
1657,2021-10-03,1.03687,1.0867,1.0223,1.0551,3372549.94,3562208.1983572
1656,2021-10-04,1.0551,1.059,1.0059,1.04161,3337849.62,3451815.3691775
1655,2021-10-05,1.04161,1.0852,1.0366,1.08329,3590826.49,3799954.8093921
1654,2021-10-06,1.08329,1.1045,1.0157,1.075,5148859.04,5492858.6180405
1653,2021-10-07,1.075,1.0914,1.0413,1.0656,2750824.56,2942721.9300821
1652,2021-10-08,1.0656,1.0845,1.0527,1.05997,3497309.42,3748427.8903273
1651,2021-10-09,1.05997,1.20597,1.0542,1.1573,3082561.38,3472479.3689381
1650,2021-10-10,1.1573,1.22561,1.1274,1.1354,3809345.27,4467728.9992868
1649,2021-10-11,1.1354,1.1812,1.1041,1.13701,3578681.37,4114866.6485777
1648,2021-10-12,1.13701,1.13701,1.0651,1.10031,4348407.99,4768397.6361293
1647,2021-10-13,1.10031,1.1378,1.0752,1.12768,2470768.75,2723993.0128259
1646,2021-10-14,1.12768,1.15644,1.1182,1.1322,3059640.95,3466129.3837738
1645,2021-10-15,1.1322,1.1626,1.09,1.1389,4989134.5,5642428.3649464
1644,2021-10-16,1.1389,1.1815,1.1278,1.132,3863427.54,4442111.5456101
1643,2021-10-17,1.132,1.13905,1.02,1.092,4129765.24,4578109.5972294
1642,2021-10-18,1.092,1.10499,1.06395,1.0812,3306133.16,3591691.8203929
1641,2021-10-19,1.0812,1.09829,1.0645,1.0887,3610245.91,3914393.8959738
1640,2021-10-20,1.0887,1.14999,1.0837,1.1396,5630749.18,6299647.379518
1639,2021-10-21,1.1396,1.161,1.08,1.0843,6326784.84,7121865.0033978
1638,2021-10-22,1.0843,1.1265,1.0731,1.08511,5703666.8,6241551.5487493
1637,2021-10-23,1.08511,1.0993,1.0745,1.0901,4208597.79,4566240.9377716
1636,2021-10-24,1.0901,1.0929,1.051,1.0805,4591891.72,4945092.9510121
1635,2021-10-25,1.0805,1.0985,1.0759,1.0919,5584887.24,6077592.180397
1634,2021-10-26,1.0919,1.15689,1.0875,1.10468,7749776.22,8633653.1848283
1633,2021-10-27,1.10468,1.12199,0.9464,0.9912,10024896.27,10433370.9056684
1632,2021-10-28,0.9912,1.0785,0.9782,1.0574,9174903.85,9519064.338012
1631,2021-10-29,1.0574,1.089,1.0527,1.0799,5583528.97,5962811.160777
1630,2021-10-30,1.0799,1.1111,1.0588,1.0818,5893567.69,6376351.773087
1629,2021-10-31,1.0818,1.1542,1.068,1.1116,8037072.34,8869283.244581
1628,2021-11-01,1.1116,1.13,1.068,1.092,6020549.6,6577528.857912
1627,2021-11-02,1.092,1.145,1.0847,1.1327,8033312.61,8940791.528139
1626,2021-11-03,1.1327,1.231,1.1236,1.2082,10588442.72,12498637.799514
1625,2021-11-04,1.2082,1.2582,1.1607,1.1999,9780898.41,11742895.172488
1624,2021-11-05,1.1999,1.2006,1.133,1.1587,10698574.92,12544490.980744
1623,2021-11-06,1.1587,1.1752,1.101,1.1496,6859299.71,7855132.590988
1622,2021-11-07,1.1496,1.2351,1.1442,1.219,6528587.1,7780461.559851
1621,2021-11-08,1.219,1.295,1.219,1.2805,9565629.37,12086711.839945
1620,2021-11-09,1.2805,1.2865,1.2251,1.2557,11782216.87,14793299.266292
1619,2021-11-10,1.2557,1.3466,1.1198,1.1892,22337905.26,28171191.071318
1618,2021-11-11,1.1892,1.2521,1.1745,1.2116,15337576.32,18586707.736984
1617,2021-11-12,1.2116,1.2295,1.1529,1.1867,18597631.64,22087994.546392
1616,2021-11-13,1.1867,1.2019,1.1662,1.1883,9357352.72,11085190.026436
1615,2021-11-14,1.1883,1.1978,1.1665,1.1866,9651708.8,11417708.22423
1614,2021-11-15,1.1866,1.2179,1.1646,1.1707,8572897.69,10250380.793728
1613,2021-11-16,1.1707,1.1708,1.0416,1.0876,21098465.88,23417970.886076
1612,2021-11-17,1.0876,1.1112,1.0581,1.094,12012464.96,13033057.839386
1611,2021-11-18,1.094,1.1579,1.0168,1.0416,20539125.32,22235746.016695
1610,2021-11-19,1.0416,1.1025,1.0182,1.0896,10717513.15,11354213.227979
1609,2021-11-20,1.0896,1.1001,1.0601,1.0965,6861570.9,7451194.782001
1608,2021-11-21,1.0965,1.0976,1.0568,1.059,6623434.07,7137001.125798
1607,2021-11-22,1.059,1.0707,1.0277,1.0365,10581036.7,11066558.736017
1606,2021-11-23,1.0365,1.072,1.0202,1.0678,8260855.31,8647793.74133
1605,2021-11-24,1.0678,1.0745,1.0101,1.0343,7511838.6,7779350.960198
1604,2021-11-25,1.0343,1.064,1.024,1.0425,13156021.25,13727833.45933
1603,2021-11-26,1.0425,1.0458,0.9126,0.9399,23880245.91,23084977.311319
1602,2021-11-27,0.9399,0.965,0.9339,0.9466,9364733.94,8915335.583099
1601,2021-11-28,0.9466,0.9687,0.8864,0.9685,13110598.68,12137286.551165
1600,2021-11-29,0.9685,1.0,0.9625,0.9885,10536390.13,10340822.778147
1599,2021-11-30,0.9885,1.029,0.9696,0.9969,13447246.65,13411005.85714
1598,2021-12-01,0.9969,1.0168,0.98,0.9895,9237116.29,9260691.246948
1597,2021-12-02,0.9895,0.9896,0.9551,0.9722,10502984.09,10218777.296743
1596,2021-12-03,0.9722,0.9829,0.8901,0.9215,12851361.51,12172002.877299
1595,2021-12-04,0.9215,0.9241,0.5999,0.8436,71367929.11,54690514.612388
1594,2021-12-05,0.8436,0.8592,0.7693,0.8035,29654160.02,24038251.548116
1593,2021-12-06,0.8035,0.8296,0.7483,0.8257,24788251.06,19374546.330476
1592,2021-12-07,0.8257,0.8444,0.8034,0.815,12957224.76,10728665.279096
1591,2021-12-08,0.815,0.8833,0.8034,0.8615,14750449.33,12304445.277847
1590,2021-12-09,0.8615,0.9338,0.8314,0.8582,25822766.14,22876586.501577
1589,2021-12-10,0.8582,0.8826,0.7915,0.799,25205308.39,21156545.451605
1588,2021-12-11,0.799,0.8435,0.7844,0.8384,14285854.69,11757448.880484
1587,2021-12-12,0.8384,0.8565,0.8089,0.8393,8140061.47,6748878.341802
1586,2021-12-13,0.8393,0.8441,0.7602,0.7815,20284047.96,16304919.402885
1585,2021-12-14,0.7815,0.8211,0.7714,0.8105,15359651.92,12206465.079741
1584,2021-12-15,0.8105,0.8395,0.777,0.8262,20708208.78,16760425.614972
1583,2021-12-16,0.8262,0.8363,0.8033,0.805,12640670.18,10427872.165499
1582,2021-12-17,0.805,0.8324,0.7753,0.7962,17035012.38,13672996.216424
1581,2021-12-18,0.7962,0.8342,0.7907,0.826,10883037.73,8882861.560906
1580,2021-12-19,0.826,0.8483,0.8186,0.8346,11035071.36,9194718.860659
1579,2021-12-20,0.8346,0.915,0.8238,0.8797,27837962.23,24147783.660241
1578,2021-12-21,0.8797,0.9605,0.8527,0.9473,22983090.09,20552750.386912
1577,2021-12-22,0.9473,0.9733,0.922,0.9539,15953924.87,15146084.138138
1576,2021-12-23,0.9539,1.0172,0.9378,0.9955,34104696.83,33578706.714977
1575,2021-12-24,0.9955,0.9974,0.8953,0.9099,42936270.71,40501872.788768
1574,2021-12-25,0.9099,0.934,0.8976,0.9249,16157678.2,14874104.424835
1573,2021-12-26,0.9249,0.9334,0.9052,0.9194,10227218.79,9384877.197334
1572,2021-12-27,0.9194,0.9556,0.9143,0.9256,15194525.16,14137645.516734
1571,2021-12-28,0.9256,0.9262,0.8461,0.8515,21740148.83,19180827.409352
1570,2021-12-29,0.8515,0.8643,0.8114,0.8168,17676091.43,14831405.74817
1569,2021-12-30,0.8168,0.8594,0.8025,0.8377,20772642.4,17344998.854133
1568,2021-12-31,0.8377,0.8535,0.8017,0.8284,21271752.41,17801082.086177
1567,2022-01-01,0.8284,0.855,0.8284,0.8493,18096496.17,15235804.662449
1566,2022-01-02,0.8493,0.8661,0.8369,0.858,16793565.34,14246663.420164
1565,2022-01-03,0.858,0.858,0.8207,0.8317,16850180.07,14147207.037492
1564,2022-01-04,0.8317,0.8449,0.8149,0.8219,14660819.57,12165562.055847
1563,2022-01-05,0.8219,0.8362,0.7094,0.772,26031169.55,21050348.448916
1562,2022-01-06,0.772,0.7902,0.7386,0.7787,19532778.19,14882259.488792
1561,2022-01-07,0.7787,0.78,0.729,0.763,25141023.82,18993293.266763
1560,2022-01-08,0.763,0.7767,0.7225,0.7443,11942419.98,8989620.433476
1559,2022-01-09,0.7443,0.7665,0.7385,0.7537,9863502.61,7418534.71172
1558,2022-01-10,0.7537,0.7584,0.6982,0.7393,24673560.97,18023363.627833
1557,2022-01-11,0.7393,0.7764,0.7306,0.77,19049354.3,14275277.815532
1556,2022-01-12,0.77,0.8071,0.7573,0.7987,17129894.02,13383472.625582
1555,2022-01-13,0.7987,0.8021,0.7604,0.7673,14772745.01,11590214.79984
1554,2022-01-14,0.7673,0.791,0.7522,0.7734,13746951.15,10609639.916696
1553,2022-01-15,0.7734,0.7893,0.7677,0.7794,8240909.68,6419963.696948
1552,2022-01-16,0.7794,0.784,0.7681,0.7784,6544036.42,5091646.693676
1551,2022-01-17,0.7784,0.78,0.7504,0.7617,10365566.94,7899603.262615
1550,2022-01-18,0.7617,0.7684,0.735,0.7514,11875410.81,8907344.267487
1549,2022-01-19,0.7514,0.7533,0.7231,0.7379,13054715.75,9641862.403885
1548,2022-01-20,0.7379,0.7616,0.7165,0.72,15054093.61,11196893.401035
1547,2022-01-21,0.72,0.7286,0.6123,0.6373,43960098.43,29593322.835707
1546,2022-01-22,0.6373,0.6536,0.5491,0.5967,43896077.8,26404298.867663
1545,2022-01-23,0.5967,0.6347,0.5897,0.6286,12207203.16,7452591.529799
1544,2022-01-24,0.6286,0.6286,0.5533,0.6118,26891102.9,15669628.36281
1543,2022-01-25,0.6118,0.6239,0.587,0.6173,16360652.1,9859529.633875
1542,2022-01-26,0.6173,0.6583,0.6046,0.6187,22409211.6,14051188.541313
1541,2022-01-27,0.6187,0.6242,0.5894,0.6084,18915289.72,11453187.519122
1540,2022-01-28,0.6084,0.6135,0.5915,0.6115,14955796.62,9003887.100317
1539,2022-01-29,0.6115,0.625,0.6086,0.6176,10343026.73,6361795.464209
1538,2022-01-30,0.6176,0.6229,0.5973,0.6015,11508780.59,7044057.833146
1537,2022-01-31,0.6015,0.6238,0.58,0.6169,17643855.43,10503849.195294
1536,2022-02-01,0.6169,0.6304,0.6111,0.6284,10748687.97,6682297.578377
1535,2022-02-02,0.6284,0.6311,0.5956,0.6009,13014245.68,8011749.25222
1534,2022-02-03,0.6009,0.6107,0.5887,0.6098,12564377.4,7539189.188064
1533,2022-02-04,0.6098,0.659,0.6041,0.6553,23132519.53,14434245.21708
1532,2022-02-05,0.6553,0.6869,0.6501,0.6659,21871513.98,14640278.504885
1531,2022-02-06,0.6659,0.6873,0.659,0.6826,14655887.55,9814809.579636
1530,2022-02-07,0.6826,0.839,0.6717,0.8305,45489880.4,35058470.605217
1529,2022-02-08,0.8305,0.9135,0.8037,0.8759,73385807.47,62822010.457159
1528,2022-02-09,0.8759,0.9168,0.8439,0.8696,67625434.57,59247520.106345
1527,2022-02-10,0.8696,0.8974,0.8223,0.8251,48933538.28,42194038.616714
1526,2022-02-11,0.8251,0.8338,0.7502,0.7592,55702929.43,44687529.594036
1525,2022-02-12,0.7592,0.8526,0.7467,0.8203,39351538.82,31309705.047391
1524,2022-02-13,0.8203,0.8474,0.7923,0.8055,29977557.4,24577445.854067
1523,2022-02-14,0.8055,0.8128,0.7794,0.801,30289944.11,24089074.004532
1522,2022-02-15,0.801,0.8597,0.7962,0.8516,25413581.63,21033374.083409
1521,2022-02-16,0.8516,0.853,0.8083,0.8366,30746518.79,25524068.961859
1520,2022-02-17,0.8366,0.8446,0.7533,0.7683,35550741.78,28437760.798831
1519,2022-02-18,0.7683,0.8049,0.756,0.7846,50794991.68,39564791.681654
1518,2022-02-19,0.7846,0.854,0.77,0.8216,46421717.85,37592096.124706
1517,2022-02-20,0.8216,0.8232,0.7651,0.7772,36638991.12,28922299.369405
1516,2022-02-21,0.7772,0.8016,0.6955,0.7011,61961535.41,47554503.200032
1515,2022-02-22,0.7011,0.7268,0.668,0.7213,54742866.87,38249727.234806
1514,2022-02-23,0.7213,0.7435,0.6926,0.6962,39796053.46,28614001.606463
1513,2022-02-24,0.6962,0.723,0.6216,0.6957,91903575.89,60262300.400402
1512,2022-02-25,0.6957,0.7807,0.6826,0.769,50187115.56,35676596.645079
1511,2022-02-26,0.769,0.796,0.7405,0.7508,36420973.86,27830366.264443
1510,2022-02-27,0.7508,0.7672,0.7038,0.7215,34953953.21,25706479.437889
1509,2022-02-28,0.7215,0.794,0.7077,0.7811,40445589.55,30214107.804378
1508,2022-03-01,0.7811,0.8038,0.7577,0.7838,26907790.64,20957875.841254
1507,2022-03-02,0.7838,0.7844,0.7561,0.7689,23896214.12,18410464.652383
1506,2022-03-03,0.7689,0.7894,0.7331,0.7519,21805025.28,16530262.360867
1505,2022-03-04,0.7519,0.7537,0.694,0.7125,33098785.95,24114944.275135
1504,2022-03-05,0.7125,0.7692,0.7048,0.7538,21269173.36,15752485.510316
1503,2022-03-06,0.7538,0.7587,0.7212,0.7243,23614732.87,17459559.033532
1502,2022-03-07,0.7243,0.7539,0.7034,0.7197,34374853.08,25143611.330499
1501,2022-03-08,0.7197,0.7325,0.7135,0.7205,22111455.88,15983720.157738
1500,2022-03-09,0.7205,0.7749,0.7201,0.7659,20846463.45,15680380.30408
1499,2022-03-10,0.7659,0.7787,0.7217,0.7365,29116044.66,21523333.884508
1498,2022-03-11,0.7365,0.8145,0.7251,0.8027,34633849.27,26411840.256748
1497,2022-03-12,0.8027,0.8492,0.7785,0.7857,32881495.82,26533108.089865
1496,2022-03-13,0.7857,0.8047,0.751,0.7597,18657229.99,14630159.21496
1495,2022-03-14,0.7597,0.7775,0.7452,0.7749,22489359.91,17179035.622983
1494,2022-03-15,0.7749,0.7765,0.7415,0.7659,22426408.54,17086678.913137
1493,2022-03-16,0.7659,0.7943,0.7579,0.7916,28545913.0,22011288.936364
1492,2022-03-17,0.7916,0.8017,0.7829,0.7932,13376818.91,10590592.01692
1491,2022-03-18,0.7932,0.8004,0.7761,0.7967,19968833.74,15746770.230793
1490,2022-03-19,0.7967,0.8267,0.7915,0.8194,23740998.5,19282000.404153
1489,2022-03-20,0.8194,0.8217,0.7951,0.8058,11661964.73,9421177.490225
1488,2022-03-21,0.8058,0.8545,0.7874,0.8378,19741642.93,16177726.810331
1487,2022-03-22,0.8378,0.8654,0.8276,0.8368,23221369.63,19627192.443334
1486,2022-03-23,0.8368,0.8459,0.8175,0.8374,15353094.46,12739584.908811
1485,2022-03-24,0.8374,0.8499,0.8271,0.8425,40794132.0,34233819.829898
1484,2022-03-25,0.8425,0.8459,0.8188,0.8243,22492498.43,18821330.937644
1483,2022-03-26,0.8243,0.8347,0.8203,0.8327,9939449.81,8235727.915957
1482,2022-03-27,0.8327,0.8582,0.8278,0.8579,14248118.09,11993102.63146
1481,2022-03-28,0.8579,0.9125,0.8519,0.8644,33305306.55,29308708.572132
1480,2022-03-29,0.8644,0.8853,0.843,0.8572,26002689.6,22542015.43958
1479,2022-03-30,0.8572,0.8715,0.8457,0.8614,25912851.08,22296116.452108
1478,2022-03-31,0.8614,0.873,0.7789,0.8146,46255708.48,38358887.467951
1477,2022-04-01,0.8146,0.834,0.8066,0.8275,29060100.95,23862017.073477
1476,2022-04-02,0.8275,0.8495,0.8186,0.8237,24235382.34,20254629.075385
1475,2022-04-03,0.8237,0.8523,0.8142,0.8429,16755841.44,14000153.318796
1474,2022-04-04,0.8429,0.8433,0.803,0.8265,23399872.65,19348527.65239
1473,2022-04-05,0.8265,0.8362,0.815,0.8163,19672083.38,16217425.287928
1472,2022-04-06,0.8163,0.8184,0.7556,0.7595,42548924.42,33478837.767009
1471,2022-04-07,0.7595,0.7907,0.7522,0.7872,20916784.89,16177845.13279
1470,2022-04-08,0.7872,0.7935,0.7461,0.7553,17961463.69,13879965.23131
1469,2022-04-09,0.7553,0.7667,0.7533,0.7623,13171185.58,10008819.017327
1468,2022-04-10,0.7623,0.773,0.7523,0.7536,12677892.5,9646917.530466
1467,2022-04-11,0.7536,0.7555,0.6795,0.6942,47198154.35,33827824.16339
1466,2022-04-12,0.6942,0.7258,0.6924,0.7148,26800807.23,18944747.099628
1465,2022-04-13,0.7148,0.725,0.7017,0.7232,20412889.21,14620468.779056
1464,2022-04-14,0.7232,0.7413,0.7081,0.7263,19487844.54,14150023.710505
1463,2022-04-15,0.7263,0.7974,0.7261,0.7855,31800969.67,24590615.526485
1462,2022-04-16,0.7855,0.7994,0.7659,0.7807,13375934.72,10457047.598788
1461,2022-04-17,0.7807,0.786,0.7479,0.7521,12018489.99,9286995.270325
1460,2022-04-18,0.7521,0.77,0.7267,0.77,29826769.08,22244602.866434
1459,2022-04-19,0.77,0.7821,0.7588,0.7746,23566732.81,18159575.364269
1458,2022-04-20,0.7746,0.775,0.7421,0.7516,27061800.81,20596762.379494
1457,2022-04-21,0.7516,0.7688,0.7171,0.7325,26895137.97,20099046.317892
1456,2022-04-22,0.7325,0.7386,0.714,0.7178,28990071.14,21023692.670609
1455,2022-04-23,0.7178,0.7267,0.7023,0.7051,17959405.57,12805719.2034
1454,2022-04-24,0.7051,0.7121,0.694,0.6977,17515899.24,12335309.145509
1453,2022-04-25,0.6977,0.6996,0.645,0.693,51147096.96,34223273.106298
1452,2022-04-26,0.693,0.7065,0.6266,0.6421,51089991.67,33991024.217901
1451,2022-04-27,0.6421,0.6625,0.636,0.6522,36463035.81,23677353.473307
1450,2022-04-28,0.6522,0.6571,0.6326,0.6426,33763380.37,21817666.420109
1449,2022-04-29,0.6426,0.6465,0.5991,0.6114,41156569.35,25572788.653987
1448,2022-04-30,0.6114,0.6286,0.5639,0.5847,46123672.79,27949591.658108
1447,2022-05-01,0.5847,0.6122,0.5758,0.6068,45364117.72,26921046.203864
1446,2022-05-02,0.6068,0.631,0.5983,0.6145,49886853.61,30653885.780671
1445,2022-05-03,0.6145,0.628,0.5961,0.6047,38930526.26,23902513.320345
1444,2022-05-04,0.6047,0.6501,0.6041,0.6459,49388550.52,30695987.301447
1443,2022-05-05,0.6459,0.6574,0.58,0.5982,64051944.77,39411308.153057
1442,2022-05-06,0.5982,0.617,0.5872,0.6022,55056142.63,33115578.15572
1441,2022-05-07,0.6022,0.6043,0.5694,0.5809,31721230.18,18753440.72908
1440,2022-05-08,0.5809,0.5832,0.5574,0.5661,39716506.96,22706252.495502
1439,2022-05-09,0.5661,0.5789,0.4714,0.4872,134739554.66,70161190.090138
1438,2022-05-10,0.4872,0.537,0.4723,0.5134,139895360.68,71298264.1647
1437,2022-05-11,0.5134,0.5229,0.3651,0.4174,308469980.93,138480659.781492
1436,2022-05-12,0.4174,0.4296,0.3364,0.3852,378172479.46,143862947.99871
1435,2022-05-13,0.3852,0.4656,0.3808,0.4229,176102319.04,76368682.549098
1434,2022-05-14,0.4229,0.4411,0.3956,0.4262,87865693.59,36838715.889891
1433,2022-05-15,0.4262,0.4498,0.4147,0.448,57582849.4,24658677.862617
1432,2022-05-16,0.448,0.448,0.4086,0.4232,77150238.12,32638272.556398
1431,2022-05-17,0.4232,0.44,0.4169,0.4377,66546510.96,28657052.816168
1430,2022-05-18,0.4377,0.4425,0.4037,0.4054,69113199.52,29018370.51049
1429,2022-05-19,0.4054,0.4244,0.3904,0.4203,71944479.64,29566688.510763
1428,2022-05-20,0.4203,0.4405,0.4015,0.4101,74656208.04,31424895.946965
1427,2022-05-21,0.4101,0.4181,0.4029,0.4143,37077128.63,15267385.427318
1426,2022-05-22,0.4143,0.4253,0.41,0.4216,38429366.09,16042835.587839
1425,2022-05-23,0.4216,0.4286,0.4001,0.4051,62871324.96,26379211.212516
1424,2022-05-24,0.4051,0.4137,0.3906,0.4085,61174689.43,24766548.595559
1423,2022-05-25,0.4085,0.4142,0.3946,0.4059,69797725.19,28264820.106914
1422,2022-05-26,0.4059,0.4109,0.3757,0.3921,92015117.0,36241040.302506
1421,2022-05-27,0.3921,0.4031,0.3764,0.3817,96059661.25,37508540.190845
1420,2022-05-28,0.3817,0.3887,0.3805,0.3862,44249928.23,17042153.633542
1419,2022-05-29,0.3862,0.3906,0.3793,0.3891,38090413.03,14682552.479908
1418,2022-05-30,0.3891,0.4196,0.3866,0.4189,68349351.24,27532621.590668
1417,2022-05-31,0.4189,0.4338,0.4065,0.4214,74475314.46,31122636.859458
1416,2022-06-01,0.4214,0.4264,0.3889,0.3981,71568702.61,29337760.593929
1415,2022-06-02,0.3981,0.4071,0.3905,0.4054,57197763.61,22720692.70869
1414,2022-06-03,0.4054,0.4104,0.384,0.3902,58998643.46,23385040.353431
1413,2022-06-04,0.3902,0.3945,0.3845,0.3925,31237679.9,12174507.732111
1412,2022-06-05,0.3925,0.3996,0.3894,0.3953,31601433.55,12448895.278641
1411,2022-06-06,0.3953,0.41,0.3939,0.4028,50426291.35,20282923.519348
1410,2022-06-07,0.4028,0.4175,0.3846,0.4076,67337466.54,26718870.150634
1409,2022-06-08,0.4076,0.4103,0.3948,0.4004,50908996.97,20413497.963969
1408,2022-06-09,0.4004,0.404,0.3966,0.4,35236790.96,14120448.725827
1407,2022-06-10,0.4,0.4118,0.376,0.3814,62788511.29,24701285.340048
1406,2022-06-11,0.3814,0.3885,0.3556,0.3597,60415982.13,22420772.427357
1405,2022-06-12,0.3597,0.3653,0.3396,0.3432,75194705.5,26315701.414316
1404,2022-06-13,0.3432,0.3506,0.3009,0.3117,162513058.51,51933772.637397
1403,2022-06-14,0.3117,0.3267,0.2934,0.3213,152403721.73,47706194.911451
1402,2022-06-15,0.3213,0.347,0.2978,0.3435,160350107.35,50202102.110832
1401,2022-06-16,0.3435,0.3473,0.3071,0.3131,92274896.29,29806938.377983
1400,2022-06-17,0.3131,0.3397,0.3103,0.3209,107269600.28,34949385.754395
1399,2022-06-18,0.3209,0.3264,0.2873,0.3075,107592835.51,32891959.986056
1398,2022-06-19,0.3075,0.3331,0.2981,0.3262,95270743.32,29717311.919019
1397,2022-06-20,0.3262,0.3287,0.3135,0.3226,74072067.82,23812187.106853
1396,2022-06-21,0.3226,0.3372,0.3187,0.3292,73664889.87,24217604.61119
1395,2022-06-22,0.3292,0.3296,0.3189,0.3223,65884394.21,21282311.604089
1394,2022-06-23,0.3223,0.3369,0.3215,0.3357,66903236.01,21950897.531895
1393,2022-06-24,0.3357,0.387,0.3348,0.3672,121301968.16,44551023.576945
1392,2022-06-25,0.3672,0.374,0.3542,0.3675,55172811.72,20163664.178035
1391,2022-06-26,0.3675,0.375,0.3576,0.3592,54704140.61,20009530.96928
1390,2022-06-27,0.3592,0.3671,0.3477,0.3538,58023464.06,20812565.68773
1389,2022-06-28,0.3538,0.3557,0.3353,0.3375,61056974.53,21085017.556734
1388,2022-06-29,0.3375,0.3417,0.3202,0.3296,78847881.55,26056311.296992
1387,2022-06-30,0.3296,0.3332,0.3059,0.3323,113143782.43,36083843.234442
1386,2022-07-01,0.3323,0.3361,0.3097,0.3139,105389715.89,33552867.749275
1385,2022-07-02,0.3139,0.3179,0.3094,0.3156,47853785.07,14996871.472635
1384,2022-07-03,0.3156,0.3257,0.3088,0.3215,41571308.96,13112298.551073
1383,2022-07-04,0.3215,0.3298,0.3146,0.3285,55643638.78,17924637.094903
1382,2022-07-05,0.3285,0.3311,0.3128,0.325,67956105.08,21922082.639109
1381,2022-07-06,0.325,0.334,0.3198,0.3322,57096323.89,18522248.979852
1380,2022-07-07,0.3322,0.3454,0.3268,0.3421,45861659.55,15334486.046784
1379,2022-07-08,0.3421,0.3589,0.3359,0.3403,72734153.34,25268334.855013
1378,2022-07-09,0.3403,0.3476,0.3393,0.3448,28863771.68,9908498.281918
1377,2022-07-10,0.3448,0.3449,0.3195,0.3256,41651654.15,13813612.175114
1376,2022-07-11,0.3256,0.3291,0.3108,0.3151,54981368.94,17729608.594741
1375,2022-07-12,0.3151,0.318,0.3075,0.3115,55558694.93,17358189.197361
1374,2022-07-13,0.3115,0.3258,0.3023,0.3237,82140786.43,25792743.879021
1373,2022-07-14,0.3237,0.3339,0.3125,0.3337,54369767.11,17461213.066525
1372,2022-07-15,0.3337,0.3488,0.3272,0.3341,53563416.71,18068171.738393
1371,2022-07-16,0.3341,0.3561,0.3313,0.3505,48739023.83,16763588.546155
1370,2022-07-17,0.3505,0.3613,0.3411,0.3434,40985135.16,14393633.832488
1369,2022-07-18,0.3434,0.37,0.343,0.3652,69624364.41,25129392.622377
1368,2022-07-19,0.3652,0.3768,0.3515,0.3731,71683646.59,26031939.780664
1367,2022-07-20,0.3731,0.3817,0.3573,0.3634,65790689.42,24442792.895104
1366,2022-07-21,0.3634,0.3685,0.3487,0.3667,49116938.59,17571545.484869
1365,2022-07-22,0.3667,0.3714,0.3543,0.3579,55150522.71,20045938.499829
1364,2022-07-23,0.3579,0.3628,0.3497,0.3593,31154390.25,11107729.665928
1363,2022-07-24,0.3593,0.3667,0.356,0.3586,31282080.68,11317813.325068
1362,2022-07-25,0.3586,0.3602,0.335,0.3358,46138343.84,15961659.809087
1361,2022-07-26,0.3358,0.3384,0.3252,0.3373,43203759.47,14328253.923455
1360,2022-07-27,0.3373,0.3596,0.3303,0.3594,59309050.92,20392723.711703
1359,2022-07-28,0.3594,0.3792,0.3491,0.3738,69445990.1,25148600.586341
1358,2022-07-29,0.3738,0.38,0.3595,0.3679,74040102.29,27429216.118289
1357,2022-07-30,0.3679,0.41,0.3629,0.3879,76348240.88,29454287.902181
1356,2022-07-31,0.3879,0.3987,0.3783,0.3792,45823924.09,17831679.878962
1355,2022-08-01,0.3792,0.3859,0.3708,0.3791,52923224.23,20035432.900236
1354,2022-08-02,0.3791,0.3945,0.3667,0.3714,48140275.36,17989987.991549
1353,2022-08-03,0.3714,0.3775,0.3631,0.3694,35261218.55,13070484.443655
1352,2022-08-04,0.3694,0.3749,0.3642,0.3709,31151908.19,11511942.974194
1351,2022-08-05,0.3709,0.3786,0.3675,0.3764,45319285.35,16932267.463922
1350,2022-08-06,0.3764,0.3781,0.3705,0.3715,17580565.92,6579764.680475
1349,2022-08-07,0.3715,0.3769,0.3682,0.3722,15620973.0,5819447.172486
1348,2022-08-08,0.3722,0.3846,0.3713,0.3788,41046130.51,15554761.899635
1347,2022-08-09,0.3788,0.3802,0.3604,0.3673,35172734.38,13030511.4366
1346,2022-08-10,0.3673,0.3814,0.3583,0.3813,44262068.33,16393095.755044
1345,2022-08-11,0.3813,0.3858,0.377,0.3801,36059387.37,13750616.055346
1344,2022-08-12,0.3801,0.3804,0.37,0.3795,54251459.9,20379241.319636
1343,2022-08-13,0.3795,0.3874,0.3764,0.3779,27997745.09,10653552.706589
1342,2022-08-14,0.3779,0.3921,0.3739,0.3757,29430501.72,11248848.480226
1341,2022-08-15,0.3757,0.3851,0.3659,0.3752,60319376.82,22531140.807306
1340,2022-08-16,0.3752,0.3782,0.3667,0.3769,32572205.21,12164265.162483
1339,2022-08-17,0.3769,0.3921,0.3679,0.3795,46519422.14,17659178.295617
1338,2022-08-18,0.3795,0.3815,0.369,0.3704,37250952.71,13987536.008369
1337,2022-08-19,0.3704,0.3706,0.3305,0.3343,92089405.25,31770316.434206
1336,2022-08-20,0.3343,0.3425,0.3321,0.3367,42986198.24,14576965.202032
1335,2022-08-21,0.3367,0.3484,0.3355,0.3446,36190708.28,12380910.787348
1334,2022-08-22,0.3446,0.3451,0.3312,0.3439,46245094.93,15600581.49862
1333,2022-08-23,0.3439,0.3479,0.3325,0.3473,33649697.79,11470863.982799
1332,2022-08-24,0.3473,0.3525,0.3389,0.3454,29258802.11,10077847.52035
1331,2022-08-25,0.3454,0.3522,0.3435,0.349,31484574.66,10938928.35795
1330,2022-08-26,0.349,0.371,0.3325,0.3392,79621061.96,27655982.910383
1329,2022-08-27,0.3392,0.3451,0.3282,0.3346,40678713.08,13612353.030855
1328,2022-08-28,0.3346,0.3373,0.3212,0.3224,31402655.22,10440369.289842
1327,2022-08-29,0.3224,0.3343,0.3187,0.3338,61464465.3,19981390.577409
1326,2022-08-30,0.3338,0.3356,0.3198,0.3267,39789832.95,13074931.116367
1325,2022-08-31,0.3267,0.3337,0.323,0.3276,36910176.9,12170857.143415
1324,2022-09-01,0.3276,0.3333,0.3213,0.3331,34343578.06,11195404.542431
1323,2022-09-02,0.3331,0.3354,0.3253,0.3316,47141319.34,15571920.602687
1322,2022-09-03,0.3316,0.3354,0.3264,0.3296,26295021.13,8668105.919134
1321,2022-09-04,0.3296,0.3326,0.3275,0.3317,17967165.07,5936473.900016
1320,2022-09-05,0.3317,0.3337,0.3224,0.3329,39133241.27,12835829.430073
1319,2022-09-06,0.3329,0.3431,0.3175,0.3211,124583338.5,41154432.599676
1318,2022-09-07,0.3211,0.3386,0.3125,0.3368,105081909.74,33978987.70618
1317,2022-09-08,0.3368,0.3433,0.3281,0.3395,88527134.43,29532577.401405
1316,2022-09-09,0.3395,0.3599,0.3392,0.3567,164425883.8,57412099.767977
1315,2022-09-10,0.3567,0.362,0.3513,0.3573,84008315.62,29898355.415462
1314,2022-09-11,0.3573,0.3603,0.3489,0.3551,61786350.53,21954590.357574
1313,2022-09-12,0.3551,0.3602,0.3478,0.3598,155274095.49,55000028.685986
1312,2022-09-13,0.3598,0.3604,0.3308,0.3325,168915973.37,58591246.104408
1311,2022-09-14,0.3325,0.3442,0.3312,0.3414,137065298.18,46157563.583723
1310,2022-09-15,0.3414,0.3427,0.3242,0.3262,238415347.34,79502681.211054
1309,2022-09-16,0.3262,0.3582,0.3216,0.3553,257655743.15,86170331.09478
1308,2022-09-17,0.3553,0.3809,0.3463,0.3762,162763077.85,59094177.233261
1307,2022-09-18,0.3762,0.398,0.3553,0.3576,256821711.92,97669685.389896
1306,2022-09-19,0.3576,0.3932,0.3401,0.3848,371467242.48,133370780.660816
1305,2022-09-20,0.3848,0.4242,0.3703,0.4139,345330102.56,136705612.173402
1304,2022-09-21,0.4139,0.4337,0.3825,0.3936,313577040.36,126461179.571559
1303,2022-09-22,0.3936,0.5004,0.3934,0.4861,453137982.59,202215055.151105
1302,2022-09-23,0.4861,0.559,0.4564,0.5067,584037000.46,294180802.965449
1301,2022-09-24,0.5067,0.5198,0.4717,0.4878,332115057.29,164788474.140493
1300,2022-09-25,0.4878,0.5211,0.4756,0.4917,280816726.08,139099653.737493
1299,2022-09-26,0.4917,0.5019,0.4575,0.4684,285952058.24,135456998.740228
1298,2022-09-27,0.4684,0.4878,0.435,0.4455,216640299.05,100597105.176806
1297,2022-09-28,0.4455,0.4558,0.4168,0.4488,188701194.12,81682997.202541
1296,2022-09-29,0.4488,0.51,0.4264,0.4876,219913277.44,100763012.833574
1295,2022-09-30,0.4876,0.4989,0.4689,0.48,295269674.17,142667636.091333
1294,2022-10-01,0.48,0.4865,0.4668,0.4755,131385517.91,62503353.996439
1293,2022-10-02,0.4755,0.4786,0.4433,0.4486,153031415.39,70576373.663564
1292,2022-10-03,0.4486,0.4694,0.4372,0.4621,188546496.37,84954528.915337
1291,2022-10-04,0.4621,0.4857,0.4515,0.4795,179273350.66,84498920.41078
1290,2022-10-05,0.4795,0.5019,0.4717,0.4888,233258105.08,113409320.763371
1289,2022-10-06,0.4888,0.5062,0.4883,0.4935,190265355.23,94436665.854689
1288,2022-10-07,0.4935,0.5333,0.4819,0.5178,244634434.33,122344191.530373
1287,2022-10-08,0.5178,0.5292,0.5109,0.517,144321551.84,75072493.66763
1286,2022-10-09,0.517,0.5485,0.5059,0.5325,146331764.89,76907253.704081
1285,2022-10-10,0.5325,0.5379,0.493,0.4938,171166074.86,88909309.163805
1284,2022-10-11,0.4938,0.5024,0.4771,0.4861,194108201.96,95243344.857105
1283,2022-10-12,0.4861,0.496,0.482,0.4882,122941148.99,60088042.946929
1282,2022-10-13,0.4882,0.4896,0.44,0.4791,235789102.57,110277337.043998
1281,2022-10-14,0.4791,0.5123,0.4781,0.4882,178244280.54,88554593.075968
1280,2022-10-15,0.4882,0.4902,0.4776,0.4818,62111792.14,30098086.599076
1279,2022-10-16,0.4818,0.4874,0.4678,0.4766,83222627.69,39941534.453088
1278,2022-10-17,0.4766,0.4823,0.4626,0.4803,123239541.53,58292522.619304
1277,2022-10-18,0.4803,0.4843,0.457,0.4658,120839401.75,56870706.214552
1276,2022-10-19,0.4658,0.4666,0.447,0.4504,132117334.98,60462029.31635
1275,2022-10-20,0.4504,0.4647,0.4222,0.4466,163274845.48,73637294.104912
1274,2022-10-21,0.4466,0.4618,0.4345,0.4615,156047732.38,69699481.741668
1273,2022-10-22,0.4615,0.4707,0.4559,0.4653,86709064.39,40100265.797221
1272,2022-10-23,0.4653,0.4726,0.452,0.4688,100486806.37,46360676.914063
1271,2022-10-24,0.4688,0.4729,0.448,0.4528,101870922.66,46615014.699922
1270,2022-10-25,0.4528,0.4728,0.4433,0.4606,149654126.8,68233979.915309
1269,2022-10-26,0.4606,0.4714,0.4561,0.4688,151377159.75,70306954.173266
1268,2022-10-27,0.4688,0.4825,0.4585,0.4615,181286144.28,85429241.356159
1267,2022-10-28,0.4615,0.4755,0.4564,0.4743,118034190.63,54824129.703582
1266,2022-10-29,0.4743,0.4836,0.466,0.47,148632305.16,70340013.330214
1265,2022-10-30,0.47,0.4732,0.4537,0.4581,91676791.67,42503200.851255
1264,2022-10-31,0.4581,0.4675,0.4475,0.4642,147475012.38,67366358.41896
1263,2022-11-01,0.4642,0.4671,0.4543,0.4635,113256057.79,52166402.802194
1262,2022-11-02,0.4635,0.4658,0.4449,0.4497,153054140.0,70002148.142029
1261,2022-11-03,0.4497,0.4598,0.4486,0.4548,104210787.41,47499459.315629
1260,2022-11-04,0.4548,0.5079,0.453,0.5063,256815754.01,125539385.241196
1259,2022-11-05,0.5063,0.51,0.489,0.4931,143315722.17,71457965.895047
1258,2022-11-06,0.4931,0.4947,0.468,0.4708,100010518.58,48629182.728952
1257,2022-11-07,0.4708,0.4799,0.4585,0.4647,169721331.57,79871189.609615
1256,2022-11-08,0.4647,0.4668,0.3362,0.4062,571813413.11,238906035.256106
1255,2022-11-09,0.4062,0.4111,0.3155,0.3328,456496565.61,168686064.419869
1254,2022-11-10,0.3328,0.403,0.33,0.3941,291333180.79,108270181.308212
1253,2022-11-11,0.3941,0.3987,0.3662,0.3843,186081689.46,71202802.856836
1252,2022-11-12,0.3843,0.3845,0.3595,0.3638,122616147.54,45395573.860212
1251,2022-11-13,0.3638,0.3695,0.3329,0.341,113959183.61,40210881.790193
1250,2022-11-14,0.341,0.3796,0.3211,0.3772,209920283.36,72845178.977594
1249,2022-11-15,0.3772,0.3976,0.3667,0.3885,178889171.3,68360373.423804
1248,2022-11-16,0.3885,0.3914,0.3617,0.3753,119778266.06,45214260.644986
1247,2022-11-17,0.3753,0.3872,0.3692,0.3818,111413584.16,42072704.464462
1246,2022-11-18,0.3818,0.3878,0.3742,0.3827,63972791.22,24415153.594686
1245,2022-11-19,0.3827,0.3883,0.3752,0.384,46851146.45,17819072.062242
1244,2022-11-20,0.384,0.3965,0.3584,0.3609,97455738.65,36953234.23084
1243,2022-11-21,0.3609,0.3689,0.3456,0.3645,132511586.93,47072074.315307
1242,2022-11-22,0.3645,0.3782,0.3511,0.3755,91349081.64,33177382.356222
1241,2022-11-23,0.3755,0.3825,0.3681,0.3815,78925427.6,29698291.56622
1240,2022-11-24,0.3815,0.405,0.3742,0.402,76453620.55,29748673.14627
1239,2022-11-25,0.402,0.4191,0.3887,0.4075,90782680.09,36817524.302421
1238,2022-11-26,0.4075,0.4145,0.3927,0.396,68284744.58,27583638.534084
1237,2022-11-27,0.396,0.4097,0.3943,0.3962,61878623.85,24877286.683889
1236,2022-11-28,0.3962,0.3992,0.3732,0.3888,80511584.55,30799529.983884
1235,2022-11-29,0.3888,0.4039,0.3829,0.3978,65613016.92,25696957.813373
1234,2022-11-30,0.3978,0.4116,0.3927,0.4077,75246134.77,30323092.830154
1233,2022-12-01,0.4077,0.4092,0.3945,0.3968,51181267.06,20475131.289614
1232,2022-12-02,0.3968,0.3975,0.3838,0.3959,47829302.53,18649767.986188
1231,2022-12-03,0.3959,0.3972,0.3855,0.3873,36693745.83,14386507.725772
1230,2022-12-04,0.3873,0.3932,0.386,0.3895,32634030.24,12724350.226978
1229,2022-12-05,0.3895,0.3952,0.38,0.389,52393383.81,20482890.072997
1228,2022-12-06,0.389,0.3924,0.3808,0.3913,48321587.87,18661971.983022
1227,2022-12-07,0.3913,0.3925,0.3735,0.3832,50938464.21,19475908.747909
1226,2022-12-08,0.3832,0.3965,0.3825,0.3941,50112106.56,19448566.744703
1225,2022-12-09,0.3941,0.395,0.3845,0.3887,39436805.65,15381997.712525
1224,2022-12-10,0.3887,0.3891,0.3854,0.3867,19653966.73,7616607.517183
1223,2022-12-11,0.3867,0.3885,0.3774,0.3808,24662310.59,9489738.467678
1222,2022-12-12,0.3808,0.3898,0.3704,0.3873,40863351.31,15425396.280553
1221,2022-12-13,0.3873,0.3971,0.3785,0.3951,65170850.71,25291078.512379
1220,2022-12-14,0.3951,0.3954,0.3771,0.3851,64318429.68,25035748.866116
1219,2022-12-15,0.3851,0.3867,0.3735,0.3781,42562579.57,16176795.828617
1218,2022-12-16,0.3781,0.3798,0.3437,0.3509,75193853.02,27372485.316598
1217,2022-12-17,0.3509,0.3572,0.3465,0.3545,51795519.42,18264827.210596
1216,2022-12-18,0.3545,0.3554,0.3472,0.3499,27572221.54,9691403.813842
1215,2022-12-19,0.3499,0.353,0.3318,0.3388,69558418.07,23724472.621726
1214,2022-12-20,0.3388,0.353,0.3359,0.3482,62685494.63,21544570.517449
1213,2022-12-21,0.3482,0.3504,0.3374,0.3449,46878398.28,16085796.945118
1212,2022-12-22,0.3449,0.3501,0.3414,0.3491,39989839.44,13794515.919066
1211,2022-12-23,0.3491,0.3549,0.347,0.3543,35074403.58,12291794.047014
1210,2022-12-24,0.3543,0.3543,0.3509,0.3519,18234361.61,6420501.86171
1209,2022-12-25,0.3519,0.3519,0.3438,0.3458,28279262.25,9820284.167524
1208,2022-12-26,0.3458,0.3697,0.3456,0.3656,49665419.69,17737761.504163
1207,2022-12-27,0.3656,0.373,0.3586,0.3675,57889070.18,21267412.431899
1206,2022-12-28,0.3675,0.3687,0.3547,0.3558,54970105.02,19773120.097238
1205,2022-12-29,0.3558,0.3579,0.3368,0.342,51180384.91,17680192.33459
1204,2022-12-30,0.342,0.3461,0.3336,0.345,57982556.31,19683293.568664
1203,2022-12-31,0.345,0.3454,0.3387,0.3391,36448727.49,12479751.666214
1202,2023-01-01,0.3391,0.3399,0.3353,0.3386,25645419.78,8666448.580964
1201,2023-01-02,0.3386,0.3554,0.2979,0.3481,143858629.38,48591831.941473
1200,2023-01-03,0.3481,0.352,0.3407,0.3436,61661823.41,21285545.044464
1199,2023-01-04,0.3436,0.3523,0.342,0.3471,42398786.13,14737922.568587
1198,2023-01-05,0.3471,0.3486,0.3334,0.3379,36877444.61,12617623.531548
1197,2023-01-06,0.3379,0.3459,0.3312,0.3442,33291815.46,11221910.888722
1196,2023-01-07,0.3442,0.3456,0.3413,0.3441,18433610.59,6328661.599664
1195,2023-01-08,0.3441,0.3468,0.3352,0.3449,26215467.8,8935664.262348
1194,2023-01-09,0.3449,0.3575,0.3437,0.3489,53497214.6,18782816.445512
1193,2023-01-10,0.3489,0.3538,0.3434,0.3507,34155476.41,11925531.568808
1192,2023-01-11,0.3507,0.3783,0.3478,0.3727,55443885.33,20235399.991614
1191,2023-01-12,0.3727,0.3813,0.3592,0.3748,67614602.14,25167578.957544
1190,2023-01-13,0.3748,0.3866,0.3683,0.3856,53381077.83,20095333.534727
1189,2023-01-14,0.3856,0.409,0.3762,0.3952,101977164.25,40343361.145595
1188,2023-01-15,0.3952,0.3968,0.3799,0.3847,46681011.63,18034010.435818
1187,2023-01-16,0.3847,0.4062,0.3773,0.3855,59923098.14,23327324.215807
1186,2023-01-17,0.3855,0.3985,0.3789,0.387,41005755.02,15879667.964775
1185,2023-01-18,0.387,0.396,0.3665,0.3781,60336907.05,23130263.814119
1184,2023-01-19,0.3781,0.3965,0.3762,0.3927,39134654.23,15146043.575032
1183,2023-01-20,0.3927,0.4138,0.386,0.4129,39044360.58,15545770.691539
1182,2023-01-21,0.4129,0.4164,0.3961,0.4032,56523096.99,23130792.856735
1181,2023-01-22,0.4032,0.4121,0.3961,0.4005,36285776.33,14656359.671607
1180,2023-01-23,0.4005,0.433,0.3996,0.4233,58767070.43,24698247.646177
1179,2023-01-24,0.4233,0.431,0.4019,0.4079,40761933.8,17105917.630581
1178,2023-01-25,0.4079,0.4241,0.3969,0.4167,39130608.71,15980809.433549
1177,2023-01-26,0.4167,0.4177,0.4053,0.4093,34863149.07,14347187.737711
1176,2023-01-27,0.4093,0.4134,0.3987,0.4127,30491418.54,12398597.95044
1175,2023-01-28,0.4127,0.4166,0.4055,0.4077,20066418.59,8234201.729845
1174,2023-01-29,0.4077,0.4171,0.4065,0.4133,23536423.75,9697686.774796
1173,2023-01-30,0.4133,0.4221,0.3855,0.3934,43906642.28,17630672.752538
1172,2023-01-31,0.3934,0.4112,0.388,0.4057,34087106.72,13576883.634384
1171,2023-02-01,0.4057,0.4154,0.3965,0.4132,41464875.44,16752808.174668
1170,2023-02-02,0.4132,0.419,0.4081,0.4099,36079026.31,14912061.523797
1169,2023-02-03,0.4099,0.4135,0.4054,0.4114,27203234.88,11151909.194168
1168,2023-02-04,0.4114,0.4203,0.4074,0.4107,20221347.83,8314659.722644
1167,2023-02-05,0.4107,0.4118,0.3946,0.3987,33229350.06,13395882.761135
1166,2023-02-06,0.3987,0.4035,0.3909,0.3922,28577579.06,11382805.976535
1165,2023-02-07,0.3922,0.4047,0.3902,0.4034,29716296.08,11764078.106254
1164,2023-02-08,0.4034,0.4059,0.3936,0.3977,26248471.22,10492576.07583
1163,2023-02-09,0.3977,0.409,0.3724,0.3818,62465867.97,24446597.120289
1162,2023-02-10,0.3818,0.3877,0.3772,0.3819,33536598.4,12855065.402265
1161,2023-02-11,0.3819,0.3841,0.3797,0.3835,17591031.24,6721247.127951
1160,2023-02-12,0.3835,0.3849,0.3717,0.3748,18383819.53,6993465.499825
1159,2023-02-13,0.3748,0.3784,0.3614,0.3703,37263040.04,13746300.748928
1158,2023-02-14,0.3703,0.3838,0.3646,0.382,37613878.76,13962535.348739
1157,2023-02-15,0.382,0.4025,0.3765,0.4012,35901118.16,13942027.961259
1156,2023-02-16,0.4012,0.4048,0.3841,0.3841,46043379.88,18316948.211821
1155,2023-02-17,0.3841,0.3999,0.381,0.3949,35905175.49,13992467.497012
1154,2023-02-18,0.3949,0.3974,0.3912,0.3941,22428394.47,8839758.217824
1153,2023-02-19,0.3941,0.398,0.3845,0.3863,31507513.55,12348967.121975
1152,2023-02-20,0.3863,0.4089,0.3771,0.3985,45879414.9,18109219.747443
1151,2023-02-21,0.3985,0.4025,0.3873,0.3918,35070203.06,13795309.87962
1150,2023-02-22,0.3918,0.3975,0.3826,0.3953,38458805.59,14985347.090623
1149,2023-02-23,0.3953,0.3978,0.3855,0.3882,25596468.06,10035170.261597
1148,2023-02-24,0.3882,0.3907,0.3724,0.3784,39017090.61,14904573.826096
1147,2023-02-25,0.3784,0.3794,0.3693,0.3778,24458224.38,9205119.448704
1146,2023-02-26,0.3778,0.3807,0.3746,0.378,15235004.09,5748862.664802
1145,2023-02-27,0.378,0.38,0.3709,0.3786,26937772.12,10123083.283077
1144,2023-02-28,0.3786,0.3825,0.372,0.3761,30733448.01,11577180.137496
1143,2023-03-01,0.3761,0.3847,0.3728,0.3836,33435320.82,12705416.054
1142,2023-03-02,0.3836,0.3845,0.3737,0.3772,32067852.6,12123325.763853
1141,2023-03-03,0.3772,0.3804,0.3518,0.3773,58236212.39,21317653.249552
1140,2023-03-04,0.3773,0.38,0.3681,0.3734,45508857.63,17062394.548409
1139,2023-03-05,0.3734,0.3775,0.3655,0.3667,31117326.3,11581151.633289
1138,2023-03-06,0.3667,0.3741,0.3591,0.3696,46316016.52,16911447.11108
1137,2023-03-07,0.3696,0.3845,0.3671,0.3801,72534205.04,27105905.434683
1136,2023-03-08,0.3801,0.402,0.3724,0.3888,91383833.37,35315437.196777
1135,2023-03-09,0.3888,0.3975,0.3638,0.3707,84351854.82,32343319.586819
1134,2023-03-10,0.3707,0.375,0.3571,0.37,85786725.09,31519048.164912
1133,2023-03-11,0.37,0.3738,0.3549,0.3638,89751068.93,32749447.530743
1132,2023-03-12,0.3638,0.3716,0.3475,0.3714,68701606.77,24680828.821246
1131,2023-03-13,0.3714,0.3797,0.356,0.3723,75607096.86,27863590.896932
1130,2023-03-14,0.3723,0.387,0.3648,0.3725,76481422.28,28615715.034535
1129,2023-03-15,0.3725,0.3755,0.356,0.359,58454355.26,21391268.804766
1128,2023-03-16,0.359,0.3669,0.3564,0.3649,43256422.81,15673085.610286
1127,2023-03-17,0.3649,0.3825,0.3621,0.3798,58240726.13,21637342.346309
1126,2023-03-18,0.3798,0.3898,0.3691,0.3738,49180421.6,18678979.108354
1125,2023-03-19,0.3738,0.4,0.3735,0.3858,56716996.84,22061424.909629
1124,2023-03-20,0.3858,0.3914,0.371,0.3733,51171623.45,19457708.585119
1123,2023-03-21,0.3733,0.4929,0.3728,0.4694,177509716.6,77575805.367086
1122,2023-03-22,0.4694,0.4749,0.4086,0.4211,161310251.78,71519577.537881
1121,2023-03-23,0.4211,0.4557,0.4115,0.4442,83876602.97,36876134.264765
1120,2023-03-24,0.4442,0.4442,0.4142,0.4259,59630295.6,25491269.486735
1119,2023-03-25,0.4259,0.4649,0.4223,0.443,74930206.08,33595901.472629
1118,2023-03-26,0.443,0.4632,0.4404,0.448,35754709.56,16153884.642476
1117,2023-03-27,0.448,0.4886,0.4427,0.4789,98867720.78,46197013.325366
1116,2023-03-28,0.4789,0.5336,0.4667,0.5143,123481201.88,61637598.689635
1115,2023-03-29,0.5143,0.585,0.5143,0.5423,146831114.12,80764262.633642
1114,2023-03-30,0.5423,0.558,0.5213,0.5321,92840631.48,49886689.071543
1113,2023-03-31,0.5321,0.5495,0.526,0.5376,64304105.84,34464999.02266
1112,2023-04-01,0.5376,0.5376,0.4972,0.5095,60202797.91,31007560.585829
1111,2023-04-02,0.5095,0.5289,0.5014,0.518,53273259.19,27564410.97737
1110,2023-04-03,0.518,0.5248,0.4816,0.4957,77184628.94,39158983.966629
1109,2023-04-04,0.4957,0.5078,0.4872,0.5026,50655605.31,25265343.240119
1108,2023-04-05,0.5026,0.5268,0.4986,0.5057,59152974.11,30170267.090131
1107,2023-04-06,0.5057,0.5098,0.4914,0.5029,45770656.76,22958197.453175
1106,2023-04-07,0.5029,0.5154,0.497,0.5127,38015866.33,19296015.074586
1105,2023-04-08,0.5127,0.5129,0.5018,0.5051,24724286.98,12569227.694497
1104,2023-04-09,0.5051,0.5092,0.4984,0.5056,21654357.34,10926551.473229
1103,2023-04-10,0.5056,0.5199,0.5001,0.5176,33033309.39,16762115.100255
1102,2023-04-11,0.5176,0.5282,0.5111,0.5165,44060049.62,22868430.94215
1101,2023-04-12,0.5165,0.5178,0.4985,0.5049,43731440.77,22099154.395194
1100,2023-04-13,0.5049,0.5153,0.5015,0.5123,37401565.15,19044720.290761
1099,2023-04-14,0.5123,0.5465,0.5111,0.5226,76264215.83,40108181.168102
1098,2023-04-15,0.5226,0.5261,0.5165,0.5193,32323210.03,16833117.859314
1097,2023-04-16,0.5193,0.5244,0.5155,0.5208,24224840.71,12591465.410596
1096,2023-04-17,0.5208,0.5209,0.5058,0.5108,39090334.24,20020258.703588
1095,2023-04-18,0.5108,0.539,0.509,0.5322,39284476.35,20399516.792302
1094,2023-04-19,0.5322,0.5373,0.4693,0.4911,87341823.35,43846606.764705
1093,2023-04-20,0.4911,0.4992,0.465,0.4752,59655050.24,28777800.278544
1092,2023-04-21,0.4752,0.479,0.4404,0.4488,64855926.12,29801963.155126
1091,2023-04-22,0.4488,0.4758,0.4455,0.472,44934152.28,20683729.376548
1090,2023-04-23,0.472,0.472,0.4522,0.4649,34128661.98,15811919.303072
1089,2023-04-24,0.4649,0.4859,0.4473,0.4608,55783615.09,25906982.221928
1088,2023-04-25,0.4608,0.4719,0.4507,0.4694,42686757.62,19637899.401632
1087,2023-04-26,0.4694,0.483,0.4324,0.4615,89219208.13,41251643.808318
1086,2023-04-27,0.4615,0.47,0.4552,0.4667,51797505.86,23964718.953873
1085,2023-04-28,0.4667,0.4831,0.4636,0.4796,44772590.4,21170571.131755
1084,2023-04-29,0.4796,0.4868,0.471,0.4779,22425985.7,10745949.526658
1083,2023-04-30,0.4779,0.4819,0.4687,0.4704,19107081.36,9096821.226078
1082,2023-05-01,0.4704,0.4725,0.4545,0.4649,37584018.77,17376214.344615
1081,2023-05-02,0.4649,0.4662,0.4576,0.4644,38028127.0,17581841.979675
1080,2023-05-03,0.4644,0.4653,0.4498,0.4631,63211173.18,28914103.077886
1079,2023-05-04,0.4631,0.4649,0.4549,0.4608,43007211.84,19785938.969461
1078,2023-05-05,0.4608,0.4706,0.4541,0.4669,55271508.61,25552094.428589
1077,2023-05-06,0.4669,0.4692,0.4514,0.4583,34071809.84,15656779.021608
1076,2023-05-07,0.4583,0.46,0.4458,0.4488,26009693.65,11860727.249546
1075,2023-05-08,0.4488,0.4512,0.4087,0.4281,90376550.21,38886293.112142
1074,2023-05-09,0.4281,0.4305,0.4204,0.4287,53665238.68,22769930.202772
1073,2023-05-10,0.4287,0.4339,0.4113,0.4302,83749390.47,35672657.382807
1072,2023-05-11,0.4302,0.4303,0.4115,0.4207,53148792.94,22427323.658984
1071,2023-05-12,0.4207,0.4442,0.4155,0.4304,73660476.67,31400681.905578
1070,2023-05-13,0.4304,0.4304,0.4227,0.4242,22226744.2,9467914.185124
1069,2023-05-14,0.4242,0.4317,0.4209,0.4253,16117000.25,6866012.137429
1068,2023-05-15,0.4253,0.4302,0.4212,0.4271,32157649.44,13710718.550878
1067,2023-05-16,0.4271,0.4428,0.4182,0.4424,37926718.35,16122752.205016
1066,2023-05-17,0.4424,0.4613,0.4373,0.4484,58380387.22,26092838.104986
1065,2023-05-18,0.4484,0.4729,0.4428,0.4597,52986186.67,24292207.50221
1064,2023-05-19,0.4597,0.4755,0.4573,0.4675,41410988.67,19269195.908213
1063,2023-05-20,0.4675,0.4722,0.4619,0.4686,20633081.26,9613998.098591
1062,2023-05-21,0.4686,0.4705,0.4551,0.4574,23134375.8,10711426.675007
1061,2023-05-22,0.4574,0.4674,0.4495,0.4616,36105539.58,16564292.034184
1060,2023-05-23,0.4616,0.4672,0.4586,0.4651,32344354.79,14950465.315094
1059,2023-05-24,0.4651,0.4651,0.4453,0.453,46472002.2,21133806.076694
1058,2023-05-25,0.453,0.4551,0.443,0.4535,36094628.88,16244017.120599
1057,2023-05-26,0.4535,0.4699,0.4524,0.4685,35966055.46,16657513.291996
1056,2023-05-27,0.4685,0.4792,0.4644,0.4715,27210050.12,12824646.316737
1055,2023-05-28,0.4715,0.4864,0.47,0.4821,19005810.85,9042306.581839
1054,2023-05-29,0.4821,0.4954,0.476,0.4944,33021883.15,15978677.676989
1053,2023-05-30,0.4944,0.5292,0.4894,0.5205,73070787.75,37140801.249878
1052,2023-05-31,0.5205,0.5278,0.5009,0.5167,50938120.64,26171129.062771
1051,2023-06-01,0.5167,0.5167,0.5015,0.5064,36137776.65,18290188.543875
1050,2023-06-02,0.5064,0.527,0.5034,0.5245,37952534.83,19590378.03067
1049,2023-06-03,0.5245,0.5336,0.5145,0.5189,25891995.52,13530413.482065
1048,2023-06-04,0.5189,0.547,0.5152,0.5358,33018722.21,17555197.395438
1047,2023-06-05,0.5358,0.5433,0.4866,0.5089,89158116.97,46127602.820963
1046,2023-06-06,0.5089,0.5326,0.4955,0.5297,53780431.66,27468403.500188
1045,2023-06-07,0.5297,0.5382,0.5069,0.5182,57444781.21,30107257.068251
1044,2023-06-08,0.5182,0.5277,0.5155,0.5237,31446381.54,16375481.894544
1043,2023-06-09,0.5237,0.5419,0.5205,0.5379,39846130.98,21157826.606525
1042,2023-06-10,0.5379,0.5386,0.4718,0.5067,103737088.8,51854626.506976
1041,2023-06-11,0.5067,0.5293,0.5023,0.5207,30995884.7,15855927.975568
1040,2023-06-12,0.5207,0.528,0.5083,0.525,42740747.31,22105660.750583
1039,2023-06-13,0.525,0.5655,0.505,0.5191,90216522.6,48100015.817512
1038,2023-06-14,0.5191,0.5204,0.4611,0.4802,66164769.52,32812094.409764
1037,2023-06-15,0.4802,0.4855,0.4669,0.4803,43418670.72,20738440.542213
1036,2023-06-16,0.4803,0.4831,0.4554,0.4757,46201901.9,21731188.358691
1035,2023-06-17,0.4757,0.4868,0.4696,0.4795,30414552.83,14554087.947109
1034,2023-06-18,0.4795,0.4975,0.4739,0.4869,31824203.13,15492570.087357
1033,2023-06-19,0.4869,0.4982,0.4814,0.4935,38678251.27,18966316.496595
1032,2023-06-20,0.4935,0.4965,0.4714,0.4927,44828358.77,21767989.528795
1031,2023-06-21,0.4927,0.5034,0.4894,0.5,61220736.79,30417191.611264
1030,2023-06-22,0.5,0.5272,0.482,0.4937,66413900.65,33458795.410668
1029,2023-06-23,0.4937,0.5022,0.4841,0.496,52572507.03,26030162.845061
1028,2023-06-24,0.496,0.496,0.4772,0.4864,28760123.04,14067817.962706
1027,2023-06-25,0.4864,0.4976,0.483,0.4902,29965254.56,14680045.187909
1026,2023-06-26,0.4902,0.4918,0.4702,0.479,49117098.62,23642913.332254
1025,2023-06-27,0.479,0.4853,0.4754,0.4837,39633495.46,19035342.829013
1024,2023-06-28,0.4837,0.4842,0.4468,0.4648,49915394.58,23469463.667324
1023,2023-06-29,0.4648,0.4771,0.4612,0.4746,35040185.69,16439067.750774
1022,2023-06-30,0.4746,0.4825,0.4494,0.4729,67185241.27,31753970.511959
1021,2023-07-01,0.4729,0.476,0.4641,0.4732,28613332.82,13456824.076645
1020,2023-07-02,0.4732,0.4961,0.4698,0.4844,47144169.43,22792911.123736
1019,2023-07-03,0.4844,0.4913,0.4784,0.4891,50237164.88,24288505.640946
1018,2023-07-04,0.4891,0.4933,0.4816,0.487,36470675.82,17771514.904309
1017,2023-07-05,0.487,0.4917,0.4695,0.4778,61881424.19,29713744.20728
1016,2023-07-06,0.4778,0.4839,0.4613,0.4621,48079601.59,22741764.534918
1015,2023-07-07,0.4621,0.4706,0.4576,0.4686,28972148.35,13500033.563405
1014,2023-07-08,0.4686,0.4747,0.465,0.4704,16703342.27,7826857.022369
1013,2023-07-09,0.4704,0.4718,0.4665,0.4681,13234169.89,6212189.890175
1012,2023-07-10,0.4681,0.48,0.4622,0.4778,35845940.1,16845357.037646
1011,2023-07-11,0.4778,0.4783,0.4711,0.4753,26980851.96,12804731.898771
1010,2023-07-12,0.4753,0.4772,0.4648,0.471,37579209.16,17761064.500293
1009,2023-07-13,0.471,0.9447,0.4694,0.8154,444081902.38,305082350.946037
1008,2023-07-14,0.8154,0.8253,0.668,0.7178,275910926.38,209674890.980373
1007,2023-07-15,0.7178,0.7359,0.6919,0.7145,116217891.82,83400314.170042
1006,2023-07-16,0.7145,0.7899,0.7006,0.747,120788880.06,90449223.887055
1005,2023-07-17,0.747,0.766,0.7125,0.7375,73064200.06,54021196.868535
1004,2023-07-18,0.7375,0.7844,0.7309,0.778,80110569.44,60378334.483235
1003,2023-07-19,0.778,0.8538,0.7697,0.8197,88038031.37,70978236.913078
1002,2023-07-20,0.8197,0.8488,0.7714,0.7943,55789608.02,45177789.849567
1001,2023-07-21,0.7943,0.7986,0.7603,0.7713,35234898.78,27521069.701951
1000,2023-07-22,0.7713,0.78,0.7208,0.7328,35269896.57,26757409.284651
999,2023-07-23,0.7328,0.7521,0.7151,0.7385,30546459.22,22549714.043622
998,2023-07-24,0.7385,0.7426,0.6794,0.7021,55012687.63,38782289.064944
997,2023-07-25,0.7021,0.716,0.6745,0.7091,36089884.87,25123751.007939
996,2023-07-26,0.7091,0.7315,0.6929,0.7161,39831795.79,28211037.926972
995,2023-07-27,0.7161,0.7325,0.7068,0.7137,27171058.91,19459338.055486
994,2023-07-28,0.7137,0.7188,0.702,0.712,19784081.36,14071319.599274
993,2023-07-29,0.712,0.7156,0.7042,0.7122,11547359.89,8205861.265597
992,2023-07-30,0.7122,0.736,0.6831,0.7047,30864886.19,21943808.615048
991,2023-07-31,0.7047,0.7205,0.6848,0.6976,34654122.77,24357673.214303
990,2023-08-01,0.6976,0.708,0.673,0.7072,33322567.99,23010303.164184
989,2023-08-02,0.7072,0.7083,0.6763,0.6849,28683454.67,19829694.156872
988,2023-08-03,0.6849,0.6874,0.6545,0.6628,32838843.32,21979194.181325
987,2023-08-04,0.6628,0.6675,0.6242,0.6357,35170375.74,22849888.891893
986,2023-08-05,0.6357,0.6358,0.6107,0.6288,30201040.54,18839974.202057
985,2023-08-06,0.6288,0.6389,0.6215,0.624,19999284.6,12609567.629631
984,2023-08-07,0.624,0.6298,0.597,0.6237,42246863.58,25989402.877782
983,2023-08-08,0.6237,0.6483,0.6142,0.6418,28707903.19,18030081.414954
982,2023-08-09,0.6418,0.6662,0.6315,0.6433,48998294.41,31780825.203091
981,2023-08-10,0.6433,0.6443,0.6242,0.6332,21704049.78,13736170.612599
980,2023-08-11,0.6332,0.6411,0.6257,0.6317,15821706.82,10005343.386065
979,2023-08-12,0.6317,0.6332,0.6224,0.6275,9567458.42,6018390.229214
978,2023-08-13,0.6275,0.6387,0.6236,0.6258,12496777.95,7868533.971926
977,2023-08-14,0.6258,0.6368,0.6241,0.6342,16362751.42,10295332.812368
976,2023-08-15,0.6342,0.6345,0.578,0.6103,49288533.67,30070199.726811
975,2023-08-16,0.6103,0.6168,0.5718,0.5889,68761067.08,40917354.275979
974,2023-08-17,0.5889,0.5946,0.41,0.5063,155106385.74,81304668.185601
973,2023-08-18,0.5063,0.5229,0.483,0.5061,120307006.25,60459898.328234
972,2023-08-19,0.5061,0.5247,0.5009,0.52,46545464.32,23806731.914286
971,2023-08-20,0.52,0.5582,0.5161,0.5386,53281361.42,28557545.739641
970,2023-08-21,0.5386,0.5397,0.5029,0.5244,46704862.15,24417701.962419
969,2023-08-22,0.5244,0.5256,0.503,0.521,35744424.04,18444751.416133
968,2023-08-23,0.521,0.5369,0.5157,0.53,36892413.14,19315911.044611
967,2023-08-24,0.53,0.5319,0.511,0.5186,25684876.98,13413114.927643
966,2023-08-25,0.5186,0.5318,0.5079,0.5257,46768013.27,24240535.889289
965,2023-08-26,0.5257,0.5282,0.5179,0.5231,13774675.54,7208278.746444
964,2023-08-27,0.5231,0.5305,0.5178,0.5237,19169833.26,10078201.221511
963,2023-08-28,0.5237,0.5248,0.5103,0.5232,24286767.05,12591181.340031
962,2023-08-29,0.5232,0.55,0.5127,0.54,57808663.19,30771479.84918
961,2023-08-30,0.54,0.5404,0.5216,0.5284,34781611.67,18414623.772853
960,2023-08-31,0.5284,0.5286,0.4956,0.5109,45092881.42,23243190.082387
959,2023-09-01,0.5109,0.5118,0.4864,0.4979,36614514.69,18326046.353877
958,2023-09-02,0.4979,0.5027,0.4943,0.4988,19424556.57,9660644.727402
957,2023-09-03,0.4988,0.5106,0.4971,0.5048,20393267.14,10269960.479764
956,2023-09-04,0.5048,0.5128,0.4966,0.5086,24272746.11,12270034.124383
955,2023-09-05,0.5086,0.5088,0.4991,0.5053,17006517.75,8565424.729152
954,2023-09-06,0.5053,0.5059,0.4911,0.5033,33988541.73,17005437.305788
953,2023-09-07,0.5033,0.5068,0.4966,0.5051,20698193.46,10370186.516765
952,2023-09-08,0.5051,0.5075,0.494,0.5049,23024968.65,11557093.993754
951,2023-09-09,0.5049,0.5049,0.5015,0.5038,8838470.76,4447331.017562
950,2023-09-10,0.5038,0.5038,0.4924,0.4969,18572714.96,9252367.826216
949,2023-09-11,0.4969,0.4982,0.4591,0.4743,69216932.69,32945140.699788
948,2023-09-12,0.4743,0.4868,0.47,0.4801,47490312.44,22728287.588446
947,2023-09-13,0.4801,0.4896,0.4726,0.483,41486519.96,19908713.913104
946,2023-09-14,0.483,0.494,0.48,0.4892,28970128.79,14057199.265398
945,2023-09-15,0.4892,0.5084,0.4875,0.5004,43641690.66,21678178.436611
944,2023-09-16,0.5004,0.5033,0.4967,0.4996,25187482.69,12605029.531169
943,2023-09-17,0.4996,0.5003,0.4893,0.4926,19797005.21,9807465.151999
942,2023-09-18,0.4926,0.5077,0.4868,0.5029,32124898.62,16028160.505058
941,2023-09-19,0.5029,0.5165,0.5005,0.5137,36552075.75,18619117.663339
940,2023-09-20,0.5137,0.5254,0.5067,0.5211,51584427.66,26639968.134103
939,2023-09-21,0.5211,0.5214,0.5,0.5071,42545607.73,21656337.763224
938,2023-09-22,0.5071,0.5168,0.5036,0.5122,30952990.3,15815731.707771
937,2023-09-23,0.5122,0.5136,0.5056,0.5075,15742005.55,8039600.565647
936,2023-09-24,0.5075,0.5115,0.4982,0.5021,18668510.59,9464394.588305
935,2023-09-25,0.5021,0.507,0.4913,0.5055,41095301.25,20501909.381865
934,2023-09-26,0.5055,0.5073,0.496,0.5018,31367476.16,15750913.65919
933,2023-09-27,0.5018,0.5071,0.497,0.4993,39428423.17,19779174.677209
932,2023-09-28,0.4993,0.51,0.4953,0.5096,36967524.81,18556537.200731
931,2023-09-29,0.5096,0.5495,0.5062,0.5214,125044759.88,66141152.39775
930,2023-09-30,0.5214,0.5216,0.5134,0.5149,30562028.85,15795491.999341
929,2023-10-01,0.5149,0.5259,0.5137,0.524,29103266.21,15122490.724227
928,2023-10-02,0.524,0.5265,0.5048,0.5121,55971484.99,28990668.012151
927,2023-10-03,0.5121,0.5478,0.5056,0.539,77695528.99,40662366.753984
926,2023-10-04,0.539,0.5425,0.5191,0.5327,106536356.84,56665101.0021
925,2023-10-05,0.5327,0.5328,0.5156,0.5226,39769151.38,20839825.785985
924,2023-10-06,0.5226,0.5296,0.517,0.5254,28335935.51,14812267.697163
923,2023-10-07,0.5254,0.5257,0.5196,0.5217,12918363.02,6750104.00199
922,2023-10-08,0.5217,0.5235,0.5154,0.5174,15345775.47,7972786.856397
921,2023-10-09,0.5174,0.52,0.4862,0.5027,51753181.3,26008380.070323
920,2023-10-10,0.5027,0.5027,0.4918,0.4966,27457050.92,13660867.81339
919,2023-10-11,0.4966,0.4977,0.4788,0.4888,47866078.86,23297347.097637
918,2023-10-12,0.4888,0.4888,0.4729,0.4829,43875375.38,21067347.374519
917,2023-10-13,0.4829,0.4905,0.4788,0.485,29801154.86,14400149.636051
916,2023-10-14,0.485,0.4883,0.4834,0.4866,16616952.06,8069779.636448
915,2023-10-15,0.4866,0.4901,0.485,0.4873,17816775.95,8677646.496968
914,2023-10-16,0.4873,0.5113,0.4847,0.4977,63455309.56,31481724.890335
913,2023-10-17,0.4977,0.4979,0.484,0.4911,34771981.93,17058527.895742
912,2023-10-18,0.4911,0.4924,0.4851,0.4879,41136036.71,20135135.230348
911,2023-10-19,0.4879,0.5244,0.477,0.5198,101008289.4,50459190.100191
910,2023-10-20,0.5198,0.531,0.5086,0.5148,83053309.48,43065248.994116
909,2023-10-21,0.5148,0.5329,0.5109,0.5209,47064305.76,24504936.083479
908,2023-10-22,0.5209,0.5243,0.5117,0.5226,30169924.83,15662705.054288
907,2023-10-23,0.5226,0.5533,0.52,0.5473,103927091.36,55491957.083864
906,2023-10-24,0.5473,0.5867,0.5337,0.5587,198738261.46,111244635.616401
905,2023-10-25,0.5587,0.5646,0.5404,0.5552,70005736.35,38776170.520956
904,2023-10-26,0.5552,0.5696,0.5424,0.5534,66152808.65,36713728.058964
903,2023-10-27,0.5534,0.5586,0.5326,0.5429,57620689.61,31569850.008186
902,2023-10-28,0.5429,0.5502,0.5406,0.5445,22060955.54,12025031.230768
901,2023-10-29,0.5445,0.5614,0.5407,0.5558,29556339.18,16336594.779413
900,2023-10-30,0.5558,0.5844,0.5496,0.5781,83347883.29,47596635.731876
899,2023-10-31,0.5781,0.6227,0.5627,0.5995,135201487.27,80514619.911612
898,2023-11-01,0.5995,0.6165,0.5803,0.6085,98573563.01,59244442.133881
897,2023-11-02,0.6085,0.6262,0.5864,0.6053,88469257.36,53891248.945278
896,2023-11-03,0.6053,0.6149,0.5914,0.6122,56763862.49,34263802.49265
895,2023-11-04,0.6122,0.6181,0.6085,0.615,26845571.68,16453715.977459
894,2023-11-05,0.615,0.6629,0.6139,0.6606,110259024.26,70617338.549299
893,2023-11-06,0.6606,0.7331,0.6585,0.7146,194278147.35,136143632.926212
892,2023-11-07,0.7146,0.7153,0.6472,0.685,152341129.08,104099217.077452
891,2023-11-08,0.685,0.6996,0.6726,0.6872,79150090.85,54372712.514858
890,2023-11-09,0.6872,0.7072,0.6027,0.6666,197733756.55,133105678.665481
889,2023-11-10,0.6666,0.671,0.6355,0.6592,91039340.36,59736069.214397
888,2023-11-11,0.6592,0.6879,0.6399,0.6626,99164277.74,66042250.592799
887,2023-11-12,0.6626,0.6708,0.6457,0.6614,45552132.33,30145947.606157
886,2023-11-13,0.6614,0.7509,0.6395,0.6699,253205004.65,173356746.268581
885,2023-11-14,0.6699,0.6724,0.5876,0.6293,150787559.72,96595589.117845
884,2023-11-15,0.6293,0.6506,0.6252,0.648,73224435.89,46588902.113741
883,2023-11-16,0.648,0.6531,0.6029,0.6116,116695653.09,73290775.210915
882,2023-11-17,0.6116,0.6242,0.5856,0.6132,95842884.89,58095200.891478
881,2023-11-18,0.6132,0.6143,0.589,0.6106,45353102.08,27426543.238744
880,2023-11-19,0.6106,0.6285,0.6012,0.6259,62489058.43,38562920.872647
879,2023-11-20,0.6259,0.6283,0.606,0.6122,67459954.61,41763752.537836
878,2023-11-21,0.6122,0.6176,0.5727,0.5785,127416307.26,76426194.875304
877,2023-11-22,0.5785,0.6161,0.5774,0.611,88471997.0,52842081.121038
876,2023-11-23,0.611,0.6238,0.6061,0.6208,82782086.43,50919137.301539
875,2023-11-24,0.6208,0.6258,0.6154,0.6211,59005375.15,36641094.266091
874,2023-11-25,0.6211,0.6237,0.6156,0.6227,28994226.23,17978289.389862
873,2023-11-26,0.6227,0.6375,0.6061,0.6158,82970009.89,51623346.07915
872,2023-11-27,0.6158,0.617,0.5938,0.6038,66221751.95,40040282.726751
871,2023-11-28,0.6038,0.6139,0.5957,0.6105,51139135.39,30960431.187414
870,2023-11-29,0.6105,0.618,0.604,0.6092,63923140.93,39023432.193624
869,2023-11-30,0.6092,0.6097,0.5978,0.6063,56776818.81,34290500.975703
868,2023-12-01,0.6063,0.6143,0.6031,0.6126,53016274.0,32330955.77273
867,2023-12-02,0.6126,0.625,0.611,0.6206,37195221.02,22912667.142187
866,2023-12-03,0.6206,0.6341,0.6168,0.623,75825870.45,47309875.518487
865,2023-12-04,0.623,0.6439,0.573,0.6245,163680890.66,101559631.626854
864,2023-12-05,0.6245,0.6304,0.6075,0.621,90940189.84,56144575.765863
863,2023-12-06,0.621,0.6436,0.6099,0.6398,180325573.18,113113235.684669
862,2023-12-07,0.6398,0.6545,0.621,0.6432,159547467.68,101999652.959602
861,2023-12-08,0.6432,0.6757,0.6376,0.6721,126247577.19,82844971.827206
860,2023-12-09,0.6721,0.7004,0.6517,0.6586,212802283.89,144475964.845037
859,2023-12-10,0.6586,0.6712,0.6471,0.6617,96137010.05,63559002.586155
858,2023-12-11,0.6617,0.6627,0.5812,0.6188,203016691.21,126092521.901301
857,2023-12-12,0.6188,0.6263,0.6067,0.6192,95141551.49,58947646.658992
856,2023-12-13,0.6192,0.635,0.5932,0.6275,125277804.09,76560399.187946
855,2023-12-14,0.6275,0.6379,0.602,0.6316,97845998.95,61215911.491123
854,2023-12-15,0.6316,0.6441,0.6121,0.6155,88570194.08,55643537.350983
853,2023-12-16,0.6155,0.6257,0.6102,0.6205,46236470.11,28684040.688852
852,2023-12-17,0.6205,0.6236,0.6083,0.6102,54419246.72,33623246.724164
851,2023-12-18,0.6102,0.6144,0.579,0.6125,113270783.08,67669400.959414
850,2023-12-19,0.6125,0.6168,0.5969,0.6047,72720580.9,44224289.666351
849,2023-12-20,0.6047,0.6263,0.6011,0.617,113623545.75,69844179.310857
848,2023-12-21,0.617,0.6248,0.61,0.624,82320733.82,50776867.167775
847,2023-12-22,0.624,0.6318,0.6153,0.6243,124949754.61,77639409.46489
846,2023-12-23,0.6243,0.6247,0.6105,0.6194,51733795.09,31928270.652372
845,2023-12-24,0.6194,0.6295,0.6031,0.6123,110959502.01,68491947.787483
844,2023-12-25,0.6123,0.6488,0.6083,0.6461,185229140.92,117529813.918046
843,2023-12-26,0.6461,0.6466,0.597,0.6219,194575974.05,120891432.115464
842,2023-12-27,0.6219,0.6422,0.6128,0.6342,134675725.28,84512208.737493
841,2023-12-28,0.6342,0.658,0.6244,0.6345,191314206.04,122186614.233075
840,2023-12-29,0.6345,0.6364,0.6116,0.6228,120320343.83,75340107.08704
839,2023-12-30,0.6228,0.6297,0.6158,0.6207,45277990.94,28187145.715182
838,2023-12-31,0.6207,0.6284,0.6053,0.6156,45747867.94,28374238.104668
837,2024-01-01,0.6156,0.6309,0.6085,0.6294,44374880.77,27452180.041368
836,2024-01-02,0.6294,0.6406,0.6212,0.6243,80148613.94,50512052.438179
835,2024-01-03,0.6243,0.6394,0.4738,0.5823,389336654.92,225883277.365186
834,2024-01-04,0.5823,0.5939,0.5695,0.5867,102445459.14,59507389.204969
833,2024-01-05,0.5867,0.5886,0.5528,0.5757,136194849.04,77608032.921867
832,2024-01-06,0.5757,0.5757,0.5568,0.568,52781103.39,29898066.131734
831,2024-01-07,0.568,0.573,0.5458,0.5514,61656902.23,34633389.468004
830,2024-01-08,0.5514,0.5821,0.5444,0.5774,209316835.24,118763864.546057
829,2024-01-09,0.5774,0.5795,0.552,0.5669,215038932.56,122266657.179447
828,2024-01-10,0.5669,0.6147,0.5481,0.6007,235867105.68,135221587.613648
827,2024-01-11,0.6007,0.624,0.5854,0.6019,187672426.84,113345792.466505
826,2024-01-12,0.6019,0.6036,0.5507,0.5698,139613698.36,81699689.739371
825,2024-01-13,0.5698,0.5775,0.563,0.5747,45758781.44,26213026.738749
824,2024-01-14,0.5747,0.5931,0.5718,0.5763,56672391.52,32848985.390491
823,2024-01-15,0.5763,0.5896,0.5688,0.5756,58693669.56,33993328.836933
822,2024-01-16,0.5756,0.5798,0.566,0.5758,55743515.5,32049788.143613
821,2024-01-17,0.5758,0.5764,0.5613,0.5685,72688703.58,41476364.341943
820,2024-01-18,0.5685,0.5691,0.5426,0.552,77762128.11,43397790.98456
819,2024-01-19,0.552,0.5537,0.5215,0.5442,118773752.83,64221411.684076
818,2024-01-20,0.5442,0.555,0.5391,0.5534,77098446.62,42221879.797745
817,2024-01-21,0.5534,0.5552,0.5454,0.5464,32134788.47,17737256.10943
816,2024-01-22,0.5464,0.5497,0.5175,0.5275,86258802.72,45967732.488037
815,2024-01-23,0.5275,0.5317,0.4963,0.5181,127590152.26,65358943.855847
814,2024-01-24,0.5181,0.5194,0.5111,0.5182,66643916.55,34331720.17451
813,2024-01-25,0.5182,0.5183,0.5038,0.5137,43482814.03,22247982.683509
812,2024-01-26,0.5137,0.5368,0.5084,0.5321,82593526.85,43126286.975525
811,2024-01-27,0.5321,0.5348,0.5262,0.5304,35680241.31,18927795.882279
810,2024-01-28,0.5304,0.5354,0.521,0.5242,33752599.22,17859527.430837
809,2024-01-29,0.5242,0.5399,0.5192,0.5351,50937980.05,26939839.98459
808,2024-01-30,0.5351,0.5391,0.5072,0.5107,112664829.95,58841778.738967
807,2024-01-31,0.5107,0.5145,0.4848,0.5033,120193861.72,60708920.578412
806,2024-02-01,0.5033,0.5106,0.4901,0.5059,67313919.69,33508877.581239
805,2024-02-02,0.5059,0.5143,0.4986,0.5105,68296367.01,34491792.174696
804,2024-02-03,0.5105,0.527,0.5059,0.5186,89196662.72,46255255.412244
803,2024-02-04,0.5186,0.5193,0.5002,0.5031,42611724.79,21807013.392723
802,2024-02-05,0.5031,0.5153,0.4967,0.5067,68142090.48,34504608.634413
801,2024-02-06,0.5067,0.5112,0.498,0.5051,66793725.18,33694124.765253
800,2024-02-07,0.5051,0.5156,0.4995,0.5138,88382114.13,44648848.676235
799,2024-02-08,0.5138,0.52,0.5102,0.5145,75796866.53,38978182.179891
798,2024-02-09,0.5145,0.5281,0.514,0.526,83492805.47,43531207.163999
797,2024-02-10,0.526,0.5281,0.5185,0.5238,36194248.64,18942774.04727
796,2024-02-11,0.5238,0.5361,0.5217,0.5262,56242269.5,29723410.144624
795,2024-02-12,0.5262,0.5379,0.5144,0.5315,78731194.01,41369679.037918
794,2024-02-13,0.5315,0.5338,0.5141,0.5247,81386999.08,42732148.080007
793,2024-02-14,0.5247,0.5419,0.5203,0.5377,100850167.85,53606021.909828
792,2024-02-15,0.5377,0.577,0.5369,0.5621,196318765.32,108749227.511891
791,2024-02-16,0.5621,0.5792,0.5522,0.5642,138134560.56,78252649.807575
790,2024-02-17,0.5642,0.5655,0.539,0.5496,68517924.49,37838924.770343
789,2024-02-18,0.5496,0.5625,0.5469,0.5571,52025033.55,28902781.782711
788,2024-02-19,0.5571,0.5678,0.5537,0.5627,89777395.18,50294589.940014
787,2024-02-20,0.5627,0.5752,0.5435,0.5622,220083925.43,123667751.038976
786,2024-02-21,0.5622,0.5629,0.5328,0.5492,157145773.86,85472300.463968
785,2024-02-22,0.5492,0.5521,0.5365,0.5411,123229981.93,67102356.628333
784,2024-02-23,0.5411,0.5437,0.5252,0.5342,164777316.36,88111377.06163
783,2024-02-24,0.5342,0.5479,0.5314,0.545,84197042.39,45620869.408569
782,2024-02-25,0.545,0.5486,0.5419,0.5426,57300101.91,31226343.699555
781,2024-02-26,0.5426,0.5529,0.5289,0.5507,137926044.12,74722031.402882
780,2024-02-27,0.5507,0.5972,0.5477,0.586,328222395.71,186755458.642424
779,2024-02-28,0.586,0.6063,0.5238,0.5751,429995124.12,248376037.798281
778,2024-02-29,0.5751,0.6261,0.567,0.5865,515927307.02,307844366.248297
777,2024-03-01,0.5865,0.6036,0.5828,0.6012,271446650.4,160721447.33231
776,2024-03-02,0.6012,0.6517,0.5994,0.6442,534324266.92,336859201.815105
775,2024-03-03,0.6442,0.6444,0.5821,0.6268,314342578.43,195442283.867778
774,2024-03-04,0.6268,0.666,0.6143,0.6478,574908034.95,370644170.991404
773,2024-03-05,0.6478,0.6685,0.5293,0.5914,705946372.34,441600429.878364
772,2024-03-06,0.5914,0.6241,0.5755,0.6121,502829618.71,302939323.155626
771,2024-03-07,0.6121,0.6393,0.6064,0.627,362484243.94,225534364.282752
770,2024-03-08,0.627,0.6339,0.5984,0.6199,250493081.54,155464070.631704
769,2024-03-09,0.6199,0.6322,0.6158,0.6199,117169156.89,73027714.296713
768,2024-03-10,0.6199,0.6277,0.5966,0.6081,121486004.55,74771350.111452
767,2024-03-11,0.6081,0.7441,0.5812,0.7228,803452954.77,551454137.149568
766,2024-03-12,0.7228,0.7329,0.6578,0.688,489524152.37,339453196.908931
765,2024-03-13,0.688,0.7025,0.6684,0.6891,239422934.05,164756506.517153
764,2024-03-14,0.6891,0.7075,0.6379,0.6691,472112476.32,317549579.569374
763,2024-03-15,0.6691,0.6759,0.5943,0.6343,535104228.22,336973541.985399
762,2024-03-16,0.6343,0.6477,0.5924,0.603,327393501.28,202739147.222602
761,2024-03-17,0.603,0.6266,0.5864,0.6191,230459077.4,140517777.251133
760,2024-03-18,0.6191,0.6686,0.5945,0.6453,331049801.41,207756332.622625
759,2024-03-19,0.6453,0.649,0.5712,0.5845,628029053.38,377459349.781173
758,2024-03-20,0.5845,0.6187,0.5681,0.6109,320448473.17,188732286.816145
757,2024-03-21,0.6109,0.6547,0.5973,0.6405,211658100.17,132585571.1438
756,2024-03-22,0.6405,0.6454,0.5986,0.6116,194513086.88,120250532.624888
755,2024-03-23,0.6116,0.6328,0.6033,0.6167,91170032.84,56588372.03408
754,2024-03-24,0.6167,0.6358,0.6134,0.6327,98785242.94,62023919.900851
753,2024-03-25,0.6327,0.6628,0.6264,0.6404,173278396.35,111091886.905875
752,2024-03-26,0.6404,0.653,0.625,0.6319,141449531.09,90414894.98909
751,2024-03-27,0.6319,0.6348,0.6056,0.6119,202997873.75,125731757.258518
750,2024-03-28,0.6119,0.6376,0.6032,0.6244,175583309.29,109288362.161616
749,2024-03-29,0.6244,0.6455,0.6087,0.63,192364048.57,120595768.319985
748,2024-03-30,0.63,0.6372,0.6178,0.6212,87193315.83,54666902.800237
747,2024-03-31,0.6212,0.63,0.6203,0.6291,51080110.94,31973056.338212
746,2024-04-01,0.6291,0.6339,0.5946,0.6109,209762478.15,127952108.085178
745,2024-04-02,0.6109,0.6184,0.5792,0.5854,259063069.97,153855709.733725
744,2024-04-03,0.5854,0.5929,0.5665,0.5741,172343611.42,100174612.835919
743,2024-04-04,0.5741,0.617,0.5622,0.5934,278364946.87,164359872.699376
742,2024-04-05,0.5934,0.594,0.5686,0.587,162283727.38,94304993.734201
741,2024-04-06,0.587,0.5988,0.5853,0.5931,67613993.04,39952959.998353
740,2024-04-07,0.5931,0.6029,0.5895,0.5944,72130862.69,42994101.581827
739,2024-04-08,0.5944,0.6264,0.5881,0.6145,189618494.56,115622619.851925
738,2024-04-09,0.6145,0.643,0.6012,0.614,237045036.11,147245000.594596
737,2024-04-10,0.614,0.6205,0.5922,0.6172,209701517.39,127735247.005559
736,2024-04-11,0.6172,0.6215,0.603,0.6085,104802891.09,64282027.480611
735,2024-04-12,0.6085,0.6158,0.4901,0.5469,336044461.75,189705169.05583
734,2024-04-13,0.5469,0.5491,0.4105,0.4787,687550168.53,337320298.957797
733,2024-04-14,0.4787,0.5073,0.4637,0.5032,537735437.09,260396582.550126
732,2024-04-15,0.5032,0.5189,0.4811,0.4976,401535017.36,201113853.741173
731,2024-04-16,0.4976,0.502,0.4755,0.4964,236073306.66,115699529.415636
730,2024-04-17,0.4964,0.508,0.4716,0.4951,270457081.45,133039086.246508
729,2024-04-18,0.4951,0.5059,0.4855,0.5026,211256233.32,104653814.487776
728,2024-04-19,0.5026,0.5108,0.4666,0.5029,324055071.43,159910863.746734
727,2024-04-20,0.5029,0.53,0.4981,0.5288,165100411.34,85356057.916411
726,2024-04-21,0.5288,0.5368,0.5182,0.5246,114937772.81,60591149.243119
725,2024-04-22,0.5246,0.5715,0.5222,0.5559,226537701.0,123193425.471048
724,2024-04-23,0.5559,0.5576,0.5415,0.5446,169299556.44,92915645.337982
723,2024-04-24,0.5446,0.552,0.5212,0.5275,225776727.13,121536554.789048
722,2024-04-25,0.5275,0.5327,0.5136,0.5254,151408049.35,79272486.709673
721,2024-04-26,0.5254,0.536,0.5144,0.526,153688742.88,80664751.9357
720,2024-04-27,0.526,0.5265,0.507,0.518,88511439.81,45700292.460743
719,2024-04-28,0.518,0.5254,0.5086,0.5104,67739625.36,35147606.852733
718,2024-04-29,0.5104,0.5175,0.4987,0.515,133261246.47,67738987.06006
717,2024-04-30,0.515,0.5197,0.4878,0.5008,192185988.17,96306475.858091
716,2024-05-01,0.5008,0.5215,0.4783,0.5175,316283333.93,157857821.237656
715,2024-05-02,0.5175,0.5245,0.5068,0.5179,136653936.26,70482649.213349
714,2024-05-03,0.5179,0.5366,0.5146,0.5316,100226670.77,52441052.459875
713,2024-05-04,0.5316,0.5409,0.5272,0.5302,66395937.29,35398536.225062
712,2024-05-05,0.5302,0.5334,0.5241,0.5296,50483330.74,26688476.241343
711,2024-05-06,0.5296,0.5701,0.5247,0.5401,237660508.97,129802092.164743
710,2024-05-07,0.5401,0.5443,0.5216,0.5244,123119790.57,66123901.394051
709,2024-05-08,0.5244,0.5298,0.5153,0.5171,117651636.57,61467931.636602
708,2024-05-09,0.5171,0.5237,0.5086,0.521,96912196.41,50088459.811954
707,2024-05-10,0.521,0.521,0.497,0.5021,123277696.83,62672347.902509
706,2024-05-11,0.5021,0.5079,0.5005,0.506,49840241.47,25146167.895055
705,2024-05-12,0.506,0.5088,0.4957,0.4993,43723074.13,22032436.460011
704,2024-05-13,0.4993,0.512,0.4868,0.5052,147315376.65,73809269.259908
703,2024-05-14,0.5052,0.5131,0.4973,0.5003,129191526.78,65233083.817796
702,2024-05-15,0.5003,0.5195,0.4964,0.5188,119189252.02,60433507.508173
701,2024-05-16,0.5188,0.5227,0.5122,0.5157,121859114.43,63059719.845077
700,2024-05-17,0.5157,0.5292,0.5134,0.5235,97440280.69,50780457.255398
699,2024-05-18,0.5235,0.5256,0.5186,0.5212,51632399.87,26966533.549801
698,2024-05-19,0.5212,0.5273,0.5062,0.5096,65477732.81,33755274.159983
697,2024-05-20,0.5096,0.538,0.5064,0.5377,141329908.78,73809159.948299
696,2024-05-21,0.5377,0.5572,0.5319,0.5371,194604231.56,105385399.246789
695,2024-05-22,0.5371,0.5381,0.5224,0.5268,120546008.88,64134733.62865
694,2024-05-23,0.5268,0.5489,0.5018,0.5287,329206877.88,172933632.234408
693,2024-05-24,0.5287,0.5374,0.5168,0.5359,124830506.44,66045432.587929
692,2024-05-25,0.5359,0.5429,0.5326,0.5416,65002909.02,34933184.404717
691,2024-05-26,0.5416,0.542,0.5256,0.5284,45411098.8,24276529.767931
690,2024-05-27,0.5284,0.541,0.5237,0.534,87192583.26,46426089.70943
689,2024-05-28,0.534,0.5355,0.5211,0.5286,121417946.7,64151226.146563
688,2024-05-29,0.5286,0.5332,0.52,0.5239,110562075.56,58369902.342625
687,2024-05-30,0.5239,0.5283,0.5127,0.5188,114135786.82,59408061.98
686,2024-05-31,0.5188,0.526,0.511,0.5176,95087620.36,49371749.499863
685,2024-06-01,0.5176,0.522,0.5174,0.5187,31167341.34,16195308.88783
684,2024-06-02,0.5187,0.5209,0.5081,0.5136,50233746.8,25881745.540244
683,2024-06-03,0.5136,0.5231,0.5117,0.5199,73193317.68,38015669.248355
682,2024-06-04,0.5199,0.5304,0.5181,0.5257,85428848.16,44746228.770259
681,2024-06-05,0.5257,0.5326,0.5238,0.5258,71395481.27,37642844.746859
680,2024-06-06,0.5258,0.5279,0.5164,0.5215,70953422.0,37187857.546797
679,2024-06-07,0.5215,0.528,0.45,0.499,272417879.97,134101500.771232
678,2024-06-08,0.499,0.5008,0.4898,0.4927,75503652.48,37380056.948431
677,2024-06-09,0.4927,0.4993,0.4909,0.4986,36348220.86,17986578.925074
676,2024-06-10,0.4986,0.5059,0.4933,0.4968,85673396.96,42686224.740375
675,2024-06-11,0.4968,0.497,0.4705,0.4803,221955488.31,107093821.410663
674,2024-06-12,0.4803,0.498,0.4741,0.4916,155578952.06,75879505.270579
673,2024-06-13,0.4916,0.4917,0.4755,0.4768,112757601.4,54655729.311872
672,2024-06-14,0.4768,0.4813,0.459,0.4746,143616773.9,67830611.225839
671,2024-06-15,0.4746,0.5051,0.474,0.4907,95347846.37,46619338.053144
670,2024-06-16,0.4907,0.4995,0.4878,0.4891,66217778.93,32573326.28063
669,2024-06-17,0.4891,0.5213,0.484,0.5047,249802217.62,125583453.932044
668,2024-06-18,0.5047,0.5097,0.4681,0.491,289760344.55,141926967.247889
667,2024-06-19,0.491,0.4996,0.4869,0.4933,100902516.1,49770028.734649
666,2024-06-20,0.4933,0.5026,0.4881,0.4888,96621964.27,47869114.152812
665,2024-06-21,0.4888,0.4958,0.4797,0.489,119687826.65,58401108.686372
664,2024-06-22,0.489,0.4897,0.4842,0.4866,37574193.7,18295843.64245
663,2024-06-23,0.4866,0.4892,0.4743,0.4797,51614848.32,24927864.179566
662,2024-06-24,0.4797,0.4824,0.4617,0.4739,204036709.15,96477640.874865
661,2024-06-25,0.4739,0.4802,0.473,0.4757,78204195.73,37256119.07296
660,2024-06-26,0.4757,0.4781,0.4652,0.4697,108599004.5,51351798.208998
659,2024-06-27,0.4697,0.477,0.4656,0.4752,102346537.25,48177857.364923
658,2024-06-28,0.4752,0.4812,0.4691,0.4717,124018546.23,59064402.187968
657,2024-06-29,0.4717,0.4768,0.4709,0.4727,40768911.3,19350790.630715
656,2024-06-30,0.4727,0.4782,0.4701,0.4761,52819992.74,25012354.624837
655,2024-07-01,0.4761,0.485,0.4755,0.477,112312802.47,53850458.594054
654,2024-07-02,0.477,0.4889,0.4759,0.4853,108873378.24,52594412.665412
653,2024-07-03,0.4853,0.4868,0.4613,0.4671,186340978.79,88740529.939086
652,2024-07-04,0.4671,0.4696,0.4313,0.433,273279367.19,123339531.911378
651,2024-07-05,0.433,0.4335,0.3812,0.4251,460999280.72,188802525.834021
650,2024-07-06,0.4251,0.4497,0.4234,0.4488,86685288.77,37810726.241365
649,2024-07-07,0.4488,0.4492,0.4182,0.4194,88019676.74,38118023.542113
648,2024-07-08,0.4194,0.4438,0.403,0.4315,210024417.74,89388089.721903
647,2024-07-09,0.4315,0.4381,0.4269,0.4356,118834292.67,51512592.474139
646,2024-07-10,0.4356,0.4425,0.4311,0.4387,111288084.84,48634937.211131
645,2024-07-11,0.4387,0.4545,0.4363,0.4489,140151721.03,62455595.854871
644,2024-07-12,0.4489,0.478,0.4445,0.4744,190374769.87,88098998.642884
643,2024-07-13,0.4744,0.5659,0.4736,0.5259,412010517.18,214848881.560717
642,2024-07-14,0.5259,0.54,0.5136,0.5203,179616220.24,94610462.383899
641,2024-07-15,0.5203,0.5405,0.5202,0.5371,241429805.88,128204469.90357
640,2024-07-16,0.5371,0.5947,0.5323,0.5793,412761941.98,230871113.747237
639,2024-07-17,0.5793,0.638,0.5782,0.626,395162944.76,240653689.521834
638,2024-07-18,0.626,0.6367,0.5573,0.5696,282493562.28,166352385.566143
637,2024-07-19,0.5696,0.5867,0.5403,0.5732,237879580.86,133125938.962057
636,2024-07-20,0.5732,0.6048,0.5707,0.5936,77176651.37,45537218.275518
635,2024-07-21,0.5936,0.6079,0.5722,0.5984,141454174.79,83423859.458069
634,2024-07-22,0.5984,0.623,0.5855,0.6079,173166289.35,104548766.954702
633,2024-07-23,0.6079,0.6169,0.5791,0.5975,171711780.68,102657473.228798
632,2024-07-24,0.5975,0.6325,0.5915,0.618,186331746.79,114693008.696223
631,2024-07-25,0.618,0.6272,0.5844,0.5995,248133679.2,150758415.672299
630,2024-07-26,0.5995,0.6093,0.5862,0.6032,143511775.41,86024817.215773
629,2024-07-27,0.6032,0.6091,0.5833,0.596,129496397.44,77338764.364019
628,2024-07-28,0.596,0.6145,0.5912,0.6012,67063599.44,40409584.595214
627,2024-07-29,0.6012,0.6124,0.5921,0.6018,136177165.31,82296378.442741
626,2024-07-30,0.6018,0.6379,0.5954,0.6276,238355819.96,147933521.827843
625,2024-07-31,0.6276,0.659,0.6217,0.6229,239247663.94,153986850.162275
624,2024-08-01,0.6229,0.6303,0.5678,0.5965,208836887.67,125709863.445716
623,2024-08-02,0.5965,0.5968,0.5461,0.5606,248474535.22,141528261.7442
622,2024-08-03,0.5606,0.5776,0.5406,0.5558,150782899.87,84293387.189358
621,2024-08-04,0.5558,0.559,0.5135,0.5229,186429164.09,99755357.467124
620,2024-08-05,0.5229,0.5259,0.4318,0.4889,790225613.05,371776770.069473
619,2024-08-06,0.4889,0.5188,0.4878,0.506,274155546.87,139320305.159645
618,2024-08-07,0.506,0.6439,0.4923,0.6003,541480133.47,305816352.430296
617,2024-08-08,0.6003,0.6426,0.5784,0.6165,377982410.94,230602164.889285
616,2024-08-09,0.6165,0.6246,0.5677,0.5806,132749413.68,78545055.638608
615,2024-08-10,0.5806,0.6022,0.5779,0.5838,124477791.26,73578059.473738
614,2024-08-11,0.5838,0.594,0.5454,0.553,143692496.37,81850243.05077
613,2024-08-12,0.553,0.5793,0.5502,0.5682,150714059.61,85542176.629257
612,2024-08-13,0.5682,0.5835,0.5626,0.5768,162009591.59,92810159.614657
611,2024-08-14,0.5768,0.5828,0.5639,0.5687,136667023.36,78593647.096545
610,2024-08-15,0.5687,0.5741,0.5499,0.5607,132918617.19,74949050.005827
609,2024-08-16,0.5607,0.5737,0.5533,0.5637,111414465.1,62724591.005235
608,2024-08-17,0.5637,0.5714,0.5612,0.5665,46155960.88,26086751.273497
607,2024-08-18,0.5665,0.5839,0.5624,0.5631,65570148.96,37448173.596931
606,2024-08-19,0.5631,0.6091,0.56,0.5984,193780640.71,112785713.029995
605,2024-08-20,0.5984,0.6149,0.5875,0.5938,119355183.23,71871503.93919
604,2024-08-21,0.5938,0.611,0.5853,0.6002,139195898.64,83155139.078136
603,2024-08-22,0.6002,0.6043,0.5914,0.5977,107895611.59,64569111.537914
602,2024-08-23,0.5977,0.6159,0.5875,0.6108,130127651.25,78122938.405689
601,2024-08-24,0.6108,0.631,0.6038,0.6126,125219061.64,77282557.755539
600,2024-08-25,0.6126,0.6141,0.5952,0.6,77691253.97,46848787.725312
599,2024-08-26,0.6,0.6019,0.5775,0.5874,149715999.07,88399662.524194
598,2024-08-27,0.5874,0.6004,0.5523,0.5667,197029205.42,114513663.858325
597,2024-08-28,0.5667,0.5845,0.5558,0.5692,194463286.28,110951154.145161
596,2024-08-29,0.5692,0.5771,0.5573,0.5619,83907515.62,47808357.417454
595,2024-08-30,0.5619,0.5678,0.5461,0.5667,123838565.98,69253072.275109
594,2024-08-31,0.5667,0.5721,0.5624,0.5662,29849401.68,16919503.579889
593,2024-09-01,0.5662,0.5666,0.5434,0.5471,81495180.85,45174270.330109
592,2024-09-02,0.5471,0.5688,0.5442,0.5676,83409763.56,46250403.268316
591,2024-09-03,0.5676,0.5723,0.5564,0.5572,73357758.6,41482100.788032
590,2024-09-04,0.5572,0.5649,0.5324,0.5579,132173288.69,72858847.036681
589,2024-09-05,0.5579,0.5596,0.5399,0.5443,73867033.89,40595480.057296
588,2024-09-06,0.5443,0.5473,0.5024,0.5209,202538170.17,106836615.587508
587,2024-09-07,0.5209,0.5328,0.5196,0.5248,41392142.88,21797297.754711
586,2024-09-08,0.5248,0.5316,0.5209,0.5294,36744623.17,19373605.348442
585,2024-09-09,0.5294,0.543,0.5268,0.5395,78150867.79,41667890.425186
584,2024-09-10,0.5395,0.5428,0.5336,0.5407,67540748.39,36332033.323415
583,2024-09-11,0.5407,0.5412,0.523,0.5347,103249037.94,55024556.910293
582,2024-09-12,0.5347,0.5885,0.5334,0.5624,273745491.02,154216519.952518
581,2024-09-13,0.5624,0.5745,0.5556,0.5726,117253273.0,66438284.361298
580,2024-09-14,0.5726,0.5991,0.5703,0.5955,132627142.09,77631702.213854
579,2024-09-15,0.5955,0.5956,0.5684,0.5707,89666665.95,52364035.803886
578,2024-09-16,0.5707,0.5917,0.5598,0.5865,158231175.98,90848237.751005
577,2024-09-17,0.5865,0.5933,0.5789,0.5837,103777238.21,60871746.622713
576,2024-09-18,0.5837,0.5857,0.5621,0.5853,124471430.35,71558838.372832
575,2024-09-19,0.5853,0.5951,0.5811,0.5868,104641832.01,61433949.496289
574,2024-09-20,0.5868,0.5928,0.5763,0.5851,114999861.04,67214481.728744
573,2024-09-21,0.5851,0.6128,0.5799,0.5976,84192952.59,50283905.170346
572,2024-09-22,0.5976,0.6053,0.5776,0.5872,71129637.56,42106675.27515
571,2024-09-23,0.5872,0.5958,0.5787,0.5848,78314644.88,46032143.555729
570,2024-09-24,0.5848,0.5927,0.5814,0.5911,70234229.89,41199632.492548
569,2024-09-25,0.5911,0.5957,0.5825,0.5831,60431486.45,35582934.125591
568,2024-09-26,0.5831,0.5964,0.5741,0.5904,87039374.71,51133171.891742
567,2024-09-27,0.5904,0.5971,0.5826,0.5888,83507890.48,49180093.412413
566,2024-09-28,0.5888,0.626,0.5855,0.6136,214742361.92,131109288.189562
565,2024-09-29,0.6136,0.6649,0.6077,0.6411,161445441.08,102817375.808824
564,2024-09-30,0.6411,0.6547,0.6088,0.6114,191517695.33,121259978.74932
563,2024-10-01,0.6114,0.6342,0.5775,0.5968,300549584.5,183531657.829231
562,2024-10-02,0.5968,0.6068,0.5271,0.5383,251997019.28,144473163.756518
561,2024-10-03,0.5383,0.5445,0.507,0.5217,209454928.36,109941708.943853
560,2024-10-04,0.5217,0.539,0.5149,0.5339,104088477.95,54680309.730478
559,2024-10-05,0.5339,0.5352,0.5261,0.5294,42050982.88,22335214.054963
558,2024-10-06,0.5294,0.5372,0.5279,0.5335,33656595.84,17910821.887296
557,2024-10-07,0.5335,0.546,0.5279,0.5287,88662408.32,47748714.943042
556,2024-10-08,0.5287,0.5357,0.521,0.5311,66264982.35,35089452.639554
555,2024-10-09,0.5311,0.5345,0.521,0.5243,69784831.46,36973803.134252
554,2024-10-10,0.5243,0.545,0.5226,0.5305,105462977.49,56089745.395413
553,2024-10-11,0.5305,0.5418,0.5295,0.5388,61779763.73,33161497.798628
552,2024-10-12,0.5388,0.5432,0.5351,0.5394,26643325.61,14366113.025349
551,2024-10-13,0.5394,0.5395,0.5251,0.5319,33727892.84,17938953.962967
550,2024-10-14,0.5319,0.5525,0.5282,0.5483,74770309.85,40484761.498283
549,2024-10-15,0.5483,0.5555,0.5315,0.5417,100310941.73,54496852.286023
548,2024-10-16,0.5417,0.5539,0.5374,0.5481,76039798.44,41465965.728499
547,2024-10-17,0.5481,0.5667,0.5419,0.5441,112132111.1,61989789.761447
546,2024-10-18,0.5441,0.5531,0.5396,0.5466,71861424.2,39242236.827954
545,2024-10-19,0.5466,0.5498,0.5403,0.544,28986099.72,15809512.456239
544,2024-10-20,0.544,0.5487,0.5366,0.5481,38915688.54,21107384.12139
543,2024-10-21,0.5481,0.5608,0.5411,0.545,96308741.3,53005725.505024
542,2024-10-22,0.545,0.5495,0.5292,0.5338,86935023.88,46688400.453269
541,2024-10-23,0.5338,0.5341,0.5118,0.5258,84910561.64,44541977.917737
540,2024-10-24,0.5258,0.5338,0.524,0.532,71463429.86,37816530.051998
539,2024-10-25,0.532,0.5321,0.4858,0.5021,132299960.3,67983450.139388
538,2024-10-26,0.5021,0.5152,0.4989,0.5133,45616997.32,23218368.132749
537,2024-10-27,0.5133,0.5182,0.5108,0.5168,22736455.63,11697445.961645
536,2024-10-28,0.5168,0.5216,0.5114,0.5192,74721903.61,38651259.892038
535,2024-10-29,0.5192,0.5308,0.5184,0.5285,96124082.97,50479160.222469
534,2024-10-30,0.5285,0.5285,0.5194,0.5229,80286985.64,42028862.117366
533,2024-10-31,0.5229,0.5237,0.5031,0.5096,118146077.0,60716083.199919
532,2024-11-01,0.5096,0.5242,0.5027,0.513,134833477.17,69521497.062431
531,2024-11-02,0.513,0.5159,0.5063,0.5104,45019484.69,23006794.553824
530,2024-11-03,0.5104,0.5111,0.4918,0.503,131653683.69,65735402.589635
529,2024-11-04,0.503,0.5145,0.4958,0.5035,137873531.32,69837832.667632
528,2024-11-05,0.5035,0.5189,0.5019,0.514,103404535.61,52745378.59567
527,2024-11-06,0.514,0.5469,0.514,0.5418,247238147.71,131814937.388137
526,2024-11-07,0.5418,0.5784,0.5378,0.5556,135589197.89,75276263.514436
525,2024-11-08,0.5556,0.5601,0.5412,0.5535,175791198.84,96702559.975653
524,2024-11-09,0.5535,0.562,0.5438,0.5591,99520281.04,54870689.422126
523,2024-11-10,0.5591,0.6185,0.5556,0.5884,288677051.4,170662129.142839
522,2024-11-11,0.5884,0.6329,0.5702,0.6209,194548390.3,116216609.495521
521,2024-11-12,0.6209,0.7394,0.5969,0.7041,469446131.6,311602074.634138
520,2024-11-13,0.7041,0.7475,0.6403,0.6899,382581493.5,264593320.437525
519,2024-11-14,0.6899,0.847,0.6823,0.7735,464289305.77,348937346.896166
518,2024-11-15,0.7735,0.9277,0.7701,0.8919,614818579.11,521752559.939118
517,2024-11-16,0.8919,1.2673,0.8778,1.1209,687617123.46,741207329.193673
516,2024-11-17,1.1209,1.16,1.0034,1.0542,395311265.81,422923765.941596
515,2024-11-18,1.0542,1.1868,1.0542,1.1138,340243312.5,384984133.338449
514,2024-11-19,1.1138,1.1481,1.0684,1.1005,171898094.43,189512307.081108
513,2024-11-20,1.1005,1.1509,1.0557,1.1043,176106252.86,194406341.665584
512,2024-11-21,1.1043,1.2638,1.0777,1.247,272109610.38,313071929.914422
511,2024-11-22,1.247,1.5,1.2468,1.4726,418742960.75,588535903.583486
510,2024-11-23,1.4726,1.6334,1.4141,1.4688,320968789.79,490565219.283233
509,2024-11-24,1.4688,1.5132,1.2757,1.4328,282219586.6,391498167.740477
508,2024-11-25,1.4328,1.5389,1.355,1.4141,289903048.68,419431953.617035
507,2024-11-26,1.4141,1.4588,1.2838,1.3985,289838363.62,397205249.999284
506,2024-11-27,1.3985,1.5222,1.3524,1.4697,174435795.32,251478926.776883
505,2024-11-28,1.4697,1.5467,1.4302,1.5419,112344877.78,165628712.57144
504,2024-11-29,1.5419,1.815,1.5234,1.8004,252583047.58,420854070.481865
503,2024-11-30,1.8004,1.9574,1.7638,1.9513,251465898.54,470626357.019397
502,2024-12-01,1.9513,2.3503,1.8472,2.2934,261292124.51,532271314.43266
501,2024-12-02,2.2934,2.8728,2.2129,2.7232,798803005.23,2010935841.796338
500,2024-12-03,2.7232,2.9067,2.2774,2.5117,792174965.35,2034047460.425125
499,2024-12-04,2.5117,2.6811,2.28,2.3573,336391083.29,835014629.217283
498,2024-12-05,2.3573,2.4933,2.174,2.245,376093721.23,877440607.152084
497,2024-12-06,2.245,2.4632,2.2203,2.4256,172363760.72,402600019.29684
496,2024-12-07,2.4256,2.62,2.3847,2.6091,138795104.6,344589281.99954
495,2024-12-08,2.6091,2.647,2.4844,2.6014,106539053.58,273611012.737639
494,2024-12-09,2.6014,2.6075,1.9849,2.2122,317815807.62,739714274.775754
493,2024-12-10,2.2122,2.4169,1.8994,2.3703,403330769.01,871083577.046924
492,2024-12-11,2.3703,2.4713,2.2306,2.3942,186749170.03,440524833.096787
491,2024-12-12,2.3942,2.4842,2.309,2.3384,153838254.07,370398180.403749
490,2024-12-13,2.3384,2.479,2.2795,2.4217,101663146.62,242476829.195174
489,2024-12-14,2.4217,2.5314,2.3551,2.4006,86616733.56,210636870.626409
488,2024-12-15,2.4006,2.4733,2.3672,2.4472,61769875.31,149147834.689639
487,2024-12-16,2.4472,2.5872,2.3324,2.484,142790322.06,350084100.371259
486,2024-12-17,2.484,2.74,2.4395,2.5665,188373772.27,490040988.683785
485,2024-12-18,2.5665,2.5926,2.2338,2.3097,231047837.87,562363773.552276
484,2024-12-19,2.3097,2.4317,2.1592,2.2394,234668690.38,537200380.823855
483,2024-12-20,2.2394,2.3553,1.9601,2.2798,281366877.82,611004476.224612
482,2024-12-21,2.2798,2.39,2.1912,2.2383,139869290.22,317876839.149438
481,2024-12-22,2.2383,2.2943,2.1603,2.2033,109494352.66,244065482.630282
480,2024-12-23,2.2033,2.2798,2.131,2.2614,128904360.94,282948708.169793
479,2024-12-24,2.2614,2.351,2.2139,2.3239,78972200.05,180343938.984034
478,2024-12-25,2.3239,2.3333,2.2619,2.297,59139150.4,135759869.580377
477,2024-12-26,2.297,2.3164,2.1275,2.1559,106498022.51,233726623.073069
476,2024-12-27,2.1559,2.2376,2.1141,2.1463,99121147.87,215258846.370838
475,2024-12-28,2.1463,2.2082,2.1341,2.1844,40740264.72,88510453.511515
474,2024-12-29,2.1844,2.1982,2.0676,2.0941,48249658.99,103559661.967999
473,2024-12-30,2.0941,2.1523,1.9961,2.0586,116300938.64,240782773.149809
472,2024-12-31,2.0586,2.1497,2.013,2.0839,94430769.68,196579481.297375
471,2025-01-01,2.0839,2.3548,2.0813,2.3328,93388362.17,208247020.903444
470,2025-01-02,2.3328,2.4518,2.3292,2.4028,97783711.05,234409931.316632
469,2025-01-03,2.4028,2.481,2.3971,2.4543,74231459.96,181010793.929361
468,2025-01-04,2.4543,2.5099,2.4006,2.4201,48956178.72,119851186.054127
467,2025-01-05,2.4201,2.4286,2.3281,2.3994,46353036.78,110237658.384044
466,2025-01-06,2.3994,2.4586,2.3669,2.4198,49597519.16,119729335.570789
465,2025-01-07,2.4198,2.4689,2.2574,2.2707,141897304.1,333652808.138253
464,2025-01-08,2.2707,2.3986,2.2,2.3728,159161051.53,367757767.038835
463,2025-01-09,2.3728,2.3959,2.2347,2.2723,116945367.43,269898920.140054
462,2025-01-10,2.2723,2.3698,2.2459,2.3412,90711921.11,208926616.671081
461,2025-01-11,2.3412,2.6033,2.3225,2.5766,120375067.78,296487703.269454
460,2025-01-12,2.5766,2.584,2.4701,2.5046,79688377.1,200968300.281535
459,2025-01-13,2.5046,2.5641,2.3303,2.5235,187649431.42,459768024.894868
458,2025-01-14,2.5235,2.7014,2.5127,2.6676,114942914.61,298678097.525665
457,2025-01-15,2.6676,3.2,2.6497,3.1428,302571870.9,874213167.961589
456,2025-01-16,3.1428,3.402,2.9234,3.2444,355117058.94,1136413634.499588
455,2025-01-17,3.2444,3.3541,3.1752,3.2932,137818299.05,450307118.139959
454,2025-01-18,3.2932,3.2986,3.0571,3.2703,127584626.97,405333349.563591
453,2025-01-19,3.2703,3.2938,2.8279,2.9575,187658819.24,579495292.507715
452,2025-01-20,2.9575,3.3716,2.9074,3.1053,331876323.74,1047706462.221518
451,2025-01-21,3.1053,3.2404,3.0142,3.1739,137011776.38,427463354.627608
450,2025-01-22,3.1739,3.2862,3.1278,3.1801,105975621.98,338910740.526685
449,2025-01-23,3.1801,3.1846,3.0379,3.1187,135378507.29,421880207.364927
448,2025-01-24,3.1187,3.2034,3.0546,3.1009,99816344.46,313810589.651395
447,2025-01-25,3.1009,3.1443,3.0784,3.1082,51295109.08,159785718.074239
446,2025-01-26,3.1082,3.1448,3.0114,3.022,46526206.88,144377817.805257
445,2025-01-27,3.022,3.0588,2.6522,3.0546,283682767.18,818530771.178373
444,2025-01-28,3.0546,3.2148,3.0063,3.0571,132169092.51,412255096.015851
443,2025-01-29,3.0571,3.137,2.9674,3.0682,85837638.88,263557993.202631
442,2025-01-30,3.0682,3.1551,3.0466,3.1279,65667151.34,204516704.57408
441,2025-01-31,3.1279,3.1339,3.0017,3.0361,55643647.38,170928404.814895
440,2025-02-01,3.0361,3.0728,2.8278,2.8776,64094653.07,189513815.182251
439,2025-02-02,2.8776,2.9547,2.4566,2.5801,290917576.33,776071299.014536
438,2025-02-03,2.5801,2.7811,1.7653,2.7004,1208499506.13,2774170602.538488
437,2025-02-04,2.7004,2.7875,2.4203,2.5271,316702777.68,820105223.709773
436,2025-02-05,2.5271,2.5699,2.3408,2.3815,185307975.73,458107621.764654
435,2025-02-06,2.3815,2.4702,2.2765,2.3256,162167052.21,384108152.729772
434,2025-02-07,2.3256,2.5413,2.2653,2.3968,210431182.86,506933689.884397
433,2025-02-08,2.3968,2.4371,2.3506,2.4189,89403759.89,214713954.317828
432,2025-02-09,2.4189,2.5083,2.3117,2.3925,100492933.55,242749707.643614
431,2025-02-10,2.3925,2.4736,2.3238,2.4235,101702236.01,244851096.713816
430,2025-02-11,2.4235,2.529,2.3713,2.4131,117562846.62,289143362.131047
429,2025-02-12,2.4131,2.4969,2.332,2.4733,89314416.96,215010654.064882
428,2025-02-13,2.4733,2.6056,2.4151,2.5598,81587615.65,202312271.315488
427,2025-02-14,2.5598,2.8366,2.5303,2.7385,132619270.29,357878812.031991
426,2025-02-15,2.7385,2.8347,2.7136,2.7618,72353050.73,201112786.463047
425,2025-02-16,2.7618,2.8061,2.6889,2.7286,52747961.01,145058670.19012
424,2025-02-17,2.7286,2.7645,2.6075,2.6596,77210957.79,206438763.271131
423,2025-02-18,2.6596,2.67,2.4691,2.5632,103802824.17,265712510.201481
422,2025-02-19,2.5632,2.7465,2.5122,2.7376,98249317.9,256623690.192304
421,2025-02-20,2.7376,2.7488,2.6669,2.6881,77181905.05,208495427.435532
420,2025-02-21,2.6881,2.715,2.5005,2.5667,134040243.57,350075512.612262
419,2025-02-22,2.5667,2.6095,2.5459,2.5742,24252202.31,62592507.275125
418,2025-02-23,2.5742,2.6011,2.5204,2.5755,25278025.39,64736643.777828
417,2025-02-24,2.5755,2.6108,2.232,2.276,66341144.05,159372761.582752
416,2025-02-25,2.276,2.3653,2.064,2.3219,141438212.46,313494303.245366
415,2025-02-26,2.3219,2.331,2.1501,2.1977,83031267.31,186031089.547183
414,2025-02-27,2.1977,2.2578,2.1455,2.1984,56746227.05,124854026.501256
413,2025-02-28,2.1984,2.2017,1.9524,2.1459,117918960.51,243867684.245275
412,2025-03-01,2.1459,2.2197,2.1215,2.191,43795804.18,95122533.955644
411,2025-03-02,2.191,3.0082,2.174,2.9398,267824427.92,723203967.783003
410,2025-03-03,2.9398,2.9678,2.2976,2.3866,199909033.16,517284120.620791
409,2025-03-04,2.3866,2.5381,2.2114,2.4544,164070077.74,389587530.790315
408,2025-03-05,2.4544,2.54,2.4082,2.4997,63801979.62,158106402.177578
407,2025-03-06,2.4997,2.6455,2.4706,2.5998,65779572.07,169094042.155642
406,2025-03-07,2.5998,2.6213,2.3437,2.3853,139559948.88,344631971.668091
405,2025-03-08,2.3853,2.41,2.302,2.3256,56996557.39,133731598.760553
404,2025-03-09,2.3256,2.3513,2.0833,2.1388,72343439.8,159377601.196222
403,2025-03-10,2.1388,2.2607,1.9921,2.0212,103732583.64,220642490.44718
402,2025-03-11,2.0212,2.2135,1.8986,2.1712,114434570.84,236128507.506018
401,2025-03-12,2.1712,2.2769,2.1329,2.2395,91834657.78,202810980.469083
400,2025-03-13,2.2395,2.3468,2.2138,2.2524,68628370.92,155993996.925749
399,2025-03-14,2.2524,2.3893,2.237,2.3561,55334040.02,128494202.782674
398,2025-03-15,2.3561,2.4751,2.3524,2.3915,39671507.58,95725794.13087
397,2025-03-16,2.3915,2.4109,2.2682,2.2943,42418931.38,98761339.564226
396,2025-03-17,2.2943,2.3787,2.2919,2.3382,41070782.25,96126531.637793
395,2025-03-18,2.3382,2.3399,2.2227,2.2854,43334732.26,98327830.905097
394,2025-03-19,2.2854,2.5894,2.2654,2.5469,170942149.69,422084242.406935
393,2025-03-20,2.5469,2.564,2.3888,2.4364,51636490.19,127485092.304854
392,2025-03-21,2.4364,2.4671,2.3565,2.3808,39182011.63,94123404.320668
391,2025-03-22,2.3808,2.4166,2.3591,2.371,17783183.25,42472696.257966
390,2025-03-23,2.371,2.4409,2.3651,2.4385,24391044.47,58589201.012672
389,2025-03-24,2.4385,2.5032,2.4134,2.4495,40235994.88,98773360.297453
388,2025-03-25,2.4495,2.4781,2.4068,2.4492,31000519.06,75716832.922178
387,2025-03-26,2.4492,2.4798,2.328,2.3497,41566096.39,100190167.895922
386,2025-03-27,2.3497,2.3902,2.3022,2.3413,29831558.6,70136606.321988
385,2025-03-28,2.3413,2.3433,2.1536,2.2071,105748147.74,236311791.162903
384,2025-03-29,2.2071,2.2256,2.0609,2.1352,62148460.46,131789715.079554
383,2025-03-30,2.1352,2.2139,2.1073,2.1368,43767546.18,94585939.345706
382,2025-03-31,2.1368,2.1413,2.0242,2.0895,72767086.86,151983237.899752
381,2025-04-01,2.0895,2.1999,2.0649,2.1389,63848404.19,136445844.787779
380,2025-04-02,2.1389,2.2337,1.9848,2.0235,104251774.34,220028585.159988
379,2025-04-03,2.0235,2.0821,1.9603,2.064,76652495.52,155451572.453013
378,2025-04-04,2.064,2.163,2.016,2.1305,79060561.28,165545908.262085
377,2025-04-05,2.1305,2.1765,2.1139,2.1444,30460326.44,65140552.383758
376,2025-04-06,2.1444,2.1593,1.8621,1.9217,86631128.61,173241660.483962
375,2025-04-07,1.9217,2.0073,1.6129,1.8985,319758184.28,584801399.679326
374,2025-04-08,1.8985,1.9752,1.7774,1.7964,100290799.42,188976667.04226
373,2025-04-09,1.7964,2.0904,1.7218,2.0528,157153796.06,298099311.047514
372,2025-04-10,2.0528,2.0573,1.9221,1.9661,64813788.0,128752879.187902
371,2025-04-11,1.9661,2.0649,1.9475,2.0226,51502917.99,103786132.419172
370,2025-04-12,2.0226,2.1865,2.0036,2.1599,48084451.77,101624200.927545
369,2025-04-13,2.1599,2.2466,2.0814,2.1198,58550839.32,126456058.690522
368,2025-04-14,2.1198,2.1802,2.104,2.1272,50000699.33,107141641.504112
367,2025-04-15,2.1272,2.1857,2.0838,2.0841,39228934.99,83872621.311459
366,2025-04-16,2.0841,2.1311,2.0356,2.0835,43936728.24,91496424.619193
365,2025-04-17,2.0835,2.1147,2.0518,2.0676,30522406.58,63631556.095085
364,2025-04-18,2.0676,2.0896,2.0435,2.0618,20702145.31,42814598.418111
363,2025-04-19,2.0618,2.0977,2.0583,2.0876,15155037.69,31562807.072493
362,2025-04-20,2.0876,2.0942,2.0388,2.0785,19132545.7,39504810.226764
361,2025-04-21,2.0785,2.141,2.0598,2.0854,31556261.59,66467356.173982
360,2025-04-22,2.0854,2.251,2.064,2.2139,63645190.84,137318681.673916
359,2025-04-23,2.2139,2.3014,2.1902,2.2184,72819826.02,163214542.121645
358,2025-04-24,2.2184,2.2357,2.1177,2.2049,52902505.16,115600499.131012
357,2025-04-25,2.2049,2.2194,2.1636,2.1813,36022938.91,79053386.841596
356,2025-04-26,2.1813,2.2483,2.18,2.1914,30517169.56,67288199.963558
355,2025-04-27,2.1914,2.2946,2.1594,2.2523,45628818.64,101621811.568616
354,2025-04-28,2.2523,2.3616,2.2188,2.295,58562384.09,134042207.117897
353,2025-04-29,2.295,2.3148,2.2218,2.238,28959463.99,65960544.235029
352,2025-04-30,2.238,2.2589,2.1234,2.1906,47914836.9,105209286.152769
351,2025-05-01,2.1906,2.2567,2.1863,2.2124,25484679.27,56621198.803148
350,2025-05-02,2.2124,2.2411,2.1916,2.2088,22903175.0,50768854.968915
349,2025-05-03,2.2088,2.22,2.1758,2.1873,16304973.03,35857332.831827
348,2025-05-04,2.1873,2.2189,2.151,2.1564,18953206.79,41411880.915485
347,2025-05-05,2.1564,2.1997,2.1065,2.1307,26491741.11,56901723.253431
346,2025-05-06,2.1307,2.1595,2.0778,2.1547,27031486.35,57103970.91434
345,2025-05-07,2.1547,2.1717,2.104,2.1265,22946472.16,48980276.951736
344,2025-05-08,2.1265,2.33,2.1178,2.3276,78271645.64,175321109.548772
343,2025-05-09,2.3276,2.4294,2.2863,2.3439,72653263.8,171136228.019654
342,2025-05-10,2.3439,2.4769,2.3361,2.4711,41880905.77,100761821.627338
341,2025-05-11,2.4711,2.4843,2.3285,2.367,38927329.68,92817642.206395
340,2025-05-12,2.367,2.6559,2.3516,2.544,121855706.81,306708359.568909
339,2025-05-13,2.544,2.6052,2.4213,2.5829,66004633.61,166743869.855581
338,2025-05-14,2.5829,2.652,2.5193,2.5506,57045690.0,147341099.087115
337,2025-05-15,2.5506,2.5717,2.3531,2.3852,62745132.96,154598657.22127
336,2025-05-16,2.3852,2.4397,2.3469,2.3798,38275172.5,91990518.113551
335,2025-05-17,2.3798,2.3893,2.2988,2.3532,31181394.04,73097908.318632
334,2025-05-18,2.3532,2.4495,2.3316,2.4277,39950236.49,95645239.099301
333,2025-05-19,2.4277,2.4407,2.2824,2.3802,52780100.66,123411574.559923
332,2025-05-20,2.3802,2.4088,2.3144,2.3566,37424847.81,88132199.253491
331,2025-05-21,2.3566,2.4286,2.3309,2.395,50280303.2,119301967.627307
330,2025-05-22,2.395,2.4556,2.3882,2.4308,38191728.98,92430256.885128
329,2025-05-23,2.4308,2.4798,2.2837,2.2965,54528194.78,130244671.451948
328,2025-05-24,2.2965,2.3595,2.2855,2.3305,13737262.36,32073513.276262
327,2025-05-25,2.3305,2.345,2.2659,2.3417,22987971.54,52928352.178567
326,2025-05-26,2.3417,2.3586,2.296,2.3101,20729978.06,48343739.108277
325,2025-05-27,2.3101,2.3541,2.2673,2.3163,24367427.79,56401863.812914
324,2025-05-28,2.3163,2.3231,2.2238,2.2743,28977058.73,66014454.673854
323,2025-05-29,2.2743,2.3125,2.2379,2.2442,32052573.35,73132699.312708
322,2025-05-30,2.2442,2.2523,2.1284,2.1396,59714243.32,130418451.787742
321,2025-05-31,2.1396,2.2063,2.079,2.1738,42098358.52,90088227.592583
320,2025-06-01,2.1738,2.1879,2.1227,2.179,29310082.31,63181430.478029
319,2025-06-02,2.179,2.2046,2.1358,2.1965,26013740.58,56362652.313793
318,2025-06-03,2.1965,2.2817,2.1837,2.2443,38645591.01,86079317.298159
317,2025-06-04,2.2443,2.2655,2.1947,2.2011,27778495.97,62063510.838965
316,2025-06-05,2.2011,2.2267,2.0591,2.0936,61297091.16,130939702.536231
315,2025-06-06,2.0936,2.1902,2.081,2.1595,32405482.88,69685573.935047
314,2025-06-07,2.1595,2.1919,2.1478,2.1769,13775112.66,30011470.428905
313,2025-06-08,2.1769,2.2952,2.1667,2.2672,38590732.11,86780518.314702
312,2025-06-09,2.2672,2.3294,2.2225,2.3212,43588581.74,99075016.549261
311,2025-06-10,2.3212,2.3276,2.2598,2.3075,35077914.74,80451135.981532
310,2025-06-11,2.3075,2.3381,2.2526,2.2705,39377705.64,90756073.672402
309,2025-06-12,2.2705,2.2736,2.1699,2.19,30579042.56,68036412.790074
308,2025-06-13,2.19,2.1917,2.0826,2.1471,68206663.21,145091024.44393
307,2025-06-14,2.1471,2.1787,2.1093,2.1394,27376737.27,58807957.315601
306,2025-06-15,2.1394,2.176,2.1375,2.1658,21941934.33,47359970.535133
305,2025-06-16,2.1658,2.3371,2.1514,2.2378,71676317.5,162594099.482577
304,2025-06-17,2.2378,2.2569,2.142,2.159,56402378.16,124243008.046875
303,2025-06-18,2.159,2.1807,2.1181,2.1704,36004712.66,77395492.351279
302,2025-06-19,2.1704,2.1857,2.1441,2.165,21924816.66,47410316.494647
301,2025-06-20,2.165,2.18,2.0852,2.1195,33363431.03,71423948.930773
300,2025-06-21,2.1195,2.1452,1.9929,2.0636,38574801.29,80113540.459077
299,2025-06-22,2.0636,2.0894,1.9084,2.0172,81625089.11,162108534.726444
298,2025-06-23,2.0172,2.1703,1.9612,2.1582,58918367.96,120467511.229391
297,2025-06-24,2.1582,2.2167,2.1316,2.1896,45978871.21,100303801.771649
296,2025-06-25,2.1896,2.2292,2.1698,2.1856,30725808.03,67314707.239551
295,2025-06-26,2.1856,2.2132,2.0949,2.1054,38403063.68,82319133.489287
294,2025-06-27,2.1054,2.155,2.0673,2.1415,40807074.24,85612280.693733
293,2025-06-28,2.1415,2.2077,2.1336,2.1851,22988166.09,50210145.030929
292,2025-06-29,2.1851,2.2198,2.1749,2.2067,16768988.9,36799932.807686
291,2025-06-30,2.2067,2.3278,2.1643,2.2359,57701940.25,129316720.495319
290,2025-07-01,2.2359,2.2534,2.1464,2.1718,47435828.64,104339433.521296
289,2025-07-02,2.1718,2.2915,2.1571,2.2335,49604605.79,110552129.508086
288,2025-07-03,2.2335,2.314,2.2247,2.2567,48183308.36,109588256.867233
287,2025-07-04,2.2567,2.2675,2.195,2.2206,20316305.71,45239919.522242
286,2025-07-05,2.2206,2.2336,2.2014,2.2176,13057338.09,28960265.356091
285,2025-07-06,2.2176,2.2902,2.2085,2.2707,32705370.49,73967723.501615
284,2025-07-07,2.2707,2.3535,2.2555,2.2705,68176315.42,157104485.978272
283,2025-07-08,2.2705,2.3219,2.2484,2.3105,41546138.79,94949625.983499
282,2025-07-09,2.3105,2.4276,2.2973,2.4038,78955365.18,187382184.338316
281,2025-07-10,2.4038,2.5675,2.3936,2.5474,70276998.51,173653070.381963
280,2025-07-11,2.5474,2.98,2.5123,2.7325,204339254.08,558573783.86072
279,2025-07-12,2.7325,2.8476,2.6633,2.7392,67229353.13,185621929.332191
278,2025-07-13,2.7392,2.8939,2.724,2.8357,56310127.3,158514536.342342
277,2025-07-14,2.8357,3.0354,2.8208,2.958,121117494.09,357802085.081936
276,2025-07-15,2.958,2.958,2.8041,2.9195,74551036.42,215235687.9465
275,2025-07-16,2.9195,3.1007,2.8776,3.038,83381865.71,248741540.485754
274,2025-07-17,3.038,3.5551,2.9875,3.4824,159892434.88,521758874.737444
273,2025-07-18,3.4824,3.6619,3.3446,3.4135,171180334.04,597636973.416175
272,2025-07-19,3.4135,3.4846,3.3551,3.4244,49476256.74,169621098.979181
271,2025-07-20,3.4244,3.5575,3.3855,3.4536,88339633.41,308078551.115667
270,2025-07-21,3.4536,3.65,3.4075,3.5493,91439534.06,324448567.106243
269,2025-07-22,3.5493,3.5789,3.4229,3.5502,101831373.83,355756091.302109
268,2025-07-23,3.5502,3.5519,3.0485,3.184,143720209.43,473560279.859784
267,2025-07-24,3.184,3.265,2.9549,3.1445,107885394.35,339669025.474114
266,2025-07-25,3.1445,3.1614,2.9987,3.1422,75285744.61,232439592.0041
265,2025-07-26,3.1422,3.2181,3.1087,3.1661,29540080.74,93738620.668239
264,2025-07-27,3.1661,3.2516,3.1564,3.239,40805628.16,130705671.345528
263,2025-07-28,3.239,3.3303,3.1069,3.1228,63646243.19,204121677.901886
262,2025-07-29,3.1228,3.1851,3.0531,3.128,47447990.63,148447692.720791
261,2025-07-30,3.128,3.162,3.001,3.0969,55858977.36,172795958.739889
260,2025-07-31,3.0969,3.1783,3.0102,3.0218,55268767.86,171418396.591309
259,2025-08-01,3.0218,3.0588,2.8926,2.9615,108325353.2,322411094.692543
258,2025-08-02,2.9615,3.0207,2.7395,2.7694,71988646.56,206647299.272509
257,2025-08-03,2.7694,2.9619,2.7277,2.9479,51475744.39,147925626.042498
256,2025-08-04,2.9479,3.0899,2.9308,3.0712,46217166.82,139659991.894329
255,2025-08-05,3.0712,3.107,2.9162,2.9625,51970093.42,156601752.900798
254,2025-08-06,2.9625,3.0185,2.902,2.9911,36938797.03,109393844.643098
253,2025-08-07,2.9911,3.3335,2.9642,3.3194,78142961.82,244425881.549793
252,2025-08-08,3.3194,3.3824,3.2053,3.2859,108147346.74,358124159.910839
251,2025-08-09,3.2859,3.3479,3.2081,3.2256,46948119.91,154673616.347192
250,2025-08-10,3.2256,3.279,3.1527,3.1871,37322847.45,119688853.108903
249,2025-08-11,3.1871,3.3342,3.1175,3.1294,72519059.85,234057008.155089
248,2025-08-12,3.1294,3.3065,3.1047,3.2676,67939654.79,218457357.320509
247,2025-08-13,3.2676,3.3355,3.2026,3.275,70456860.37,230025670.867951
246,2025-08-14,3.275,3.352,2.9814,3.0795,120622978.66,382591850.522256
245,2025-08-15,3.0795,3.1426,3.0023,3.0779,59230064.6,182699497.06934
244,2025-08-16,3.0779,3.1556,3.0715,3.1053,32847218.57,102355668.570407
243,2025-08-17,3.1053,3.1474,3.0775,3.0873,27276733.51,84967793.200864
242,2025-08-18,3.0873,3.0962,2.9402,3.0615,80583921.94,242558473.541386
241,2025-08-19,3.0615,3.0806,2.8483,2.8605,65496022.54,193833388.609529
240,2025-08-20,2.8605,2.9899,2.8187,2.9514,58859446.34,170552289.999109
239,2025-08-21,2.9514,2.9584,2.8399,2.8517,39122772.07,113543752.316414
238,2025-08-22,2.8517,3.1056,2.7826,3.0743,91230274.13,270368290.448845
237,2025-08-23,3.0743,3.0751,2.9698,3.0484,32563527.74,98717361.576015
236,2025-08-24,3.0484,3.1275,2.9873,3.0256,48509922.28,147601544.562918
235,2025-08-25,3.0256,3.0533,2.822,2.8578,58272411.39,170456114.22898
234,2025-08-26,2.8578,3.0818,2.8455,3.0123,63538768.17,187457728.010447
233,2025-08-27,3.0123,3.0451,2.9622,2.969,57571894.99,172872501.066425
232,2025-08-28,2.969,3.0255,2.9433,2.9665,32807273.1,98210254.67221
231,2025-08-29,2.9665,2.9768,2.7715,2.8193,82391585.18,235432832.288454
230,2025-08-30,2.8193,2.8352,2.7598,2.818,28539418.61,80000341.518242
229,2025-08-31,2.818,2.8682,2.7708,2.7759,26721934.07,75439848.75961
228,2025-09-01,2.7759,2.839,2.6971,2.7588,61966505.42,171087599.787018
227,2025-09-02,2.7588,2.8638,2.7484,2.8616,52306937.13,146782210.607374
226,2025-09-03,2.8616,2.8862,2.8107,2.8441,30623563.54,87212351.196459
225,2025-09-04,2.8441,2.8619,2.7844,2.7946,30147168.64,85253022.260321
224,2025-09-05,2.7946,2.8849,2.778,2.8147,51386060.3,145760676.047129
223,2025-09-06,2.8147,2.8288,2.7928,2.8096,11914399.26,33466455.840114
222,2025-09-07,2.8096,2.9282,2.8091,2.8772,26478658.57,76099280.409517
221,2025-09-08,2.8772,2.9961,2.8627,2.9702,39846233.75,117287226.847238
220,2025-09-09,2.9702,3.0364,2.9339,2.9471,48193597.62,143882615.288444
219,2025-09-10,2.9471,3.0238,2.9357,2.9833,31283028.9,93361097.17464
218,2025-09-11,2.9833,3.0491,2.9498,3.04,56556193.0,170019779.189142
217,2025-09-12,3.04,3.1376,3.018,3.1055,51093935.87,156648921.113254
216,2025-09-13,3.1055,3.1859,3.0891,3.1192,45929394.54,143921221.896196
215,2025-09-14,3.1192,3.1267,3.01,3.0279,33288583.21,101950725.010302
214,2025-09-15,3.0279,3.0669,2.9537,2.9971,47325535.79,142371832.745754
213,2025-09-16,2.9971,3.0586,2.9641,3.038,37418562.14,113025814.108198
212,2025-09-17,3.038,3.1076,2.9823,3.0841,54168742.64,164334979.785514
211,2025-09-18,3.0841,3.1399,3.055,3.0733,52922583.67,164132795.99517
210,2025-09-19,3.0733,3.0936,2.9791,2.9901,37988050.39,114928062.831038
209,2025-09-20,2.9901,3.0092,2.9658,2.9753,16784279.91,50098798.02283
208,2025-09-21,2.9753,3.0138,2.9531,2.9703,17836724.22,53178143.382366
207,2025-09-22,2.9703,2.9755,2.6743,2.8522,114786876.64,325807594.628825
206,2025-09-23,2.8522,2.8965,2.7995,2.8248,49415342.87,141222620.009579
205,2025-09-24,2.8248,2.9956,2.7883,2.9255,57636077.58,167092038.236443
204,2025-09-25,2.9255,2.9445,2.7234,2.7431,90301003.41,254358458.450669
203,2025-09-26,2.7431,2.8092,2.6988,2.7834,56227357.93,154835453.254349
202,2025-09-27,2.7834,2.8287,2.7618,2.8045,20804614.23,58001070.272395
201,2025-09-28,2.8045,2.8675,2.7664,2.8674,22569870.48,63383687.194658
200,2025-09-29,2.8674,2.9287,2.8451,2.8799,39487350.33,113666871.796803
199,2025-09-30,2.8799,2.9071,2.8133,2.8468,37093226.16,106059482.051368
198,2025-10-01,2.8468,2.9619,2.8143,2.949,41946577.88,122066589.175076
197,2025-10-02,2.949,3.1004,2.9407,3.0387,64134035.16,192859298.784753
196,2025-10-03,3.0387,3.0949,3.0044,3.0402,61450459.83,186897860.281828
195,2025-10-04,3.0402,3.0524,2.9391,2.9687,33194607.32,99116556.008016
194,2025-10-05,2.9687,3.0718,2.9465,2.9695,39364579.01,118574003.285297
193,2025-10-06,2.9695,3.0506,2.9551,2.9881,45406995.13,136398782.384954
192,2025-10-07,2.9881,3.0015,2.8486,2.8518,57492390.32,168008649.653787
191,2025-10-08,2.8518,2.9247,2.8302,2.8799,32269911.17,92765292.720709
190,2025-10-09,2.8799,2.8805,2.7713,2.8024,41515435.88,116846178.705351
189,2025-10-10,2.8024,2.8371,1.2442,2.3586,192411451.57,465779551.075162
188,2025-10-11,2.3586,2.5057,2.2942,2.3813,183690550.28,442029424.086918
187,2025-10-12,2.3813,2.5834,2.3088,2.5279,126631623.59,307489909.335073
186,2025-10-13,2.5279,2.6466,2.5124,2.6052,109170699.03,282336523.856167
185,2025-10-14,2.6052,2.6209,2.3887,2.5028,123752695.08,307710278.934997
184,2025-10-15,2.5028,2.5475,2.3753,2.4111,71656292.51,176946637.293503
183,2025-10-16,2.4111,2.4665,2.2837,2.3281,90584797.05,215425501.259884
182,2025-10-17,2.3281,2.4,2.1898,2.2935,100049247.3,228733141.705061
181,2025-10-18,2.2935,2.3914,2.2894,2.36,35849128.84,84148318.971429
180,2025-10-19,2.36,2.4196,2.3178,2.3909,33618143.48,80022665.966831
179,2025-10-20,2.3909,2.553,2.3542,2.4949,54324573.19,133895328.854225
178,2025-10-21,2.4949,2.5323,2.4009,2.4221,49301538.99,121173778.759363
177,2025-10-22,2.4221,2.438,2.3246,2.3647,52886397.16,126412474.352666
176,2025-10-23,2.3647,2.4263,2.3617,2.3949,37284749.03,89371261.211182
175,2025-10-24,2.3949,2.515,2.3866,2.5107,51157720.08,126274845.884698
174,2025-10-25,2.5107,2.6542,2.5028,2.5962,47483647.29,122145027.613507
173,2025-10-26,2.5962,2.6638,2.5923,2.6464,41806750.21,109972517.398805
172,2025-10-27,2.6464,2.698,2.6012,2.6341,56282941.13,149205156.88738
171,2025-10-28,2.6341,2.6886,2.5681,2.6035,50905980.95,134082189.261727
170,2025-10-29,2.6035,2.6642,2.5374,2.5504,44919615.18,117370843.315147
169,2025-10-30,2.5504,2.594,2.3764,2.4388,79649418.48,198411256.202819
168,2025-10-31,2.4388,2.5544,2.4335,2.5093,44794944.65,112038664.836281
167,2025-11-01,2.5093,2.5237,2.4763,2.5054,13713693.96,34320703.160717
166,2025-11-02,2.5054,2.5548,2.4781,2.5264,19141145.99,48130095.069913
165,2025-11-03,2.5264,2.5324,2.2632,2.3089,84521857.87,201140738.270701
164,2025-11-04,2.3089,2.3654,2.067,2.2051,129697708.54,289161275.794025
163,2025-11-05,2.2051,2.3768,2.1018,2.3432,98423976.24,221966406.820852
162,2025-11-06,2.3432,2.4162,2.1795,2.2132,78651344.02,179186672.227443
161,2025-11-07,2.2132,2.3724,2.1538,2.3158,73816982.6,165945919.382815
160,2025-11-08,2.3158,2.3373,2.2425,2.2866,35364627.73,81291058.508965
159,2025-11-09,2.2866,2.3955,2.2393,2.3664,41056316.55,94543194.986874
158,2025-11-10,2.3664,2.5807,2.3461,2.526,73934440.98,185073767.090751
157,2025-11-11,2.526,2.5699,2.3789,2.3913,52578117.91,129370527.684259
156,2025-11-12,2.3913,2.4488,2.3161,2.3879,56695461.66,135552664.916913
155,2025-11-13,2.3879,2.5263,2.2767,2.3219,100094693.8,241179192.317647
154,2025-11-14,2.3219,2.3419,2.2254,2.2441,96898243.58,221760536.108172
153,2025-11-15,2.2441,2.3033,2.2113,2.2373,35688744.04,80742530.914045
152,2025-11-16,2.2373,2.2803,2.1557,2.2149,51381826.96,113781236.346572
151,2025-11-17,2.2149,2.3078,2.1146,2.1637,84703890.55,186818328.907694
150,2025-11-18,2.1637,2.2414,2.1068,2.2173,83233623.45,181357941.017511
149,2025-11-19,2.2173,2.2198,2.0263,2.1096,85248840.05,180106796.340255
148,2025-11-20,2.1096,2.1497,1.975,1.9998,95502413.22,197030799.872617
147,2025-11-21,1.9998,2.0309,1.821,1.9509,128582299.1,248874114.197358
146,2025-11-22,1.9509,1.9674,1.8886,1.9507,39206566.9,75570423.504074
145,2025-11-23,1.9507,2.0845,1.9496,2.0492,49833940.27,101773463.401226
144,2025-11-24,2.0492,2.2861,2.0236,2.2278,97999236.27,209241362.574535
143,2025-11-25,2.2278,2.2653,2.1483,2.2025,65917555.17,145714772.497372
142,2025-11-26,2.2025,2.2547,2.1448,2.2231,47473810.2,104169779.391922
141,2025-11-27,2.2231,2.237,2.1729,2.1999,34113367.02,75297508.939041
140,2025-11-28,2.1999,2.2753,2.1561,2.1797,64240414.56,141602973.113022
139,2025-11-29,2.1797,2.2248,2.1666,2.2009,30111123.14,66245413.014267
138,2025-11-30,2.2009,2.215,2.152,2.1549,25120109.79,55076552.465736
137,2025-12-01,2.1549,2.161,1.9837,2.0301,66745508.52,136248251.951125
136,2025-12-02,2.0301,2.1833,1.9953,2.1532,53561717.72,112647733.895489
135,2025-12-03,2.1532,2.2192,2.1415,2.1973,50257056.01,109671452.925554
134,2025-12-04,2.1973,2.2146,2.0694,2.0959,43290363.01,92478253.890223
133,2025-12-05,2.0959,2.1128,2.0118,2.0344,44869569.29,92462162.3595
132,2025-12-06,2.0344,2.0507,2.0152,2.0307,22492049.04,45694827.791127
131,2025-12-07,2.0307,2.111,1.9892,2.0441,40498630.71,82746623.029658
130,2025-12-08,2.0441,2.1239,2.0318,2.0723,31917824.88,66543460.966828
129,2025-12-09,2.0723,2.1779,2.0418,2.1063,47348458.71,99870392.107213
128,2025-12-10,2.1063,2.1103,2.0346,2.0417,52378191.27,108526389.446491
127,2025-12-11,2.0417,2.0572,1.9779,2.0339,48521069.03,97557790.141813
126,2025-12-12,2.0339,2.0482,1.969,2.0075,32581019.54,65616621.347531
125,2025-12-13,2.0075,2.0483,2.0068,2.0228,20581223.95,41765528.934054
124,2025-12-14,2.0228,2.0303,1.9535,1.9782,22831577.33,45617584.825813
123,2025-12-15,1.9782,2.0141,1.8692,1.8982,41149952.23,79768637.968695
122,2025-12-16,1.8982,1.9491,1.8524,1.9294,37512359.14,71526949.380202
121,2025-12-17,1.9294,1.9875,1.8475,1.8625,53138138.9,101343146.748614
120,2025-12-18,1.8625,1.9339,1.8008,1.8075,55938303.66,104160675.437553
119,2025-12-19,1.8075,1.9215,1.7715,1.9093,61836443.07,114990328.80963
118,2025-12-20,1.9093,1.9587,1.8938,1.9333,20828429.97,40131519.406352
117,2025-12-21,1.9333,1.9497,1.8949,1.9221,19356493.75,37147934.527428
116,2025-12-22,1.9221,1.9496,1.8916,1.9044,42528980.98,81706931.174944
115,2025-12-23,1.9044,1.91,1.8636,1.8735,32276938.98,60900919.116288
114,2025-12-24,1.8735,1.8782,1.8371,1.8628,24371206.21,45372428.987444
113,2025-12-25,1.8628,1.8896,1.8288,1.8324,21556999.89,40133121.130793
112,2025-12-26,1.8324,1.8833,1.8245,1.8439,35782324.71,66445138.137939
111,2025-12-27,1.8439,1.8785,1.8422,1.8734,11553613.09,21412583.053309
110,2025-12-28,1.8734,1.8799,1.8531,1.8654,12735806.41,23804553.273354
109,2025-12-29,1.8654,1.918,1.8451,1.8502,38546672.32,72351257.906898
108,2025-12-30,1.8502,1.8863,1.8437,1.8775,34630398.42,64572449.620425
107,2025-12-31,1.8775,1.8839,1.8123,1.8423,31761993.76,58924746.22595
106,2026-01-01,1.8423,1.8809,1.826,1.8797,20601356.77,38236640.445389
105,2026-01-02,1.8797,2.0311,1.869,2.0068,46372925.56,90331767.338918
104,2026-01-03,2.0068,2.0562,1.9843,2.0183,30216958.09,60959058.475203
103,2026-01-04,2.0183,2.1205,2.0163,2.0908,29556006.71,61327892.872
102,2026-01-05,2.0908,2.3689,2.0877,2.3475,69795835.02,154434277.473402
101,2026-01-06,2.3475,2.4167,2.2046,2.3044,84544834.96,197336320.840472
100,2026-01-07,2.3044,2.3205,2.1521,2.1656,36673164.18,82032211.740877
99,2026-01-08,2.1656,2.1923,2.0666,2.1232,56669688.27,120338378.945581
98,2026-01-09,2.1232,2.1618,2.0726,2.096,36676709.13,77336698.083871
97,2026-01-10,2.096,2.1106,2.0806,2.0907,9223251.88,19314656.046243
96,2026-01-11,2.0907,2.1099,2.0457,2.0742,14924855.32,31058421.96371
95,2026-01-12,2.0742,2.1088,2.0349,2.054,42129102.64,87047422.418559
94,2026-01-13,2.054,2.1847,2.0478,2.1655,39335187.13,82760259.559335
93,2026-01-14,2.1655,2.1921,2.1114,2.1392,45352321.63,97644949.269061
92,2026-01-15,2.1392,2.1437,2.0534,2.0785,32490414.44,68152588.531407
91,2026-01-16,2.0785,2.0866,2.0265,2.0678,25352138.23,52228155.30834
90,2026-01-17,2.0678,2.0831,2.054,2.0631,11117872.59,22993083.082633
89,2026-01-18,2.0631,2.0681,1.9861,1.9915,15690630.64,32009326.06353
88,2026-01-19,1.9915,2.0295,1.8453,1.986,54112257.03,106108722.39352
87,2026-01-20,1.986,1.9912,1.8692,1.8897,38246537.93,73804402.016206
86,2026-01-21,1.8897,1.99,1.8712,1.9474,44626803.71,85843122.226545
85,2026-01-22,1.9474,1.9677,1.9013,1.9238,26849390.15,51981249.289448
84,2026-01-23,1.9238,1.9656,1.8868,1.9195,31170955.66,59866971.302629
83,2026-01-24,1.9195,1.9275,1.9101,1.9145,8312052.04,15952845.684647
82,2026-01-25,1.9145,1.9169,1.8108,1.8356,44498696.22,82351634.764249
81,2026-01-26,1.8356,1.9459,1.8331,1.9041,45742815.56,86890255.495968
80,2026-01-27,1.9041,1.9304,1.8741,1.9158,23828971.87,45314137.295028
79,2026-01-28,1.9158,1.9428,1.8941,1.9114,30769165.73,58977018.642466
78,2026-01-29,1.9114,1.9135,1.7777,1.8073,68725392.07,125315561.715035
77,2026-01-30,1.8073,1.8125,1.7109,1.7353,78084414.27,136911214.209042
76,2026-01-31,1.7353,1.7548,1.5031,1.6471,103746377.22,168452931.909291
75,2026-02-01,1.6471,1.6801,1.5526,1.5909,58534879.65,95099494.413803
74,2026-02-02,1.5909,1.6571,1.5305,1.6198,71370464.23,113935690.516981
73,2026-02-03,1.6198,1.6345,1.5275,1.579,47517249.67,75677523.378553
72,2026-02-04,1.579,1.6121,1.4948,1.5119,70113487.24,109373387.708928
71,2026-02-05,1.5119,1.5153,1.1378,1.2146,193968460.33,252339989.668667
70,2026-02-06,1.2146,1.5437,1.1185,1.4697,194871971.54,261973961.010765
69,2026-02-07,1.4697,1.4877,1.3856,1.423,85519805.81,122459887.720252
68,2026-02-08,1.423,1.4693,1.4098,1.4309,36257819.19,52149323.348585
67,2026-02-09,1.4309,1.4643,1.3726,1.4368,52178582.34,74432681.132707
66,2026-02-10,1.4368,1.4531,1.392,1.4001,35173179.28,49934970.559282
65,2026-02-11,1.4001,1.4203,1.3422,1.3697,58639516.06,80670609.002808
64,2026-02-12,1.3697,1.4081,1.3462,1.3634,34826174.38,47991513.715555
63,2026-02-13,1.3634,1.4283,1.3485,1.4069,35051021.12,48571256.731077
62,2026-02-14,1.4069,1.5138,1.405,1.5093,25115384.31,36718123.040681
61,2026-02-15,1.5093,1.671,1.4452,1.4751,79125859.47,122455833.680033
60,2026-02-16,1.4751,1.5164,1.4485,1.4875,37145093.72,55084596.654059
59,2026-02-17,1.4875,1.4949,1.4272,1.474,27568594.27,40499136.916944
58,2026-02-18,1.474,1.4938,1.4104,1.4218,25229117.09,36746919.430621
57,2026-02-19,1.4218,1.4382,1.3819,1.4069,30033824.58,42297663.431638
56,2026-02-20,1.4069,1.439,1.3773,1.4294,32970100.93,46741615.543037
55,2026-02-21,1.4294,1.4644,1.4197,1.4305,13411455.42,19306595.79637
54,2026-02-22,1.4305,1.4339,1.38,1.3931,12205696.1,17129372.342257
53,2026-02-23,1.3931,1.425,1.3302,1.3521,41824846.28,57251255.228817
52,2026-02-24,1.3521,1.3676,1.3126,1.3481,32403860.95,43484869.415036
51,2026-02-25,1.3481,1.4936,1.3405,1.4338,59671546.44,84940200.53252
50,2026-02-26,1.4338,1.4691,1.3825,1.4025,42371670.2,60242139.868584
49,2026-02-27,1.4025,1.4261,1.3378,1.3564,48413825.6,66434145.676292
48,2026-02-28,1.3564,1.3929,1.2702,1.3762,60209310.42,79762164.114384
47,2026-03-01,1.3762,1.4332,1.3372,1.3525,41403216.78,57425179.160011
46,2026-03-02,1.3525,1.4233,1.334,1.39,43041437.48,59544026.389436
45,2026-03-03,1.39,1.3952,1.3366,1.3607,31138729.26,42402212.817224
44,2026-03-04,1.3607,1.4727,1.3452,1.4311,60544944.5,85568968.580354
43,2026-03-05,1.4311,1.4525,1.396,1.4036,31984281.23,45436729.16573
42,2026-03-06,1.4036,1.4146,1.3457,1.3634,35009017.07,48075477.681774
41,2026-03-07,1.3634,1.3749,1.3468,1.3567,13932904.23,18959772.325785
40,2026-03-08,1.3567,1.3713,1.3218,1.3403,21834877.84,29429129.667976
39,2026-03-09,1.3403,1.3839,1.333,1.3632,30257194.26,41140586.461392
38,2026-03-10,1.3632,1.4427,1.3609,1.3866,50578080.47,70940980.397995
37,2026-03-11,1.3866,1.411,1.3704,1.3846,28019549.59,38863254.44631
36,2026-03-12,1.3846,1.3933,1.365,1.385,28191975.47,38865951.01234
35,2026-03-13,1.385,1.4529,1.3833,1.3989,59858783.31,84943875.095589
34,2026-03-14,1.3989,1.4085,1.3844,1.4062,14725443.81,20529347.249954
33,2026-03-15,1.4062,1.4645,1.4023,1.4488,25478395.31,36398720.584396
32,2026-03-16,1.4488,1.5522,1.436,1.5428,58863875.57,87830812.03426
31,2026-03-17,1.5428,1.6069,1.4939,1.5181,74593721.5,114443263.279282
30,2026-03-18,1.5181,1.5412,1.436,1.4647,41219653.03,61028669.771144
29,2026-03-19,1.4647,1.4825,1.4221,1.4476,30867706.12,44832272.149385
28,2026-03-20,1.4476,1.4664,1.425,1.445,22473811.72,32486777.875808
27,2026-03-21,1.445,1.4532,1.4001,1.4088,11879480.52,17035514.310138
26,2026-03-22,1.4088,1.4264,1.3716,1.3849,20002961.42,27955187.58319
25,2026-03-23,1.3849,1.466,1.3618,1.4322,46175650.68,65496000.49315
24,2026-03-24,1.4322,1.4351,1.3838,1.4159,23695279.87,33367516.412385
23,2026-03-25,1.4159,1.4381,1.402,1.4146,22414540.49,31797916.307426
22,2026-03-26,1.4146,1.4165,1.3358,1.3609,34577153.78,47308775.922739
21,2026-03-27,1.3609,1.3726,1.3182,1.3257,32641219.33,43675180.615104
20,2026-03-28,1.3257,1.3584,1.3192,1.3333,13585508.12,18196069.536893
19,2026-03-29,1.3333,1.3433,1.2953,1.3277,15935151.29,21108601.980272
18,2026-03-30,1.3277,1.3669,1.3169,1.3239,28755949.71,38704858.238092
17,2026-03-31,1.3239,1.3502,1.3041,1.341,38587105.74,51102186.951767
16,2026-04-01,1.341,1.3683,1.3312,1.3476,33128978.89,44745234.209484
15,2026-04-02,1.3476,1.3569,1.2804,1.3198,36753615.75,48090533.276273
14,2026-04-03,1.3198,1.3354,1.3032,1.3184,18629566.1,24569089.858891
13,2026-04-04,1.3184,1.3226,1.3067,1.3153,9447888.47,12413121.406839
12,2026-04-05,1.3153,1.3321,1.2782,1.3263,18458156.7,24050555.130614
11,2026-04-06,1.3263,1.3574,1.3123,1.3211,27352089.61,36671339.04555
10,2026-04-07,1.3211,1.396,1.2948,1.3787,35728485.79,47525597.301901
9,2026-04-08,1.3787,1.3898,1.339,1.3429,31227927.5,42806216.427051
8,2026-04-09,1.3429,1.3696,1.322,1.3437,33167543.23,44398517.498647
7,2026-04-10,1.3437,1.3659,1.3351,1.3559,23800129.88,32057186.776388
6,2026-04-11,1.3559,1.3751,1.3394,1.3544,16425893.22,22217328.99625
5,2026-04-12,1.3544,1.3559,1.3193,1.3246,20949918.03,27864909.13996
4,2026-04-13,1.3246,1.3841,1.3196,1.3755,24463474.47,32942020.135184
3,2026-04-14,1.3755,1.3953,1.3523,1.3616,26525834.64,36336543.963708
2,2026-04-15,1.3616,1.4082,1.35,1.3919,33638082.7,46216369.683229
1,2026-04-16,1.3919,1.4662,1.3866,1.4527,41067135.87,58447444.001954
0,2026-04-17,1.4527,1.4591,1.4224,1.4366,19476277.89,27985791.053694
